loan_id,borrower_id,loan_type,origination_date,maturity_date,original_principal,current_balance,interest_rate,term_months,borrower_state,loan_purpose,credit_grade,employment_length,income_band,payment_status,days_past_due,servicer_name,last_payment_date,last_updated_at,document_status,source_system
L-100000,B-93810,Auto,2018-04-13,2028-02-20,126221.47,26712.29,0.0423,120,WV,Medical Expenses,A,18 years,>150k,Current,0,Alpha Servicing,2018-08-16,2024-04-08,Available,OriginatePro
L-100001,B-95181,Student,2020-06-21,2050-01-15,296686.51,221786.33,0.0308,360,HI,Other,D,10 years,100k-150k,Current,118,Gamma Collections,2020-11-02,2024-02-13,Available,LendingWeb
L-100002,B-55082,Personal,2018-06-27,2048-01-21,270432.91,237573.31,0.0754,360,OK,Credit Card Refinancing,G,20 years,100k-150k,Charged Off,80,Alpha Servicing,2018-09-11,2024-04-25,Pending,Legacy
L-100003,B-40512,Auto,2022-04-06,2032-02-13,229438.1,176045.18,0.0495,120,MN,Home Improvement,F,8 years,<50k,Charged Off,193,Beta Loan Servicers,2023-11-03,2024-04-06,Expired,Manual
L-100004,B-45382,Mortgage,2021-08-21,2024-08-05,118378.8,14877.87,0.0679,36,LA,Debt Consolidation,B,18 years,100k-150k,Late (16-30 days),26,Delta Financial,2022-10-30,2024-08-05,Pending,OriginatePro
L-100005,B-42325,Personal,2022-10-21,2052-05-16,184188.24,165375.37,0.36561783013837584,360,NY,Debt Consolidation,G,1 years,<50k,Late (16-30 days),26,Beta Loan Servicers,2025-02-08,2024-07-20,Available,Manual
,B-60019,Student,2023-12-08,2033-10-16,485683.8,383021.79,0.0314,120,WA,Debt Consolidation,F,17 years,100k-150k,Closed,0,Gamma Collections,2024-04-30,2024-05-14,Missing,Manual
L-100007,B-10425,Personal,2023-08-13,2028-07-17,256302.43,47448.92,0.105,60,SD,Medical Expenses,E,6 years,50k-100k,Late (31-120 days),72,Alpha Servicing,2025-05-17,2024-06-16,Available,Legacy
L-100008,B-57576,Personal,2020-09-07,2023-08-23,124231.44,68810.0,0.0395,36,WA,Major Purchase,G,2 years,50k-100k,Late (16-30 days),26,Delta Financial,2023-06-03,2024-03-09,Expired,OriginatePro
L-100009,B-80686,Mortgage,2021-06-30,2051-01-24,497598.93,308462.79,-0.048925442828963224,360,ND,Major Purchase,A,7 years,50k-100k,Current,0,Gamma Collections,2021-08-20,2024-04-19,Missing,Legacy
L-101203,B-19305,Auto,2020-07-26,2023-07-11,453182.91,356975.95,0.0385,36,KS,Credit Card Refinancing,F,15 years,50k-100k,Charged Off,64,Delta Financial,2021-04-30,2024-08-26,Expired,OriginatePro
L-100011,B-22363,Auto,2022-11-01,2032-09-09,214671.42,101672.62,0.1175,120,UT,Other,F,3 years,<50k,Default,117,Alpha Servicing,2023-08-12,2024-04-07,Expired,OriginatePro
L-100012,B-65296,Mortgage,2021-02-14,2050-09-10,128654.19,107891.01,0.0832,360,OK,Debt Consolidation,A,20 years,<50k,Current,0,Beta Loan Servicers,2021-09-02,2024-07-16,Expired,OriginatePro
L-100013,B-62565,Auto,2019-11-06,2049-06-01,6066.91,2501.61,0.1412,360,NJ,Credit Card Refinancing,D,17 years,>150k,Late (16-30 days),19,Gamma Collections,2020-07-15,2024-01-19,Available,LendingWeb
L-100014,B-17492,Auto,2023-05-07,2028-04-10,33155.39,16785.34,0.1322,60,CA,Medical Expenses,A,7 years,>150k,Current,108,Beta Loan Servicers,2025-01-18,2024-01-20,Available,Manual
L-100015,B-96163,Personal,2020-12-04,2025-11-08,336514.36,118233.34,0.0619,60,FL,Other,F,9 years,>150k,Late (31-120 days),49,Alpha Servicing,2022-04-17,2024-02-03,Missing,LendingWeb
L-100016,B-27361,Personal,2018-10-09,2023-09-13,187915.91,42506.1,0.13,60,VA,Credit Card Refinancing,E,20 years,<50k,Fully Paid,0,Gamma Collections,2021-06-19,2024-02-05,Pending,Legacy
L-100017,B-24029,Mortgage,2021-01-20,2030-11-29,304390.76,205186.69,0.0544,120,SD,Credit Card Refinancing,E,15 years,100k-150k,Closed,0,Alpha Servicing,2021-05-24,2024-07-27,Pending,Legacy
L-100018,B-10464,Personal,2019-06-20,2029-04-28,84983.08,38537.14,0.1147,120,OK,Debt Consolidation,A,2 years,50k-100k,Charged Off,40,Gamma Collections,2021-03-07,2024-03-14,Missing,Legacy
L-100019,B-50404,Personal,2018-06-13,2028-04-21,108987.89,32655.36,0.0423,120,WY,Medical Expenses,G,13 years,50k-100k,Late (16-30 days),29,Beta Loan Servicers,2020-10-09,2024-03-14,Available,OriginatePro
L-100020,B-53540,Student,2020-10-13,2030-08-22,83802.93,55395.63,0.0759,120,AZ,Major Purchase,B,6 years,>150k,Late (31-120 days),109,Beta Loan Servicers,2021-06-28,2024-01-22,Missing,Manual
L-100021,B-53025,Personal,2018-10-12,2028-08-20,178817.33,90754.18,0.1115,120,OH,Credit Card Refinancing,A,3 years,100k-150k,Late (16-30 days),25,Gamma Collections,2018-12-20,2024-02-20,Expired,LendingWeb
L-100022,B-51114,Student,2023-09-26,2026-09-10,195671.74,109824.76,0.0606,36,VA,Major Purchase,A,16 years,50k-100k,Late (31-120 days),141,Alpha Servicing,2025-09-05,2024-06-20,Pending,Legacy
L-100023,B-49363,Personal,2022-07-31,2032-06-08,204188.19,68714.26,0.0453,120,NE,Other,D,5 years,100k-150k,Default,171,Alpha Servicing,2023-07-07,2024-05-07,Expired,LendingWeb
L-100346,B-70946,Student,2022-12-17,2027-11-21,258031.13,189649.87,0.1452,60,WV,Home Improvement,F,2 years,100k-150k,Charged Off,200,Gamma Collections,2023-04-21,2024-04-22,Pending,OriginatePro
L-100025,B-36100,Mortgage,2018-04-11,2021-03-26,126197.06,60588.35,0.132,36,CA,Major Purchase,D,20 years,50k-100k,Fully Paid,0,Delta Financial,2019-09-29,2024-07-08,Missing,Legacy
L-100026,B-23970,Student,2020-06-15,2025-05-20,403034.38,264684.54,0.0857,60,OK,Home Improvement,G,3 years,>150k,Late (16-30 days),28,Delta Financial,2022-05-29,2024-06-25,Expired,Manual
L-100027,B-81810,Student,2019-10-14,2049-05-09,227784.53,159772.95,0.1308,360,LA,Medical Expenses,D,20 years,50k-100k,Late (31-120 days),143,Alpha Servicing,2021-11-12,2024-05-08,Pending,LendingWeb
,B-51904,Auto,2019-07-21,2024-06-24,119474.43,78274.85,0.1148,60,CA,Major Purchase,D,10 years,>150k,Default,46,Beta Loan Servicers,2021-12-19,2024-07-13,Available,Manual
L-100029,B-72518,Auto,2021-12-11,2031-10-20,377970.19,295859.33,0.36137737001236686,120,NE,Medical Expenses,F,17 years,50k-100k,Default,87,Gamma Collections,2023-04-01,2024-08-01,Expired,LendingWeb
L-100030,B-97670,Student,2019-11-08,2049-06-03,460173.1,407058.81,0.0941,360,MT,Medical Expenses,E,0 years,<50k,Fully Paid,0,Delta Financial,2020-04-24,2024-08-06,Available,LendingWeb
L-100031,B-59689,Personal,2020-05-16,2049-12-10,166788.67,118250.46,0.0755,360,WI,Major Purchase,C,2 years,>150k,Current,0,Alpha Servicing,2021-06-08,2024-04-21,Available,Legacy
L-100032,B-14067,Mortgage,2020-03-27,2023-03-12,312561.15,90904.02,0.0868,36,DE,Medical Expenses,B,14 years,100k-150k,Closed,0,Gamma Collections,2020-10-14,2024-02-25,Missing,LendingWeb
L-100033,B-24168,Auto,2021-07-01,2051-01-25,201343.95,135305.5,0.0391,360,VT,Other,B,3 years,100k-150k,Closed,0,Alpha Servicing,2023-10-24,2024-01-12,Expired,LendingWeb
L-100034,B-19038,Personal,2018-02-21,2047-09-17,412053.8,75995.53,0.1453,360,SD,Major Purchase,F,4 years,>150k,Late (16-30 days),27,Gamma Collections,2019-12-13,2024-08-15,Expired,LendingWeb
L-100035,B-52245,Mortgage,2018-12-21,2028-10-29,441407.44,130255.25,0.0858,120,SC,Other,D,10 years,<50k,Default,114,Beta Loan Servicers,2020-06-02,2024-04-12,Pending,LendingWeb
L-100036,B-46655,Personal,2018-02-11,2023-01-16,47378.42,32030.64,0.0886,60,WI,Home Improvement,F,15 years,>150k,Default,35,Alpha Servicing,2019-01-08,2024-04-13,Missing,LendingWeb
L-100037,B-97026,Personal,2023-04-23,2033-03-01,215624.39,150235.94,0.0697,120,VT,Major Purchase,C,9 years,100k-150k,Late (16-30 days),17,Beta Loan Servicers,2024-04-10,2024-02-24,Missing,OriginatePro
L-100038,B-38361,Student,2021-02-06,2030-12-16,490352.76,375660.57,0.0655,120,MS,Home Improvement,C,0 years,50k-100k,Late (31-120 days),42,Alpha Servicing,2022-09-25,2024-05-23,Missing,Manual
L-100039,B-23446,Auto,2021-03-10,2050-10-04,241963.53,90147.08,0.1459,360,KY,Major Purchase,A,2 years,>150k,Default,49,Alpha Servicing,2021-09-11,2024-03-26,Pending,Legacy
L-100040,B-42530,Auto,2022-09-01,2027-08-06,388968.3,157260.83,0.139,60,MD,Medical Expenses,D,9 years,<50k,Charged Off,56,Beta Loan Servicers,2024-07-02,2024-04-09,Available,OriginatePro
L-100041,B-41439,Mortgage,2018-11-04,2023-10-09,6324.48,2911.81,0.1013,60,ME,Debt Consolidation,B,9 years,100k-150k,Fully Paid,0,Delta Financial,2019-02-14,2024-04-09,Missing,Manual
L-100042,B-25043,Mortgage,2019-09-03,2029-07-12,414182.42,65079.6,0.0499,120,MD,Medical Expenses,F,18 years,100k-150k,Default,62,Delta Financial,2021-09-07,2024-05-23,Expired,LendingWeb
L-100043,B-75597,Student,2022-11-29,2025-11-13,301028.15,244295.88,0.1181,36,RI,Credit Card Refinancing,A,2 years,50k-100k,Fully Paid,0,Alpha Servicing,2025-02-19,2024-05-19,Available,OriginatePro
L-100044,B-71669,Student,2021-02-13,2026-01-18,498488.01,223675.55,0.1277,60,CO,Major Purchase,C,13 years,100k-150k,Late (31-120 days),57,Beta Loan Servicers,2022-02-15,2024-07-23,Expired,LendingWeb
L-100045,B-96846,Student,2018-05-31,2047-12-25,48589.6,14670.13,0.0439,360,WY,Major Purchase,G,16 years,<50k,Fully Paid,0,Delta Financial,2019-08-27,2024-01-07,Pending,Manual
L-100046,B-91973,Student,2018-07-31,2023-07-05,137192.84,28098.55,0.0646,60,VT,Major Purchase,A,0 years,50k-100k,Fully Paid,0,Beta Loan Servicers,2019-07-14,2024-01-18,Expired,Legacy
L-100047,B-39451,Auto,2023-03-06,2026-02-18,325616.3,72670.04,0.1419,36,ME,Medical Expenses,F,8 years,>150k,Closed,0,Delta Financial,2024-07-31,2024-04-15,Missing,Manual
L-100048,B-34983,Mortgage,2018-10-13,2028-08-21,387474.19,303597.61,0.0708,120,NC,Credit Card Refinancing,G,0 years,100k-150k,Fully Paid,0,Gamma Collections,2021-03-18,2024-08-28,Missing,Manual
L-100096,B-80592,Student,2021-11-14,2031-09-23,278199.12,148765.32,0.0846,120,MA,Home Improvement,F,7 years,>150k,Late (16-30 days),29,Delta Financial,2022-01-27,2024-06-24,Expired,Manual
L-100050,B-60604,Mortgage,2023-07-22,2026-07-06,67491.9,58872.03,0.0698,36,XX,Major Purchase,A,16 years,>150k,Current,0,Beta Loan Servicers,2024-10-13,2024-03-03,Expired,LendingWeb
L-100051,B-54375,Student,2018-11-25,2028-10-03,426908.96,336179.6,0.0756,120,MA,Other,F,15 years,<50k,Charged Off,48,Beta Loan Servicers,2020-10-01,2024-05-08,Available,Manual
L-100052,B-22903,Auto,2022-12-23,2027-11-27,348530.58,286749.79,0.0355,60,AR,Credit Card Refinancing,C,11 years,>150k,Late (16-30 days),19,Delta Financial,2024-08-23,2024-03-06,Missing,Legacy
L-100053,B-89887,Student,2020-09-13,2050-04-09,456850.36,97991.74,0.0853,360,KY,Major Purchase,C,0 years,>150k,Late (31-120 days),170,Beta Loan Servicers,2020-12-27,2024-08-12,Pending,Manual
L-100054,B-42780,Student,2021-05-22,2026-04-26,499689.91,391091.49,0.0428,60,MO,Medical Expenses,C,18 years,100k-150k,Fully Paid,0,Gamma Collections,2021-07-13,2024-07-09,Available,Legacy
L-100055,B-89482,Student,2021-03-18,2026-02-20,305497.17,116656.16,0.1064,60,SC,Credit Card Refinancing,F,4 years,<50k,Fully Paid,0,Alpha Servicing,2022-02-27,2024-08-02,Pending,OriginatePro
L-100056,B-21813,Personal,2021-08-31,2051-03-27,91941.83,18914.99,0.0947,360,MS,Medical Expenses,E,8 years,50k-100k,Late (31-120 days),154,Gamma Collections,2023-11-03,2023-01-01,Available,Manual
L-100057,B-19869,Mortgage,2020-07-13,2050-02-06,483798.52,359786.5,0.0739,360,MT,Debt Consolidation,C,17 years,<50k,Default,125,Gamma Collections,2022-04-02,2024-07-27,Pending,Legacy
L-100058,B-98452,Mortgage,2023-04-16,2026-03-31,311675.7,266337.89,0.0694,36,SC,Home Improvement,F,2 years,>150k,Fully Paid,0,Gamma Collections,2025-03-10,2024-07-04,Missing,Legacy
L-100059,B-14877,Personal,2023-07-11,2026-06-25,53110.04,43008.91,0.0463,36,NJ,Credit Card Refinancing,F,17 years,>150k,Charged Off,70,Delta Financial,2025-06-10,2024-02-27,Expired,Manual
L-100060,B-46666,Auto,2022-02-26,2027-01-31,224474.63,193147.88,0.1327,60,CT,Other,C,17 years,100k-150k,Current,0,Delta Financial,2023-01-04,2024-04-04,Expired,Legacy
L-100061,B-96870,Mortgage,2018-03-29,2021-03-13,394463.32,116309.53,0.0451,36,OR,Home Improvement,A,17 years,50k-100k,Charged Off,86,Beta Loan Servicers,2019-03-30,2024-03-26,Available,LendingWeb
L-100062,B-28964,Mortgage,2020-10-23,2025-09-27,59413.54,47124.34,0.0458,60,MN,Home Improvement,E,10 years,<50k,Late (16-30 days),20,Alpha Servicing,2021-03-31,2024-07-17,Available,Legacy
L-100063,B-72422,Student,2022-01-22,2025-01-06,228742.68,63416.58,0.1038,36,WA,Other,E,9 years,>150k,Current,96,Alpha Servicing,2022-04-24,2024-08-28,Expired,Manual
L-100064,B-99928,Auto,2023-07-02,2053-01-25,41377.9,6812.14,0.103,360,XX,Home Improvement,C,19 years,100k-150k,Default,183,Gamma Collections,2024-11-07,2024-07-04,Available,OriginatePro
L-100065,B-66370,Student,2020-07-24,2050-02-17,172771.15,79958.34,0.0799,360,CT,Credit Card Refinancing,D,10 years,100k-150k,Late (31-120 days),70,Delta Financial,2020-10-30,2024-02-27,Available,Legacy
L-100066,B-66606,Auto,2022-03-07,2027-02-09,280403.51,159597.85,0.0974,60,MI,Other,A,13 years,100k-150k,Closed,0,Delta Financial,2024-09-10,2024-01-10,Pending,LendingWeb
L-100067,B-23579,Mortgage,2019-09-26,2049-04-21,116001.21,21642.89,0.1314,360,MS,Debt Consolidation,G,8 years,50k-100k,Closed,0,Delta Financial,2022-03-09,2024-01-20,Pending,Legacy
L-100068,B-33647,Personal,2023-01-01,2022-01-01,178756.59,43817.61,0.0472,120,TX,Major Purchase,A,4 years,<50k,Current,0,Beta Loan Servicers,2022-08-08,2024-07-15,Pending,OriginatePro
L-100069,B-58503,Personal,2021-08-21,2024-08-05,442254.38,99270.15,0.1205,36,AR,Other,A,8 years,>150k,Fully Paid,0,Delta Financial,2023-01-30,2024-08-14,Pending,OriginatePro
L-100070,B-77154,Auto,2021-11-14,2051-06-10,59890.44,38484.06,0.1012,360,ND,Other,C,1 years,50k-100k,Default,184,Alpha Servicing,2021-12-21,2024-04-10,Missing,OriginatePro
L-100071,B-43491,Personal,2021-09-05,2024-08-20,8826.3,6157.33,0.0511,36,MO,Medical Expenses,F,7 years,100k-150k,Current,0,Delta Financial,2024-03-05,2024-01-14,Available,Manual
L-100072,B-20205,Personal,2022-10-25,2052-05-20,356201.99,154646.93,0.0438,360,AK,Credit Card Refinancing,B,19 years,>150k,Closed,0,Gamma Collections,2023-02-22,2024-07-28,Available,OriginatePro
L-100073,B-67104,Student,2023-11-17,2026-11-01,200904.51,69958.9,0.0707,36,MI,Home Improvement,A,16 years,<50k,Charged Off,161,Beta Loan Servicers,2026-07-01,2024-06-12,Missing,OriginatePro
L-100074,B-23474,Mortgage,2020-11-14,2025-10-19,90882.02,20202.69,0.1211,60,CA,Home Improvement,G,20 years,>150k,Default,175,Delta Financial,2022-11-11,2024-06-28,Pending,OriginatePro
L-100075,B-67640,Auto,2023-04-05,2052-10-29,317535.63,234044.0,0.101,360,MN,Medical Expenses,A,9 years,>150k,Default,40,Alpha Servicing,2024-05-16,2024-05-03,Available,Manual
L-100076,B-70648,Auto,2023-01-17,2027-12-22,164155.75,78877.37,0.0481,60,AR,Major Purchase,A,10 years,<50k,Charged Off,196,Beta Loan Servicers,2023-03-28,2024-04-23,Expired,Manual
L-100077,B-78690,Mortgage,2022-01-30,2031-12-09,459378.71,188314.61,0.1229,120,UT,Medical Expenses,A,20 years,100k-150k,Current,0,Gamma Collections,2022-06-05,2024-07-10,Pending,OriginatePro
L-100078,B-53694,Auto,2019-08-03,2029-06-11,158564.71,99078.17,0.1095,120,FL,Medical Expenses,F,2 years,100k-150k,Charged Off,127,Gamma Collections,2021-12-12,2024-03-22,Available,Manual
L-100079,B-76648,Personal,2018-03-16,2028-01-23,157888.7,135931.98,0.071,120,WY,Major Purchase,B,7 years,50k-100k,Late (16-30 days),17,Gamma Collections,2020-08-26,2024-02-17,Available,LendingWeb
L-100080,B-91006,Mortgage,2022-03-24,2027-02-26,85312.37,65270.45,0.1225,60,HI,Other,D,1 years,>150k,Late (31-120 days),91,Delta Financial,2024-01-08,2024-05-25,Expired,OriginatePro
L-100081,B-79993,Mortgage,2021-06-21,2051-01-15,452467.3,115475.51,0.1114,360,OR,Major Purchase,D,9 years,>150k,Charged Off,166,Delta Financial,2022-01-02,2024-04-26,Missing,LendingWeb
L-100082,B-16839,Student,2022-03-01,2025-02-13,357143.48,183117.29,0.045,36,CO,Home Improvement,C,14 years,50k-100k,Closed,0,Delta Financial,2022-07-02,2024-04-27,Expired,LendingWeb
L-100083,B-13495,Student,2018-08-07,2048-03-02,253493.52,73163.92,0.1493,360,MS,Home Improvement,A,10 years,<50k,Closed,0,Gamma Collections,2020-11-24,2024-03-05,Available,LendingWeb
L-100084,B-71925,Mortgage,2023-04-06,2052-10-30,309597.39,255320.63,0.0323,360,IN,Home Improvement,E,19 years,>150k,Current,0,Gamma Collections,2024-01-04,2024-05-04,Available,OriginatePro
L-100085,B-65027,Student,2018-09-15,2021-08-30,419160.42,209522.94,0.0943,36,SD,Medical Expenses,E,7 years,50k-100k,Late (31-120 days),140,Alpha Servicing,2020-07-05,2024-06-08,Expired,OriginatePro
L-100086,B-97080,Auto,2023-11-15,2033-09-23,38501.26,20053.29,0.0909,120,NC,Medical Expenses,A,12 years,>150k,Current,0,Delta Financial,2024-12-31,2024-05-24,Available,LendingWeb
L-100087,B-18855,Personal,2020-09-14,2023-08-30,386893.18,266240.38,0.0699,36,AZ,Credit Card Refinancing,E,10 years,50k-100k,Closed,0,Delta Financial,2022-09-26,2024-08-21,Missing,OriginatePro
L-100607,B-18270,Student,2018-06-01,2028-04-09,104787.54,76797.46,0.1363,120,MA,Credit Card Refinancing,E,12 years,>150k,Late (31-120 days),40,Beta Loan Servicers,2019-04-19,2024-06-28,Available,LendingWeb
L-100089,B-45811,Auto,2022-02-16,2051-09-12,445295.83,309323.04,0.1374,360,MO,Credit Card Refinancing,B,15 years,>150k,Late (31-120 days),163,Gamma Collections,2024-06-15,2023-01-01,Expired,Legacy
L-100090,B-66440,Mortgage,2021-04-18,2031-02-25,55785.96,20213.26,0.0655,120,XX,Medical Expenses,F,13 years,50k-100k,Fully Paid,0,Delta Financial,2022-05-12,2024-08-02,Pending,Manual
L-100091,B-45986,Auto,2018-11-04,2048-05-30,184839.01,136942.93,0.1115,360,AK,Home Improvement,G,19 years,>150k,Current,0,Beta Loan Servicers,2019-02-10,2024-04-25,Pending,LendingWeb
L-100092,B-60181,Auto,2019-09-21,2049-04-16,474667.65,188732.94,0.1216,360,OR,Home Improvement,E,11 years,>150k,Late (31-120 days),197,Gamma Collections,2020-07-02,2024-02-01,Missing,Manual
L-100093,B-77861,Student,2019-04-28,2029-03-06,388607.42,257736.2,0.0557,120,SC,Credit Card Refinancing,F,15 years,50k-100k,Current,0,Beta Loan Servicers,2021-10-17,2024-02-15,Missing,Manual
L-100094,B-21506,Personal,2021-11-24,2024-11-08,277248.59,92126.89,0.066,36,HI,Other,F,20 years,50k-100k,Current,112,Gamma Collections,2023-05-28,2024-04-04,Missing,OriginatePro
L-100095,B-41029,Student,2018-04-18,2028-02-25,279240.61,110336.04,0.1264,120,OK,Home Improvement,E,2 years,<50k,Late (31-120 days),132,Delta Financial,2019-11-07,2024-07-25,Expired,Legacy
L-100096,B-26426,Personal,2018-10-31,2048-05-26,235587.43,121065.56,0.0454,360,WY,Medical Expenses,F,18 years,50k-100k,Closed,0,Beta Loan Servicers,2020-02-16,2024-01-27,Available,OriginatePro
L-100097,B-49862,Mortgage,2019-10-26,2029-09-03,467695.23,131130.62,0.1437,120,ND,Credit Card Refinancing,G,2 years,100k-150k,Late (16-30 days),26,Gamma Collections,2020-04-01,2024-05-20,Available,OriginatePro
L-100098,B-87569,Mortgage,2019-12-03,2029-10-11,422052.35,232506.29,0.129,120,AK,Debt Consolidation,A,20 years,100k-150k,Fully Paid,0,Beta Loan Servicers,2022-02-25,2024-07-20,Available,Manual
L-100099,B-92203,Personal,2021-05-22,2050-12-16,126214.57,94140.85,0.0787,360,NJ,Debt Consolidation,F,1 years,50k-100k,Default,137,Delta Financial,2022-10-09,2024-04-11,Missing,LendingWeb
L-100100,B-51853,Personal,2022-06-22,2027-05-27,381529.17,195336.87,0.0427,60,KS,Major Purchase,A,8 years,>150k,Late (16-30 days),18,Alpha Servicing,2022-09-11,2024-05-13,Expired,OriginatePro
L-100101,B-30932,Personal,2021-07-04,2026-06-08,382745.08,190841.46,0.0918,60,NY,Credit Card Refinancing,D,0 years,<50k,Default,160,Delta Financial,2022-04-06,2024-04-19,Pending,Legacy
L-100102,B-16624,Personal,2023-07-21,2053-02-13,146445.45,15602.58,-0.016652825781475457,360,FL,Credit Card Refinancing,F,11 years,>150k,Late (31-120 days),42,Delta Financial,2023-10-11,2024-04-12,Pending,Legacy
L-100103,B-60639,Student,2021-02-19,2024-02-04,68688.38,12181.55,0.0748,36,MI,Medical Expenses,C,4 years,50k-100k,Charged Off,161,Delta Financial,2022-08-15,2024-01-02,Available,OriginatePro
L-100104,B-53652,Student,2023-10-29,2053-05-24,78725.63,64122.45,0.0468,360,XX,Credit Card Refinancing,B,12 years,100k-150k,Charged Off,117,Delta Financial,2025-11-22,2024-05-16,Available,LendingWeb
L-100105,B-53416,Auto,2022-09-03,2032-07-12,399393.63,271691.26,0.1126,120,AK,Medical Expenses,D,8 years,50k-100k,Fully Paid,0,Alpha Servicing,2024-05-22,2024-08-06,Expired,OriginatePro
L-100106,B-99224,Mortgage,2018-05-10,2021-04-24,99438.24,45028.7,0.0803,36,NE,Other,B,13 years,>150k,Closed,0,Alpha Servicing,2020-05-31,2024-03-17,Missing,LendingWeb
L-100107,B-96799,Student,2023-11-23,2053-06-18,160307.54,161307.54,0.1395,360,MI,Medical Expenses,C,20 years,100k-150k,Charged Off,154,Beta Loan Servicers,2024-08-31,2024-05-18,Pending,OriginatePro
L-100108,B-49008,Personal,2020-04-29,2049-11-23,161935.17,61380.32,0.142,360,WA,Credit Card Refinancing,C,3 years,>150k,Default,119,Beta Loan Servicers,2021-03-22,2024-01-10,Available,LendingWeb
L-100109,B-67983,Personal,2023-05-17,2028-04-20,105023.66,55753.11,0.142,60,VT,Credit Card Refinancing,B,3 years,50k-100k,Late (16-30 days),16,Beta Loan Servicers,2025-03-30,2024-04-02,Available,Manual
L-100110,B-53292,Student,2019-02-16,2024-01-21,7564.82,4087.14,0.1415,60,NE,Other,D,15 years,50k-100k,Closed,0,Gamma Collections,2020-02-09,2024-05-21,Available,Legacy
L-100111,B-95498,Mortgage,2018-06-02,2023-05-07,211853.07,-500.0,0.1421,60,AZ,Major Purchase,G,15 years,50k-100k,Fully Paid,0,Gamma Collections,2020-12-15,2024-01-01,Pending,Legacy
L-100112,B-53914,Personal,2023-02-05,2052-08-31,445183.68,92313.27,0.0905,360,LA,Home Improvement,G,3 years,100k-150k,Late (16-30 days),27,Delta Financial,2024-12-29,2024-05-23,Missing,Legacy
L-100113,B-54185,Personal,2020-03-02,2025-02-04,307422.48,187829.18,0.0787,60,NV,Medical Expenses,C,2 years,>150k,Fully Paid,0,Alpha Servicing,2020-10-07,2024-03-16,Pending,OriginatePro
L-100114,B-10895,Personal,2022-04-21,2027-03-26,226134.08,70914.62,0.0696,60,PA,Other,E,0 years,100k-150k,Fully Paid,0,Gamma Collections,2024-04-29,2024-04-02,Available,Manual
L-100115,B-50213,Mortgage,2022-07-19,2032-05-27,346693.74,211819.15,0.1429,120,MS,Medical Expenses,B,7 years,50k-100k,Default,70,Delta Financial,2024-09-21,2024-06-14,Expired,OriginatePro
,B-42435,Auto,2023-11-23,2053-06-18,266445.7,103761.39,0.1401,360,DE,Debt Consolidation,G,17 years,50k-100k,Charged Off,168,Beta Loan Servicers,2024-06-08,2024-06-28,Expired,Legacy
L-100117,B-99167,Mortgage,2023-06-26,2026-06-10,449950.23,205351.05,0.0367,36,FL,Medical Expenses,D,14 years,<50k,Charged Off,149,Gamma Collections,2025-08-04,2024-01-13,Pending,Legacy
L-100118,B-38560,Auto,2018-07-05,2048-01-29,175541.79,26508.2,0.1493,360,CA,Major Purchase,A,9 years,>150k,Late (16-30 days),28,Beta Loan Servicers,2020-09-26,2024-07-12,Expired,Manual
L-100119,B-59479,Student,2018-11-25,2023-10-30,328499.38,124243.69,0.0514,60,OH,Major Purchase,E,4 years,50k-100k,Closed,0,Alpha Servicing,2021-02-06,2024-01-10,Expired,Manual
L-100120,B-79721,Student,2020-07-29,2025-07-03,233009.51,52216.76,0.0526,60,WA,Debt Consolidation,A,13 years,<50k,Late (16-30 days),19,Alpha Servicing,2020-12-09,2024-01-15,Available,OriginatePro
L-100121,B-15798,Student,2022-12-03,2027-11-07,272181.11,191481.74,0.1231,60,FL,Medical Expenses,C,7 years,100k-150k,Charged Off,184,Gamma Collections,2023-09-01,2024-05-05,Missing,Manual
L-100122,B-49387,Personal,2018-09-07,2023-08-12,314866.6,139095.62,0.0895,60,MN,Other,F,12 years,100k-150k,Fully Paid,0,Delta Financial,2019-11-29,2024-03-10,Expired,OriginatePro
L-100123,B-80507,Student,2020-09-14,2025-08-19,153864.53,102483.23,0.1267,60,AR,Medical Expenses,D,13 years,50k-100k,Default,93,Gamma Collections,2021-05-10,2024-06-21,Available,Manual
L-100124,B-58637,Auto,2020-02-20,2023-02-04,137888.49,88102.13,0.1024,36,CA,Home Improvement,G,18 years,50k-100k,Default,84,Gamma Collections,2021-01-25,2024-01-07,Missing,Legacy
L-100125,B-72773,Mortgage,2020-04-17,2049-11-11,457987.6,248075.14,0.1231,360,MO,Major Purchase,E,20 years,100k-150k,Late (31-120 days),97,Gamma Collections,2021-10-24,2024-08-15,Available,Manual
L-100126,B-51973,Mortgage,2022-02-27,2032-01-06,209895.43,115446.64,0.0566,120,GA,Debt Consolidation,C,17 years,>150k,Late (31-120 days),70,Beta Loan Servicers,2023-03-01,2024-04-13,Missing,Manual
L-100127,B-82173,Personal,2020-11-20,2050-06-16,483421.59,296509.32,0.0889,360,HI,Other,G,11 years,50k-100k,Late (16-30 days),27,Delta Financial,2021-06-26,2024-01-17,Available,Legacy
L-100128,B-97584,Auto,2018-01-27,2047-08-23,73058.31,44168.23,0.0382,360,GA,Debt Consolidation,B,16 years,>150k,Late (31-120 days),46,Delta Financial,2020-01-02,2024-08-01,Available,Manual
L-100129,B-11553,Auto,2023-12-09,2033-10-17,270190.36,88987.42,0.0903,120,VT,Other,D,5 years,<50k,Current,0,Beta Loan Servicers,2024-09-10,2024-04-20,Pending,LendingWeb
L-100130,B-45038,Student,2018-11-20,2028-09-28,479852.41,224186.18,0.0592,120,VT,Home Improvement,C,2 years,<50k,Current,0,Delta Financial,2020-01-12,2024-07-18,Expired,Legacy
L-100131,B-93459,Auto,2019-12-03,2022-11-17,252429.9,112868.41,0.1241,36,OR,Debt Consolidation,E,1 years,50k-100k,Late (16-30 days),30,Delta Financial,2020-10-05,2024-01-03,Pending,Legacy
L-100132,B-33508,Personal,2018-03-06,2023-02-08,295582.87,207441.12,0.1155,60,MT,Debt Consolidation,C,5 years,50k-100k,Charged Off,130,Gamma Collections,2019-05-03,2024-03-26,Available,LendingWeb
L-100133,B-17038,Auto,2022-11-26,2027-10-31,420143.96,156492.78,0.1223,60,RI,Major Purchase,G,10 years,<50k,Fully Paid,0,Gamma Collections,2025-03-07,2024-08-16,Missing,LendingWeb
L-100134,B-82487,Student,2022-11-04,2027-10-09,341448.95,214613.48,0.0403,60,SC,Credit Card Refinancing,G,7 years,<50k,Current,0,Gamma Collections,2023-05-10,2024-07-23,Missing,Manual
L-100135,B-51507,Personal,2019-03-13,2022-02-25,7571.64,2624.44,0.0732,36,LA,Debt Consolidation,B,2 years,50k-100k,Default,145,Delta Financial,2019-07-26,2024-01-03,Pending,Legacy
L-100136,B-88240,Personal,2022-04-27,2025-04-11,149464.44,61316.24,0.0402,36,OK,Home Improvement,E,16 years,50k-100k,Fully Paid,0,Delta Financial,2022-11-16,2024-03-09,Pending,LendingWeb
,B-74634,Mortgage,2018-09-17,2023-08-22,220164.75,96185.99,0.0881,60,CA,Credit Card Refinancing,C,7 years,>150k,Charged Off,188,Beta Loan Servicers,2020-01-28,2024-02-05,Pending,Legacy
L-100138,B-61864,Personal,2022-04-06,2032-02-13,222910.35,99082.09,0.1288,120,TN,Medical Expenses,B,9 years,100k-150k,Charged Off,82,Delta Financial,2023-03-23,2024-03-13,Pending,LendingWeb
L-100139,B-92955,Student,2020-09-19,2030-07-29,191147.37,143971.36,0.4623421404265058,120,DE,Medical Expenses,B,18 years,50k-100k,Fully Paid,0,Alpha Servicing,2022-11-02,2024-08-23,Missing,Manual
L-100140,B-48185,Auto,2022-08-03,2052-02-27,73893.67,25291.3,0.0603,360,GA,Other,D,12 years,<50k,Default,184,Delta Financial,2024-04-20,2024-07-18,Expired,Legacy
L-100141,B-57124,Auto,2019-03-24,2024-02-26,330512.81,126919.25,0.1076,60,AZ,Medical Expenses,F,20 years,>150k,Closed,0,Gamma Collections,2021-07-16,2024-07-04,Available,Legacy
L-100142,B-43913,Mortgage,2023-09-23,2028-08-27,225660.38,93176.83,0.1227,60,PA,Other,E,4 years,100k-150k,Current,0,Delta Financial,2024-02-07,2024-05-14,Available,Legacy
L-100143,B-28569,Personal,2021-07-01,2031-05-10,230389.65,61167.04,0.088,120,NM,Debt Consolidation,D,14 years,100k-150k,Current,0,Gamma Collections,2021-09-14,2024-02-01,Pending,Legacy
L-100144,B-98754,Mortgage,2020-09-26,2025-08-31,278195.59,101483.45,0.0812,60,NJ,Home Improvement,G,12 years,50k-100k,Late (16-30 days),26,Delta Financial,2021-12-05,2024-01-24,Missing,Manual
L-100145,B-87621,Student,2022-05-12,2025-04-26,353844.13,93636.92,0.1203,36,CA,Medical Expenses,A,17 years,50k-100k,Late (31-120 days),114,Beta Loan Servicers,2023-09-22,2024-02-09,Expired,LendingWeb
L-100146,B-88246,Student,2022-05-27,2025-05-11,177222.7,137598.23,0.1041,36,UT,Other,G,9 years,<50k,Fully Paid,0,Beta Loan Servicers,2023-05-12,2024-02-08,Pending,Legacy
L-100147,B-33992,Personal,2019-08-03,2049-02-26,212028.36,44588.26,0.076,360,ID,Major Purchase,F,17 years,50k-100k,Charged Off,73,Delta Financial,2020-06-23,2024-03-06,Pending,Manual
L-100148,B-91187,Auto,2022-01-10,2024-12-25,244881.42,245881.42,0.0761,36,OK,Medical Expenses,F,15 years,>150k,Fully Paid,0,Delta Financial,2023-04-10,2024-08-16,Missing,Legacy
L-100149,B-84107,Auto,2020-06-22,2030-05-01,21184.07,5928.89,0.0646,120,WY,Major Purchase,E,15 years,<50k,Charged Off,60,Gamma Collections,2022-09-23,2024-06-18,,Manual
L-100150,B-81611,Mortgage,2022-10-08,2025-09-22,369314.41,230059.74,0.0597,36,AZ,Major Purchase,C,11 years,<50k,Default,61,Beta Loan Servicers,2023-06-09,2024-06-28,Expired,OriginatePro
L-100151,B-90760,Mortgage,2020-04-26,2025-03-31,403693.04,224477.34,0.0939,60,RI,Medical Expenses,B,10 years,100k-150k,Late (31-120 days),177,Gamma Collections,2022-10-21,2024-02-05,Expired,Legacy
L-100152,B-46349,Mortgage,2019-06-28,2024-06-01,77390.5,27680.83,0.0597,60,UT,Major Purchase,D,4 years,100k-150k,Fully Paid,0,Delta Financial,2020-08-15,2024-08-03,Available,Manual
L-100153,B-77582,Personal,2022-02-20,2051-09-16,475375.77,172005.89,0.0303,360,WY,Other,A,14 years,100k-150k,Closed,0,Alpha Servicing,2024-06-13,2024-07-07,Expired,OriginatePro
L-100154,B-74843,Personal,2021-08-15,2031-06-24,-1000.0,96829.84,0.0979,120,NY,Credit Card Refinancing,F,1 years,<50k,Current,0,Delta Financial,2021-09-30,2024-02-28,Missing,Manual
L-100155,B-69836,Auto,2022-10-19,2027-09-23,497868.56,411999.06,0.1359,60,MD,Home Improvement,G,8 years,<50k,Fully Paid,0,Gamma Collections,2023-08-01,2024-02-12,Missing,Legacy
L-100156,B-61949,Personal,2020-08-17,2050-03-13,329465.19,218421.73,0.0301,360,NM,Debt Consolidation,B,18 years,50k-100k,Charged Off,144,Alpha Servicing,2020-09-24,2024-06-27,Available,Manual
L-100157,B-27324,Student,2018-10-18,2023-09-22,194619.61,133238.67,0.0423,60,MA,Credit Card Refinancing,C,4 years,>150k,Closed,0,Beta Loan Servicers,2020-09-03,2024-03-03,Available,OriginatePro
L-100158,B-67684,Personal,2020-05-22,2025-04-26,460347.59,272922.05,0.0831,60,IN,Debt Consolidation,A,4 years,<50k,Charged Off,129,Gamma Collections,2021-09-03,2024-06-26,Missing,OriginatePro
L-100159,B-46302,Auto,2020-10-13,2030-08-22,390589.98,254813.43,0.1317,120,TX,Credit Card Refinancing,B,16 years,50k-100k,Fully Paid,0,Delta Financial,2021-09-10,2024-01-26,Missing,Manual
L-100160,B-60578,Auto,2020-09-14,2050-04-10,320850.75,50312.48,0.1366,360,AL,Credit Card Refinancing,C,4 years,>150k,Closed,0,Delta Financial,2021-10-23,2024-03-25,Expired,Legacy
L-100161,B-12187,Auto,2018-02-26,2028-01-05,111792.75,93689.42,0.1438,120,MT,Medical Expenses,C,20 years,>150k,Default,133,Alpha Servicing,2020-01-12,2024-03-09,Available,LendingWeb
L-100162,B-99999,Mortgage,2024-01-01,2029-08-07,198412.09,120522.53,0.1301,120,UT,Other,A,9 years,>150k,Fully Paid,0,Beta Loan Servicers,2019-12-27,2024-04-03,Expired,Legacy
L-100163,B-69424,Auto,2021-06-20,2026-05-25,64124.29,42727.33,0.1142,60,HI,Major Purchase,C,16 years,100k-150k,Late (16-30 days),21,Beta Loan Servicers,2023-08-26,2024-05-24,Available,Legacy
L-100164,B-53910,Student,2021-01-19,2024-01-04,135160.08,118946.34,0.1053,36,NY,Major Purchase,E,11 years,<50k,Default,176,Beta Loan Servicers,2022-03-01,2024-03-09,Available,Legacy
L-100165,B-39937,Auto,2018-06-30,2021-06-14,126052.97,60179.16,0.076,36,GA,Home Improvement,G,1 years,>150k,Late (16-30 days),21,Beta Loan Servicers,2019-09-29,2024-06-09,Available,LendingWeb
L-100166,B-25650,Auto,2020-01-05,2024-12-09,403147.32,356838.23,0.1445,60,CA,Major Purchase,G,9 years,100k-150k,Late (31-120 days),53,Delta Financial,2020-02-12,2024-06-07,Pending,LendingWeb
L-100167,B-91620,Mortgage,2023-03-16,2033-01-22,297887.01,147361.29,0.1227,120,IL,Other,E,7 years,50k-100k,Current,0,Delta Financial,2023-05-09,2024-04-18,Pending,Legacy
L-100168,B-53911,Auto,2022-03-22,2032-01-29,56454.76,5000.0,0.0586,120,NY,Debt Consolidation,B,8 years,<50k,Closed,0,Beta Loan Servicers,2024-10-25,2024-07-23,Pending,Manual
L-100169,B-21128,Auto,2023-09-02,2028-08-06,320421.76,133129.16,0.101,60,AR,Major Purchase,F,4 years,50k-100k,Late (31-120 days),97,Gamma Collections,2026-05-07,2024-07-23,Pending,LendingWeb
L-100170,B-69343,Personal,2020-08-14,2023-07-30,472059.57,98608.28,0.1224,36,CT,Home Improvement,A,5 years,>150k,Default,111,Delta Financial,2021-01-14,2024-06-25,Missing,Manual
L-100171,B-50410,Student,2020-12-21,2023-12-06,49758.34,37123.58,0.0665,36,VA,Other,E,1 years,50k-100k,Closed,0,Gamma Collections,2021-06-20,2024-02-23,Missing,LendingWeb
L-100172,B-61936,Auto,2021-05-09,2031-03-18,410944.36,98254.41,0.1443,120,NH,Medical Expenses,F,17 years,50k-100k,Current,0,Delta Financial,2021-09-20,2024-03-04,Available,Legacy
L-100173,B-39135,Mortgage,2020-03-22,2049-10-16,189258.67,114357.29,0.1074,360,PA,Medical Expenses,C,2 years,<50k,Current,0,Beta Loan Servicers,2022-11-01,2024-08-26,Missing,Legacy
L-100174,B-53456,Auto,2018-06-24,2048-01-18,30065.66,25234.27,0.082,360,WA,Major Purchase,D,0 years,>150k,Fully Paid,0,Delta Financial,2019-01-16,2024-06-07,Missing,LendingWeb
L-100175,B-46681,Student,2019-09-01,2022-08-16,308982.76,183406.52,0.1077,36,NY,Major Purchase,E,15 years,<50k,Current,0,Gamma Collections,2020-10-27,2024-03-14,Missing,OriginatePro
L-100176,B-92674,Auto,2022-04-16,2032-02-23,242443.8,-500.0,0.0713,120,OR,Medical Expenses,C,12 years,100k-150k,Late (16-30 days),16,Gamma Collections,2024-01-17,2024-04-01,Pending,Legacy
L-100177,B-71824,Personal,2020-08-11,2025-07-16,54566.5,34130.88,0.062,60,WV,Debt Consolidation,G,7 years,>150k,Late (31-120 days),75,Beta Loan Servicers,2021-05-10,2024-06-26,Pending,Legacy
L-100178,B-56095,Mortgage,2020-02-11,2049-09-06,273351.68,65726.16,0.0346,360,AR,Home Improvement,E,7 years,<50k,Charged Off,153,Alpha Servicing,2021-02-14,2024-04-26,Missing,LendingWeb
L-100179,B-33260,Personal,2018-09-01,2021-08-16,78117.45,51851.01,0.047,36,DE,Medical Expenses,G,11 years,<50k,Late (31-120 days),200,Delta Financial,2020-05-23,2024-02-11,Pending,LendingWeb
L-100180,B-27884,Mortgage,2022-11-25,2052-06-20,326344.23,78114.45,0.1462,360,VT,Medical Expenses,G,11 years,50k-100k,Fully Paid,0,Beta Loan Servicers,2024-01-16,2024-05-24,Pending,OriginatePro
L-100181,B-33292,Auto,2022-05-23,2025-05-07,95130.47,33730.75,0.1271,36,SC,Home Improvement,F,18 years,<50k,Default,67,Gamma Collections,2024-07-24,2024-02-08,Pending,LendingWeb
L-100182,B-32005,Auto,2021-10-07,2051-05-03,10640.83,2849.05,0.1132,360,MN,Credit Card Refinancing,G,3 years,<50k,Current,0,Delta Financial,2023-01-28,2024-07-06,Expired,Manual
L-100183,B-59638,Personal,2022-03-18,2025-03-02,415259.45,303548.01,0.0994,36,WI,Other,B,5 years,>150k,Current,0,Alpha Servicing,2023-02-12,2024-01-11,Pending,Legacy
L-100184,B-19725,Personal,2019-11-28,2049-06-23,84647.72,13543.8,0.143,360,CO,Credit Card Refinancing,E,19 years,>150k,Fully Paid,0,Alpha Servicing,2021-03-13,2024-03-20,Expired,OriginatePro
L-100185,B-17019,Auto,2021-09-18,2026-08-23,487327.22,208295.3,0.0965,60,WA,Medical Expenses,C,9 years,100k-150k,Late (16-30 days),17,Alpha Servicing,2022-11-24,2024-08-05,Available,LendingWeb
L-100186,B-10500,Student,2018-12-25,2028-11-02,412829.17,247727.54,0.0876,120,CT,Debt Consolidation,B,5 years,100k-150k,Current,0,Delta Financial,2021-06-06,2024-02-10,Expired,Manual
L-100187,B-74106,Personal,2019-01-09,2048-08-04,96516.2,-500.0,0.0743,360,NH,Debt Consolidation,C,14 years,>150k,Late (31-120 days),88,Gamma Collections,2020-09-07,2024-01-05,Available,Legacy
L-100188,B-97574,Personal,2022-08-23,2027-07-28,279032.94,215591.38,0.1282,60,NE,Medical Expenses,F,15 years,50k-100k,Default,107,Alpha Servicing,2023-10-31,2024-01-17,Missing,Legacy
L-100189,B-68856,Mortgage,2019-11-16,2024-10-20,405188.06,81422.05,0.0808,60,UT,Major Purchase,B,20 years,50k-100k,Closed,0,Gamma Collections,2020-11-07,2024-02-03,Expired,Manual
L-100190,B-82358,Personal,2021-02-05,2050-09-01,458995.15,50439.45,0.114,360,PA,Medical Expenses,G,13 years,<50k,Default,69,Beta Loan Servicers,2022-10-08,2024-02-04,Available,LendingWeb
L-100191,B-80206,Personal,2022-08-11,2032-06-19,194606.52,95059.03,0.1031,120,AZ,Home Improvement,C,12 years,50k-100k,Charged Off,186,Delta Financial,2022-10-19,2024-07-11,Missing,Legacy
L-100192,B-72287,Personal,2022-03-06,2025-02-18,172243.71,126585.63,0.0673,36,NY,Other,F,3 years,50k-100k,Late (16-30 days),20,Delta Financial,2024-06-05,2024-06-09,Expired,Legacy
L-100193,B-34633,Student,2020-05-15,2049-12-09,371767.68,263060.82,0.1341,360,AR,Medical Expenses,G,5 years,<50k,Late (31-120 days),160,Delta Financial,2020-10-30,2024-01-06,Missing,OriginatePro
L-100194,B-17553,Mortgage,2018-05-16,2047-12-10,30026.84,11659.42,0.0539,360,MS,Major Purchase,E,12 years,<50k,Fully Paid,0,Alpha Servicing,2019-02-17,2024-06-16,Expired,OriginatePro
L-100195,B-72204,Personal,2021-11-11,2026-10-16,419638.62,128798.82,0.1297,60,CO,Credit Card Refinancing,A,12 years,<50k,Late (16-30 days),29,Beta Loan Servicers,2024-05-06,2024-04-21,Missing,OriginatePro
L-100196,B-45269,Student,2023-10-04,2026-09-18,432991.82,378309.58,0.1119,36,NM,Home Improvement,F,5 years,<50k,Late (16-30 days),20,Gamma Collections,2025-11-01,2024-05-14,Expired,LendingWeb
L-100197,B-70161,Personal,2020-06-12,2050-01-06,154561.82,79832.77,0.1048,360,PA,Debt Consolidation,A,16 years,100k-150k,Charged Off,196,Gamma Collections,2021-05-13,2024-02-16,Available,LendingWeb
L-100198,B-46239,Personal,2021-02-08,2030-12-18,329779.2,284187.3,0.1082,120,IL,Home Improvement,E,7 years,<50k,Closed,0,Delta Financial,2023-01-15,2024-06-22,Missing,Legacy
L-100199,B-95904,Student,2021-04-25,2031-03-04,453921.22,192316.94,0.1184,120,PA,Other,E,6 years,100k-150k,Fully Paid,0,Beta Loan Servicers,2023-04-27,2024-08-22,Pending,LendingWeb
L-100200,B-32280,Mortgage,2021-04-18,2024-04-02,238036.53,164896.26,0.117,36,OK,Home Improvement,F,10 years,<50k,Late (16-30 days),21,Beta Loan Servicers,2023-06-19,2024-05-14,Pending,LendingWeb
L-100201,B-44152,Personal,2023-03-15,2026-02-27,237915.6,188694.36,0.1,36,SC,Debt Consolidation,D,6 years,<50k,Closed,0,Delta Financial,2024-10-07,2024-05-14,Available,OriginatePro
L-100202,B-28004,Mortgage,2021-11-04,2051-05-31,493659.84,401975.41,0.1484,360,GA,Credit Card Refinancing,G,5 years,<50k,Default,116,Beta Loan Servicers,2022-10-20,2024-01-01,Expired,LendingWeb
L-100203,B-37444,Mortgage,2019-10-11,2049-05-06,393679.4,284945.92,0.0455,360,XX,Other,D,12 years,>150k,Default,129,Alpha Servicing,2019-12-18,2024-04-24,Pending,Legacy
L-100204,B-52233,Mortgage,2018-03-15,2021-02-27,315210.03,94266.24,0.1132,36,MN,Credit Card Refinancing,B,3 years,>150k,Charged Off,181,Gamma Collections,2018-10-02,2024-02-27,Available,LendingWeb
L-100205,B-48119,Student,2023-11-02,2033-09-10,219664.29,142655.29,0.0461,120,NY,Credit Card Refinancing,G,6 years,50k-100k,Closed,0,Delta Financial,2023-12-21,2024-04-08,Missing,OriginatePro
L-100206,B-12872,Mortgage,2019-05-20,2029-03-28,356999.49,261931.14,0.075,120,SD,Credit Card Refinancing,G,17 years,<50k,Charged Off,43,Alpha Servicing,2021-04-18,2024-01-02,Available,Manual
L-100207,B-68237,Student,2019-05-22,2029-03-30,239826.19,53361.73,0.1134,120,SD,Debt Consolidation,C,13 years,<50k,Fully Paid,0,Gamma Collections,2021-03-19,2024-03-14,Available,Legacy
L-100208,B-47054,Auto,2019-03-12,2048-10-05,103330.1,26845.11,0.0616,360,ND,Home Improvement,C,13 years,100k-150k,Late (16-30 days),16,Delta Financial,2021-10-29,2024-04-23,Expired,LendingWeb
L-100209,B-40737,Auto,2018-02-22,2021-02-06,453905.62,348683.82,0.1103,36,GA,Debt Consolidation,G,16 years,<50k,Fully Paid,0,Alpha Servicing,2020-10-05,2024-05-21,Missing,Manual
L-100210,B-48800,Personal,2023-03-17,2026-03-01,54405.41,13044.32,0.0347,36,ME,Credit Card Refinancing,G,10 years,>150k,Fully Paid,0,Alpha Servicing,2023-07-22,2024-01-01,Missing,OriginatePro
L-100211,B-53078,Personal,2022-11-28,2032-10-06,439845.39,76691.91,0.1278,120,ID,Debt Consolidation,D,12 years,>150k,Late (31-120 days),129,Delta Financial,2025-03-26,2024-07-21,Missing,Legacy
L-100212,B-27368,Auto,2019-10-15,2022-09-29,210933.72,120780.7,0.1263,36,UT,Major Purchase,B,19 years,>150k,Closed,0,Gamma Collections,2021-08-01,2024-01-28,Missing,Manual
L-100213,B-73979,Auto,2022-08-12,2052-03-07,27756.3,8584.75,0.0677,360,VA,Other,E,18 years,50k-100k,Fully Paid,0,Gamma Collections,2024-02-24,2024-02-14,Missing,Manual
L-100214,B-55318,Student,2019-09-01,2022-08-16,10764.21,9122.64,0.0907,36,NM,Major Purchase,G,5 years,<50k,Closed,0,Delta Financial,2020-08-24,2024-04-11,Pending,Legacy
L-100215,B-76444,Mortgage,2022-03-31,2051-10-25,409466.14,66769.38,0.0833,360,OR,Major Purchase,A,15 years,>150k,Late (31-120 days),61,Delta Financial,2024-06-01,2024-01-04,Expired,Manual
L-100216,B-14696,Auto,2019-01-08,2028-11-16,445604.89,245023.0,0.1086,120,NJ,Credit Card Refinancing,C,1 years,50k-100k,Closed,0,Delta Financial,2020-01-12,2024-08-23,Pending,Manual
L-100217,B-24945,Auto,Not A Date,2023-06-12,173971.77,132898.27,0.1457,36,ME,Medical Expenses,E,11 years,<50k,Current,0,Beta Loan Servicers,2021-12-13,2024-03-27,Expired,Legacy
L-100218,B-43330,Mortgage,2023-01-01,2022-01-01,465457.05,192846.86,0.0848,36,IL,Other,C,3 years,>150k,Current,0,Alpha Servicing,2022-05-08,2024-08-15,Missing,Manual
L-100219,B-10568,Auto,2022-11-08,2052-06-03,462563.58,335296.24,0.1392,360,VT,Medical Expenses,B,4 years,<50k,Default,199,Gamma Collections,2024-05-07,2024-07-14,Missing,LendingWeb
L-100220,B-62149,Personal,2021-04-19,2050-11-13,403374.43,84928.07,0.1023,360,WV,Medical Expenses,C,17 years,100k-150k,Fully Paid,0,Beta Loan Servicers,2021-12-10,2024-04-20,Pending,LendingWeb
L-100221,B-98129,Mortgage,2019-12-30,2029-11-07,356624.6,252711.33,0.0975,120,PA,Medical Expenses,F,13 years,100k-150k,Closed,0,Delta Financial,2022-05-05,2024-01-17,Available,Legacy
L-100222,B-59921,Mortgage,2018-08-06,2021-07-21,103951.7,72781.58,0.0493,36,ME,Other,C,4 years,<50k,Fully Paid,0,Gamma Collections,2019-04-01,2024-01-12,Expired,Legacy
L-100223,B-90754,Mortgage,2022-05-12,2027-04-16,257906.54,190197.54,0.1135,60,VT,Other,A,12 years,>150k,Default,111,Alpha Servicing,2022-06-24,2024-05-07,Expired,OriginatePro
L-100224,B-93071,Personal,2020-03-15,2025-02-17,150617.97,151617.97,0.1119,60,ID,Home Improvement,F,16 years,<50k,Default,41,Delta Financial,2021-01-24,2024-05-05,Missing,LendingWeb
L-100225,B-10739,Personal,2023-03-26,2028-02-28,24770.59,20879.19,0.1016,60,WY,Other,E,9 years,>150k,Closed,0,Gamma Collections,2023-07-08,2024-06-17,Missing,OriginatePro
L-100226,B-78236,Auto,2023-09-01,2028-08-05,210885.97,111691.28,0.041,60,IA,Home Improvement,F,10 years,100k-150k,Late (31-120 days),106,Beta Loan Servicers,2025-11-09,2024-08-18,Available,Legacy
L-100227,B-97679,Personal,2022-12-31,2027-12-05,452725.75,267543.21,0.1045,60,AZ,Other,C,12 years,<50k,Default,96,Gamma Collections,2023-02-24,2024-06-17,Expired,Manual
L-100228,B-15747,Personal,2020-02-28,2030-01-06,259377.88,222693.93,0.0501,120,WY,Medical Expenses,E,0 years,<50k,Late (16-30 days),26,Beta Loan Servicers,2022-08-31,2024-07-27,Available,OriginatePro
L-100229,B-80484,Student,2018-10-23,2023-09-27,16757.71,11286.23,0.0345,60,CA,Debt Consolidation,B,8 years,<50k,Charged Off,89,Gamma Collections,2020-01-13,2024-07-15,Expired,Manual
L-100230,B-51471,Auto,2022-05-15,2025-04-29,269743.01,165389.74,0.1042,36,WI,Other,E,1 years,<50k,Late (31-120 days),159,Alpha Servicing,2023-04-06,2024-05-20,Available,LendingWeb
L-100231,B-67367,Student,2022-06-07,2025-05-22,239623.9,126227.69,0.0464,36,MT,Medical Expenses,C,20 years,50k-100k,Late (31-120 days),196,Gamma Collections,2022-07-18,2024-03-04,Available,Legacy
L-100232,B-85067,Student,2018-12-15,2028-10-23,108976.18,75536.23,0.1171,120,IN,Major Purchase,F,16 years,50k-100k,Late (16-30 days),18,Beta Loan Servicers,2020-10-06,2024-05-07,Available,OriginatePro
L-100233,B-97946,Auto,2023-03-05,2026-02-17,148873.07,22910.11,0.0418,36,WA,Medical Expenses,D,10 years,100k-150k,Late (16-30 days),26,Beta Loan Servicers,2023-07-15,2024-05-20,Available,OriginatePro
L-100234,B-51652,Student,2023-01-20,2032-11-28,310089.5,106838.36,0.1001,120,OR,Medical Expenses,C,10 years,>150k,Late (16-30 days),16,Gamma Collections,2023-10-29,2024-04-23,Expired,LendingWeb
L-100235,B-57118,Mortgage,2021-09-20,2051-04-16,234109.95,90598.98,0.0667,360,OK,Debt Consolidation,B,20 years,<50k,Current,101,Gamma Collections,2024-03-17,2024-03-18,Missing,LendingWeb
L-100236,B-92132,Auto,2018-11-05,2021-10-20,425545.7,257583.32,0.1275,36,PA,Major Purchase,G,18 years,50k-100k,Current,0,Gamma Collections,2020-06-13,2024-08-21,Missing,LendingWeb
L-100237,B-61445,Mortgage,2021-04-06,2026-03-11,235027.07,119471.22,0.0776,60,NC,Debt Consolidation,F,7 years,50k-100k,Closed,0,Beta Loan Servicers,2022-08-05,2024-03-06,Missing,Manual
L-100238,B-57028,Auto,2020-06-15,2050-01-09,119716.2,37289.88,0.0581,360,TX,Home Improvement,E,11 years,>150k,Default,147,Alpha Servicing,2020-08-24,2024-06-04,Pending,LendingWeb
L-100239,B-85842,Mortgage,2022-03-23,2051-10-17,185821.91,115705.59,0.1303,360,ND,Credit Card Refinancing,D,7 years,>150k,Late (31-120 days),119,Delta Financial,2024-07-11,2024-08-20,Available,OriginatePro
L-100240,B-67658,Mortgage,2020-07-31,2023-07-16,259697.93,84310.31,0.048,36,HI,Credit Card Refinancing,E,3 years,50k-100k,Default,115,Alpha Servicing,2022-01-05,2024-08-16,Missing,OriginatePro
L-100241,B-94837,Student,2018-04-02,2023-03-07,26356.44,14727.69,0.0493,60,SD,Medical Expenses,A,18 years,50k-100k,Current,0,Beta Loan Servicers,2019-01-21,2024-03-17,Expired,Legacy
L-100242,B-96736,Personal,2018-12-18,2023-11-22,227355.66,203306.13,0.1341,60,HI,Home Improvement,G,13 years,50k-100k,Closed,0,Beta Loan Servicers,2020-10-16,2024-05-06,Pending,Manual
L-100243,B-88188,Auto,2020-07-30,2050-02-23,195803.63,36587.1,0.0543,360,NC,Other,D,4 years,<50k,Late (16-30 days),23,Alpha Servicing,2023-02-13,2024-02-03,Expired,OriginatePro
L-100244,B-89098,Auto,2022-11-03,2052-05-29,188336.84,25378.51,0.0936,360,IA,Major Purchase,G,12 years,100k-150k,Charged Off,178,Alpha Servicing,2024-02-11,2024-03-09,Expired,OriginatePro
L-100245,B-20986,Personal,2022-08-01,2032-06-09,98565.4,65774.57,0.1247,120,OR,Medical Expenses,A,16 years,<50k,Default,198,Beta Loan Servicers,2024-08-04,2024-06-14,Pending,Legacy
L-100246,B-30287,Student,2020-11-04,2030-09-13,428213.58,187921.2,0.0739,120,LA,Other,D,6 years,>150k,Charged Off,173,Delta Financial,2021-06-05,2024-06-18,Expired,LendingWeb
L-100247,B-50193,Personal,2022-06-19,2027-05-24,428224.47,268679.29,0.1197,60,NH,Other,B,3 years,50k-100k,Charged Off,133,Gamma Collections,2024-10-16,2024-01-06,Expired,Legacy
L-100248,B-21939,Mortgage,2023-04-16,2052-11-09,48629.64,15098.22,0.0745,360,RI,Debt Consolidation,F,12 years,>150k,Charged Off,198,Gamma Collections,2025-05-13,2024-01-25,Missing,Manual
L-101939,B-67536,Auto,2020-04-06,2030-02-13,101399.51,73734.43,0.0913,120,VT,Home Improvement,E,5 years,<50k,Late (31-120 days),92,Alpha Servicing,2020-10-14,2024-02-09,Expired,LendingWeb
L-100250,B-97773,Student,2022-07-19,2027-06-23,261282.64,180164.94,0.0382,60,CO,Medical Expenses,C,17 years,100k-150k,Late (31-120 days),101,Beta Loan Servicers,2024-04-29,2024-04-15,Expired,Legacy
L-100251,B-44223,Mortgage,2022-07-26,2025-07-10,281522.2,141474.85,0.0708,36,DE,Medical Expenses,C,17 years,100k-150k,Fully Paid,0,Delta Financial,2023-09-15,2024-08-25,Missing,LendingWeb
L-100252,B-70142,Student,2018-04-23,2047-11-17,62552.81,9635.85,0.106,360,IA,Other,F,7 years,100k-150k,Default,121,Alpha Servicing,2020-05-09,2024-05-08,Pending,Legacy
L-100253,B-62288,Personal,2018-11-08,2023-10-13,240894.95,92221.9,0.1373,60,LA,Home Improvement,F,6 years,>150k,Fully Paid,0,Beta Loan Servicers,2019-08-05,2024-04-28,Pending,OriginatePro
L-100254,B-40042,Mortgage,2020-10-19,2030-08-28,82217.81,15239.19,0.1404,120,UT,Other,D,19 years,<50k,Closed,0,Alpha Servicing,2023-04-05,2024-08-12,Pending,Manual
L-100255,B-85303,Personal,2023-07-04,2028-06-07,492275.37,409969.62,0.0636,60,IA,Medical Expenses,B,1 years,>150k,Default,169,Alpha Servicing,2024-12-29,2024-06-13,Missing,Manual
L-100256,B-25776,Student,2021-07-16,2024-06-30,10850.89,2914.57,0.0997,36,MA,Credit Card Refinancing,E,8 years,50k-100k,Charged Off,98,Beta Loan Servicers,2022-05-17,2024-08-20,,LendingWeb
L-100257,B-34105,Student,2022-10-03,2027-09-07,212451.01,149088.9,0.0738,60,MT,Credit Card Refinancing,D,5 years,50k-100k,Charged Off,89,Alpha Servicing,2024-11-09,2024-05-26,Missing,Manual
L-100258,B-59923,Mortgage,2019-08-21,2024-07-25,239128.58,25776.59,0.0806,60,FL,Other,E,17 years,100k-150k,Closed,0,Delta Financial,2020-07-23,2024-05-18,Available,Manual
L-100259,B-22972,Mortgage,2018-09-03,2023-08-08,407839.94,196265.44,0.1056,60,NH,Other,C,8 years,100k-150k,Late (31-120 days),174,Gamma Collections,2019-09-20,2024-01-14,Available,LendingWeb
L-100260,B-99074,Mortgage,2019-12-16,2029-10-24,180778.97,115437.18,0.0885,120,WV,Major Purchase,A,12 years,100k-150k,Default,192,Beta Loan Servicers,2022-06-22,2024-03-21,Pending,Manual
L-100261,B-92742,Student,2018-10-20,2021-10-04,85189.75,24072.44,0.068,36,ME,Other,C,19 years,>150k,Late (31-120 days),144,Gamma Collections,2020-12-23,2024-08-14,Missing,OriginatePro
L-100262,B-13027,Mortgage,2020-08-19,2030-06-28,470516.48,310803.21,0.0396,120,HI,Major Purchase,A,3 years,<50k,Default,171,Alpha Servicing,2020-10-14,2024-07-17,Available,Legacy
L-100263,B-44400,Mortgage,2018-12-12,2048-07-07,158138.47,47112.17,0.0641,360,SD,Home Improvement,B,16 years,50k-100k,Current,0,Alpha Servicing,2020-11-20,2024-06-28,Pending,Manual
L-100264,B-71235,Personal,2022-12-28,2027-12-02,484923.42,319127.28,0.0512,60,RI,Major Purchase,F,20 years,>150k,Charged Off,194,Gamma Collections,2025-08-14,2024-06-16,Missing,Legacy
L-100265,B-67915,Personal,2022-02-07,2051-09-03,133604.49,45807.41,0.03,360,WI,Home Improvement,C,9 years,>150k,Charged Off,33,Delta Financial,2024-11-02,2024-08-10,Available,Manual
L-100266,B-48393,Mortgage,2018-01-30,2027-12-09,98342.63,79237.57,0.0825,120,KS,Home Improvement,F,20 years,>150k,Closed,0,Delta Financial,2018-10-12,2024-05-03,Expired,OriginatePro
L-100267,B-77713,Personal,2021-03-12,2031-01-19,209387.42,163905.46,0.0519,120,ME,Debt Consolidation,F,14 years,>150k,Late (31-120 days),190,Delta Financial,2021-10-20,2024-06-01,Missing,Legacy
L-100268,B-80119,Auto,2020-02-01,2023-01-16,144646.7,28933.88,0.0826,36,AL,Home Improvement,A,4 years,<50k,Default,86,Gamma Collections,2021-05-06,2024-05-26,Expired,LendingWeb
L-100269,B-70776,Auto,2021-09-14,2024-08-29,422555.42,363953.42,0.0367,36,WY,Major Purchase,A,17 years,>150k,Late (16-30 days),19,Gamma Collections,2024-01-28,2024-07-27,Available,Legacy
L-100270,B-42631,Student,2022-12-20,2027-11-24,370121.41,46934.44,0.0853,60,WY,Debt Consolidation,E,6 years,>150k,Default,110,Gamma Collections,2023-06-30,2024-01-24,Available,LendingWeb
L-100271,B-73075,Personal,2020-03-24,2030-01-31,444322.19,351426.03,0.0561,120,DE,Home Improvement,F,13 years,100k-150k,Current,0,Beta Loan Servicers,2022-07-15,2024-05-19,Available,Manual
L-100272,B-41862,Auto,2018-06-22,2048-01-16,345761.24,77448.29,0.1225,360,KS,Home Improvement,D,2 years,100k-150k,Closed,0,Alpha Servicing,2018-09-21,2024-06-21,Missing,Legacy
L-100273,B-26492,Student,2020-08-11,2030-06-20,490929.48,358795.55,0.1208,120,NH,Other,B,0 years,>150k,Late (31-120 days),65,Gamma Collections,2023-03-19,2024-01-16,Expired,LendingWeb
L-100274,B-81137,Student,2020-02-17,2025-01-21,274092.17,98383.93,0.0862,60,RI,Medical Expenses,B,2 years,50k-100k,Default,106,Gamma Collections,2021-09-23,2024-06-15,Available,Manual
L-100275,B-34318,Auto,2022-01-31,2027-01-05,163743.58,24671.8,0.1461,60,MO,Home Improvement,E,15 years,50k-100k,Charged Off,103,Gamma Collections,2023-04-25,2024-06-04,Available,Legacy
L-100276,B-15737,Mortgage,2020-01-02,2022-12-17,105029.12,51285.32,0.0419,36,OR,Other,G,12 years,>150k,Charged Off,190,Gamma Collections,2020-03-22,2024-06-08,Available,Legacy
L-100277,B-37359,Student,2018-11-24,2048-06-19,401504.87,59647.62,0.097,360,NE,Credit Card Refinancing,G,1 years,100k-150k,Charged Off,41,Alpha Servicing,2021-04-26,2024-05-03,Missing,Legacy
L-100278,B-23267,Mortgage,2023-12-18,2053-07-13,98782.9,51461.31,0.0599,360,SD,Home Improvement,E,17 years,>150k,Fully Paid,0,Alpha Servicing,2026-03-11,2024-06-22,Expired,Manual
L-100279,B-23644,Mortgage,2020-01-09,2049-08-04,254822.93,159525.65,0.0941,360,RI,Major Purchase,C,10 years,100k-150k,Closed,0,Gamma Collections,2021-04-05,2024-07-27,Pending,OriginatePro
L-100280,B-83812,Mortgage,2022-03-17,2032-01-24,183204.23,84626.21,0.1452,120,AL,Other,A,9 years,<50k,Charged Off,65,Gamma Collections,2022-04-22,2024-05-08,Missing,LendingWeb
L-100281,B-12844,Personal,2023-09-26,2028-08-30,51672.13,24197.84,0.0487,60,KY,Credit Card Refinancing,E,7 years,50k-100k,Late (31-120 days),107,Alpha Servicing,2025-06-01,2024-07-19,Missing,Legacy
L-100282,B-52558,Student,2019-12-10,2049-07-05,413724.1,269614.1,0.0991,360,CT,Medical Expenses,F,9 years,<50k,Fully Paid,0,Delta Financial,2020-03-29,2024-01-25,Pending,LendingWeb
L-100283,B-66925,Student,2019-05-09,2024-04-12,375100.94,292422.14,0.1414,60,SD,Other,D,1 years,100k-150k,Charged Off,41,Gamma Collections,2020-12-11,2024-03-11,Missing,OriginatePro
L-100284,B-16621,Student,2022-12-31,2025-12-15,114932.39,38137.6,0.0773,36,FL,Credit Card Refinancing,A,15 years,<50k,Charged Off,133,Gamma Collections,2023-04-27,2024-07-17,Expired,OriginatePro
L-100285,B-27677,Student,2020-03-22,2049-10-16,200682.81,111793.28,0.0973,360,WV,Medical Expenses,B,7 years,<50k,Late (31-120 days),141,Gamma Collections,2022-03-23,2024-02-04,Expired,Manual
L-100286,B-57876,Personal,2020-02-20,2029-12-29,175539.83,109594.41,0.1224,120,HI,Credit Card Refinancing,E,14 years,50k-100k,Default,42,Beta Loan Servicers,2020-10-11,2024-06-05,Available,Legacy
L-100287,B-17148,Mortgage,2019-08-28,2029-07-06,11797.98,7728.1,0.0434,120,NH,Major Purchase,A,10 years,50k-100k,Fully Paid,0,Beta Loan Servicers,2020-04-22,2024-05-18,Expired,OriginatePro
L-100288,B-97590,Auto,2022-03-23,2025-03-07,131450.89,19466.3,-0.03543176520186896,36,VT,Medical Expenses,C,1 years,>150k,Fully Paid,0,Alpha Servicing,2022-06-29,2024-07-22,Pending,LendingWeb
L-100289,B-24141,Auto,2021-04-13,2050-11-07,119428.47,48316.1,0.1472,360,CT,Credit Card Refinancing,D,19 years,<50k,Late (16-30 days),19,Delta Financial,2022-12-08,2024-01-02,Missing,LendingWeb
L-100290,B-53721,Student,2022-05-31,2027-05-05,14094.25,9125.31,0.0726,60,MD,Home Improvement,E,8 years,<50k,Fully Paid,0,Gamma Collections,2024-12-15,2024-07-27,Available,LendingWeb
L-100291,B-39567,Mortgage,2021-10-31,2051-05-27,330181.22,56208.73,0.0759,360,UT,Medical Expenses,G,20 years,50k-100k,Default,92,Beta Loan Servicers,2023-02-09,2024-05-20,Pending,Manual
L-100292,B-81071,Mortgage,2020-04-26,2025-03-31,292610.2,189388.71,0.0543,60,FL,Credit Card Refinancing,F,16 years,50k-100k,Default,68,Beta Loan Servicers,2021-04-16,2024-02-18,Available,OriginatePro
L-100293,B-51628,Mortgage,2018-05-01,2028-03-09,440665.29,190029.03,0.0794,120,NH,Other,G,20 years,100k-150k,Late (16-30 days),28,Beta Loan Servicers,2018-09-17,2024-03-06,Available,LendingWeb
L-100294,B-89377,Mortgage,2020-08-09,2025-07-14,345252.05,133753.77,0.1126,60,NM,Home Improvement,E,19 years,>150k,Fully Paid,0,Gamma Collections,2021-03-15,2024-07-16,Expired,OriginatePro
L-100295,B-31467,Mortgage,2020-07-15,2023-06-30,207251.63,181355.97,0.1411,36,NE,Home Improvement,F,6 years,50k-100k,Current,0,Beta Loan Servicers,2023-03-21,2024-08-28,Expired,LendingWeb
L-100296,B-69971,Mortgage,2022-10-18,2052-05-13,389226.29,228220.49,0.1289,360,WA,Credit Card Refinancing,D,19 years,<50k,Charged Off,58,Delta Financial,2024-02-27,2024-01-08,Expired,Legacy
L-100297,B-83098,Student,2023-10-16,2026-09-30,98975.92,44701.79,0.1361,36,WY,Credit Card Refinancing,D,5 years,>150k,Late (31-120 days),187,Alpha Servicing,2025-10-21,2024-03-15,Expired,Legacy
L-100298,B-75622,Auto,2020-01-07,2024-12-11,199568.02,71598.77,0.033,60,NJ,Medical Expenses,F,6 years,>150k,Current,0,Gamma Collections,2021-01-02,2024-03-23,Available,Legacy
L-100299,B-24963,Student,Not A Date,2025-01-10,264289.57,107637.19,0.1249,36,NC,Medical Expenses,B,12 years,>150k,Current,0,Beta Loan Servicers,2024-09-16,2024-06-19,Missing,OriginatePro
L-100300,B-28953,Mortgage,2018-07-30,2048-02-23,157490.79,107744.08,0.1453,360,ME,Other,B,3 years,50k-100k,Late (16-30 days),16,Gamma Collections,2018-09-10,2024-08-16,Expired,Legacy
L-100301,B-89689,Student,2020-09-01,2025-08-06,296486.85,142482.56,0.4859974125760205,60,CO,Medical Expenses,E,0 years,50k-100k,Charged Off,102,Beta Loan Servicers,2020-11-20,2024-03-05,Available,LendingWeb
L-100302,B-14813,Mortgage,2018-05-13,2028-03-21,168899.99,28740.39,0.0431,120,ID,Home Improvement,F,9 years,50k-100k,Default,179,Gamma Collections,2021-01-20,2024-01-03,Pending,LendingWeb
L-100303,B-58309,Student,2018-10-05,2048-04-30,422438.27,64185.56,0.0865,360,DE,Other,G,8 years,100k-150k,Charged Off,136,Beta Loan Servicers,2020-10-16,2024-04-20,Available,Legacy
L-100304,B-84890,Auto,2023-06-05,2033-04-13,216391.53,168404.19,0.0612,120,OR,Medical Expenses,C,4 years,>150k,Charged Off,192,Delta Financial,2024-11-20,2024-03-20,Missing,LendingWeb
L-100305,B-35369,Auto,2019-04-30,2022-04-14,235118.39,173373.02,0.1185,36,IN,Medical Expenses,D,13 years,<50k,Late (31-120 days),120,Beta Loan Servicers,2019-06-10,2024-04-23,Pending,LendingWeb
L-100306,B-18891,Personal,2021-05-14,2031-03-23,384681.14,73500.8,0.07,120,MT,Other,E,19 years,<50k,Closed,0,Beta Loan Servicers,2021-12-28,2024-06-27,Pending,Manual
L-100307,B-72193,Auto,2019-07-11,2049-02-03,81916.21,38377.28,0.1338,360,MI,Major Purchase,G,13 years,<50k,Closed,0,Gamma Collections,2021-03-10,2024-06-18,Available,OriginatePro
L-100308,B-85680,Personal,2021-12-19,2024-12-03,484958.58,157305.06,0.0337,36,MO,Other,E,5 years,>150k,Late (16-30 days),25,Alpha Servicing,2024-06-21,2024-05-23,Pending,Legacy
L-100309,B-45585,Student,2018-12-22,2048-07-17,439139.12,-500.0,0.1295,360,MD,Home Improvement,E,9 years,50k-100k,Current,0,Gamma Collections,2021-04-03,2024-01-25,Missing,Legacy
L-100310,B-68166,Auto,2023-05-31,2028-05-04,99154.78,83181.88,0.1179,60,ND,Credit Card Refinancing,G,10 years,50k-100k,Closed,0,Alpha Servicing,2025-10-18,2024-03-07,Available,Manual
L-100311,B-60801,Auto,2018-01-17,2027-11-26,466506.99,303062.47,0.1013,120,CO,Credit Card Refinancing,D,1 years,<50k,Charged Off,199,Gamma Collections,2018-03-11,2024-05-21,Missing,LendingWeb
L-100312,B-36287,Mortgage,2021-03-19,2031-01-26,268476.52,192827.8,0.1105,120,LA,Home Improvement,B,8 years,<50k,Current,0,Alpha Servicing,2021-11-15,2024-06-18,Pending,LendingWeb
L-100313,B-28554,Personal,2020-09-29,2025-09-03,40265.22,23781.05,0.0706,60,NH,Debt Consolidation,B,0 years,>150k,Fully Paid,0,Alpha Servicing,2021-02-14,2024-07-02,Available,Manual
L-100314,B-61369,Mortgage,2023-01-01,2032-11-09,159658.12,120374.81,0.1155,120,TX,Medical Expenses,A,14 years,50k-100k,Current,0,Delta Financial,2023-05-10,2024-08-10,Expired,Manual
L-100315,B-40368,Mortgage,2019-08-12,2029-06-20,456866.5,188988.1,0.114,120,TX,Credit Card Refinancing,G,10 years,>150k,Default,38,Alpha Servicing,2021-01-09,2024-02-12,Expired,Manual
L-100316,B-32387,Personal,2021-11-28,2026-11-02,256435.08,108869.2,-0.01589460127080438,60,CT,Credit Card Refinancing,E,20 years,<50k,Closed,0,Gamma Collections,2023-06-26,2024-08-13,Expired,OriginatePro
L-100317,B-91379,Mortgage,2019-10-14,2049-05-09,194989.15,72647.37,0.1277,360,PA,Major Purchase,G,13 years,100k-150k,Charged Off,91,Beta Loan Servicers,2021-09-21,2024-02-24,Expired,Legacy
L-100318,B-87616,Student,2021-08-25,2024-08-09,411901.41,99243.2,0.1447,36,CA,Medical Expenses,A,19 years,>150k,Late (31-120 days),157,Alpha Servicing,2021-12-25,2024-04-27,Missing,Legacy
L-100319,B-29231,Mortgage,2023-01-30,2032-12-08,198041.42,111367.63,0.0535,120,UT,Credit Card Refinancing,C,18 years,100k-150k,Default,119,Alpha Servicing,2024-10-17,2024-01-20,Expired,OriginatePro
L-100320,B-48559,Auto,2022-02-21,2025-02-05,5417.44,2968.89,0.1474,36,DE,Credit Card Refinancing,G,0 years,50k-100k,Default,182,Delta Financial,2023-12-23,2024-06-23,Expired,Manual
L-100321,B-60012,Student,2020-05-15,2025-04-19,240061.35,60154.93,0.0762,60,MS,Major Purchase,B,9 years,50k-100k,Late (16-30 days),16,Alpha Servicing,2022-04-08,2024-01-05,Expired,Manual
L-100322,B-27796,Auto,2019-07-17,2049-02-09,430775.62,351024.4,0.1134,360,NV,Medical Expenses,B,14 years,>150k,Charged Off,146,Delta Financial,2020-08-13,2024-04-06,Expired,Legacy
L-100323,B-85751,Student,2020-08-27,2030-07-06,208364.72,111877.9,0.074,120,AZ,Medical Expenses,D,11 years,<50k,Charged Off,154,Alpha Servicing,2021-02-18,2024-05-15,Available,Legacy
L-100324,B-42142,Student,2018-11-16,2028-09-24,308454.36,253817.29,0.0942,120,AL,Major Purchase,D,16 years,>150k,Charged Off,115,Delta Financial,2019-12-12,2024-05-10,Missing,Legacy
L-100325,B-88333,Personal,2020-12-02,2023-11-17,316503.53,178037.31,-0.031215081825009233,36,TX,Credit Card Refinancing,G,19 years,<50k,Late (31-120 days),155,Alpha Servicing,2021-05-10,2024-02-28,Pending,LendingWeb
L-100326,B-27372,Personal,2021-02-01,2030-12-11,12030.49,2276.64,0.051,120,PA,Other,B,14 years,100k-150k,Closed,0,Beta Loan Servicers,2021-11-25,2024-04-16,Missing,Legacy
L-100327,B-54937,Auto,2019-08-18,2024-07-22,419619.04,420619.04,0.0796,60,MO,Home Improvement,F,14 years,50k-100k,Late (16-30 days),25,Gamma Collections,2019-11-11,2024-05-25,Available,Legacy
L-100328,B-31967,Student,2022-06-22,2052-01-16,154176.73,107448.91,0.1203,360,OH,Home Improvement,D,12 years,>150k,Late (31-120 days),68,Delta Financial,2022-08-03,2024-05-26,Expired,Manual
L-100329,B-98931,Personal,2023-12-12,2026-11-26,53195.34,27929.4,0.0725,36,NV,Medical Expenses,F,8 years,100k-150k,Late (31-120 days),99,Alpha Servicing,2024-09-28,2024-07-15,Missing,OriginatePro
L-100330,B-78151,Personal,2020-01-07,2029-11-15,276068.21,176198.19,0.1298,120,AL,Major Purchase,A,16 years,<50k,Fully Paid,0,Delta Financial,2021-01-30,2024-04-24,Pending,LendingWeb
L-100331,B-35307,Auto,2018-04-08,2021-03-23,33156.55,19075.32,0.1373,36,IN,Medical Expenses,F,3 years,<50k,Current,0,Beta Loan Servicers,2019-05-27,2024-03-04,Missing,LendingWeb
L-100332,B-48609,Student,2018-11-07,2048-06-02,461734.22,148266.02,0.0812,360,TX,Credit Card Refinancing,C,5 years,<50k,Late (31-120 days),46,Delta Financial,2020-01-08,2024-06-02,Pending,LendingWeb
L-100333,B-33321,Student,2018-10-12,2048-05-07,489813.88,127613.8,0.0771,360,TN,Major Purchase,A,4 years,>150k,Late (16-30 days),25,Alpha Servicing,2021-06-02,2024-08-23,Pending,Legacy
L-100334,B-14569,Auto,2018-10-16,2028-08-24,389732.4,44823.84,0.0897,120,TN,Other,A,1 years,>150k,Late (31-120 days),69,Gamma Collections,2021-05-29,2024-07-19,Available,Manual
L-100335,B-72670,Student,2022-07-13,2025-06-27,272363.71,27957.01,0.1445,36,WY,Major Purchase,A,18 years,100k-150k,Late (31-120 days),108,Delta Financial,2022-10-07,2024-02-12,Pending,Legacy
L-100336,B-70245,Personal,2020-04-11,2025-03-16,279465.36,244255.62,0.1093,60,MD,Other,D,3 years,100k-150k,Default,52,Delta Financial,2022-06-02,2024-04-05,Available,OriginatePro
L-100337,B-13324,Mortgage,2023-06-27,2053-01-20,36181.35,19264.46,0.0669,360,OH,Major Purchase,A,1 years,100k-150k,Current,0,Gamma Collections,2025-10-10,2024-01-13,Available,OriginatePro
L-100338,B-95701,Student,2019-09-03,2024-08-07,462783.83,59931.49,0.047,60,TN,Debt Consolidation,D,19 years,<50k,Late (16-30 days),27,Beta Loan Servicers,2019-10-17,2024-03-21,Available,LendingWeb
L-100339,B-22752,Student,2019-12-01,2022-11-15,409811.09,75841.67,0.0897,36,SC,Home Improvement,A,6 years,>150k,Late (31-120 days),133,Gamma Collections,2020-05-02,2024-03-11,Missing,Legacy
L-100340,B-87736,Mortgage,2021-10-06,2024-09-20,64769.02,13795.12,0.0798,36,VT,Credit Card Refinancing,E,5 years,>150k,Late (16-30 days),30,Alpha Servicing,2022-03-21,2024-02-26,Expired,OriginatePro
L-100341,B-12048,Student,2018-11-27,2021-11-11,8575.88,7211.54,0.1148,36,PA,Credit Card Refinancing,D,15 years,50k-100k,Late (16-30 days),18,Gamma Collections,2020-06-14,2024-08-14,Missing,OriginatePro
,B-90024,Auto,2020-01-08,2049-08-03,307964.66,52482.4,0.1292,360,MD,Credit Card Refinancing,D,0 years,50k-100k,Late (16-30 days),17,Alpha Servicing,2021-11-01,2024-06-28,Missing,Manual
L-100343,B-92111,Mortgage,2021-02-06,2024-01-22,100890.9,74385.89,0.1122,36,NM,Major Purchase,B,5 years,<50k,Current,0,Gamma Collections,2021-12-24,2024-04-14,Pending,LendingWeb
L-100344,B-90847,Student,2018-06-27,2021-06-11,371506.36,312024.13,0.0511,36,AK,Major Purchase,E,3 years,<50k,Late (16-30 days),27,Delta Financial,2020-03-24,2024-06-14,Missing,LendingWeb
L-100345,B-40154,Auto,2021-08-28,2026-08-02,53541.75,36954.42,0.1344,60,MO,Home Improvement,A,15 years,>150k,Current,0,Delta Financial,2022-02-22,2024-04-20,Expired,OriginatePro
L-100346,B-60768,Personal,2019-07-13,2049-02-05,361311.5,218816.35,0.1471,360,IL,Credit Card Refinancing,B,1 years,<50k,Late (31-120 days),65,Alpha Servicing,2021-12-31,2024-08-15,Expired,OriginatePro
L-100347,B-55033,Mortgage,2021-04-23,2026-03-28,395825.75,241611.79,0.1034,60,HI,Medical Expenses,E,7 years,<50k,Default,164,Delta Financial,2023-10-22,2024-04-19,Expired,Manual
L-100348,B-46591,Auto,2022-10-20,2027-09-24,127676.56,57122.36,0.0567,60,PA,Home Improvement,E,0 years,>150k,Current,0,Alpha Servicing,2024-03-14,2024-01-14,Expired,Manual
L-100349,B-22844,Student,2023-07-22,2028-06-25,46130.3,32404.83,0.1132,60,NE,Home Improvement,B,11 years,100k-150k,Late (16-30 days),26,Alpha Servicing,2023-09-06,2024-08-22,Pending,OriginatePro
L-100350,B-70199,Auto,2023-02-07,2052-09-02,387058.33,309398.65,0.0786,360,MS,Other,D,20 years,<50k,Closed,0,Alpha Servicing,2024-04-06,2024-06-17,Available,LendingWeb
L-100351,B-65823,Personal,2020-04-28,2023-04-13,312125.33,115035.58,0.1419,36,NC,Other,C,1 years,<50k,Default,124,Delta Financial,2022-02-20,2024-01-12,Pending,OriginatePro
L-100352,B-94957,Auto,2020-04-18,2025-03-23,490719.55,142753.34,0.0436,60,NM,Other,G,18 years,50k-100k,Closed,0,Beta Loan Servicers,2021-04-11,2024-06-09,Expired,LendingWeb
L-100353,B-17138,Auto,2022-03-08,2032-01-15,228943.27,114737.23,0.1295,120,NM,Other,E,17 years,100k-150k,Default,189,Gamma Collections,2024-07-04,2024-02-07,Expired,Legacy
L-100354,B-20508,Student,2020-01-03,2029-11-11,479336.97,77440.65,0.0498,120,DE,Other,B,15 years,50k-100k,Closed,0,Beta Loan Servicers,2021-07-19,2024-01-10,Expired,OriginatePro
L-100355,B-72115,Personal,2022-09-17,2052-04-12,370166.08,43378.22,0.0527,360,AK,Home Improvement,G,16 years,100k-150k,Default,179,Gamma Collections,2024-08-18,2024-06-16,Expired,Manual
L-100356,B-49856,Mortgage,2021-06-09,2026-05-14,395687.51,111356.58,0.0746,60,ME,Debt Consolidation,B,11 years,100k-150k,Default,73,Beta Loan Servicers,2023-07-07,2024-05-06,Missing,OriginatePro
L-100357,B-31135,Mortgage,2019-04-24,2022-04-08,496917.65,278085.12,0.0829,36,MS,Home Improvement,B,17 years,<50k,Fully Paid,0,Gamma Collections,2020-05-10,2024-03-12,Expired,OriginatePro
L-100358,B-79945,Personal,2019-05-13,2022-04-27,205258.35,102533.43,0.0474,36,NJ,Credit Card Refinancing,B,0 years,100k-150k,Fully Paid,0,Gamma Collections,2020-10-09,2024-05-25,Missing,Manual
L-100359,B-54392,Auto,2023-05-16,2026-04-30,74014.53,40024.69,0.067,36,MT,Medical Expenses,G,7 years,>150k,Late (31-120 days),54,Gamma Collections,2023-08-10,2024-04-19,Missing,LendingWeb
L-100360,B-35652,Auto,2018-12-09,2048-07-04,340146.38,294600.43,0.1471,360,MT,Home Improvement,D,10 years,<50k,Fully Paid,0,Gamma Collections,2020-02-19,2024-03-23,Expired,LendingWeb
L-100361,B-60608,Personal,2018-02-19,2027-12-29,175735.51,60886.78,0.0835,120,OK,Debt Consolidation,B,14 years,>150k,Closed,0,Delta Financial,2019-01-10,2024-03-26,Expired,Manual
L-100362,B-28293,Auto,2019-08-12,2024-07-16,155099.41,138147.97,0.093,60,MI,Debt Consolidation,E,12 years,<50k,Current,0,Delta Financial,2021-06-26,2024-05-14,Missing,Manual
L-100363,B-84437,Mortgage,2020-03-27,2025-03-01,416980.44,138258.43,0.0889,60,MD,Medical Expenses,C,15 years,>150k,Late (16-30 days),16,Alpha Servicing,2020-09-30,2024-05-10,Expired,Legacy
L-100364,B-95696,Personal,2022-09-05,2027-08-10,248483.82,161582.7,0.0594,60,DE,Credit Card Refinancing,D,2 years,100k-150k,Charged Off,154,Delta Financial,2025-03-12,2024-05-21,Expired,Legacy
L-100365,B-58916,Auto,2020-11-29,2025-11-03,292918.98,63536.97,0.49729255387262106,60,VT,Home Improvement,C,5 years,<50k,Late (31-120 days),123,Delta Financial,2022-10-11,2024-06-02,Pending,LendingWeb
L-100366,B-79417,Auto,2023-10-06,2028-09-09,384389.01,94789.56,0.0413,60,WI,Home Improvement,E,10 years,100k-150k,Closed,0,Gamma Collections,2024-08-08,2024-06-04,Pending,OriginatePro
L-100367,B-11690,Mortgage,2023-10-24,2033-09-01,189642.03,92529.99,0.0708,120,HI,Debt Consolidation,B,4 years,50k-100k,Closed,0,Beta Loan Servicers,2026-02-14,2024-02-14,Expired,Legacy
L-100368,B-25278,Mortgage,2018-03-13,2047-10-07,177363.91,115790.35,0.0467,360,NH,Medical Expenses,E,10 years,50k-100k,Fully Paid,0,Gamma Collections,2018-05-11,2024-02-08,Missing,OriginatePro
L-100369,B-39697,Personal,2019-05-29,2024-05-02,69458.03,11313.6,0.1129,60,DE,Debt Consolidation,A,15 years,>150k,Current,0,Beta Loan Servicers,2019-10-16,2024-01-26,Available,Manual
L-100370,B-25587,Personal,2018-06-27,2021-06-11,154314.67,16699.61,0.0416,36,DE,Medical Expenses,B,18 years,50k-100k,Late (16-30 days),26,Gamma Collections,2018-08-25,2024-02-05,Pending,LendingWeb
L-100371,B-56163,Mortgage,2023-08-13,2028-07-17,254930.07,39429.94,0.1284,60,WI,Debt Consolidation,E,6 years,50k-100k,Current,100,Alpha Servicing,2025-09-23,2024-02-07,Expired,LendingWeb
L-100372,B-87251,Mortgage,2022-12-06,2025-11-20,94520.03,36282.26,0.0756,36,IN,Medical Expenses,B,13 years,<50k,Closed,0,Gamma Collections,2023-05-11,2024-08-04,Missing,Manual
L-100373,B-57349,Personal,2018-06-16,2021-05-31,167417.13,32240.87,0.064,36,RI,Other,C,14 years,50k-100k,Charged Off,135,Gamma Collections,2020-12-07,2024-07-07,Available,Manual
L-100374,B-99015,Personal,2020-01-05,2022-12-20,499368.05,246347.6,0.0426,36,NH,Medical Expenses,F,2 years,<50k,Late (16-30 days),22,Delta Financial,2022-01-15,2024-02-24,Missing,Legacy
L-100375,B-57672,Mortgage,2021-10-19,2026-09-23,299505.61,267317.46,0.0447,60,NV,Other,D,8 years,100k-150k,Closed,0,Delta Financial,2022-11-17,2024-08-22,Expired,Manual
L-100376,B-77032,Personal,2019-08-27,2049-03-22,58478.15,17575.72,0.0897,360,SD,Home Improvement,A,3 years,<50k,Closed,0,Alpha Servicing,2021-02-17,2024-01-06,Expired,LendingWeb
L-100377,B-30019,Personal,2019-01-30,2022-01-14,332234.9,171419.63,0.0891,36,NJ,Home Improvement,C,15 years,>150k,Charged Off,97,Gamma Collections,2021-06-06,2024-01-25,Available,Manual
L-100378,B-25615,Student,2023-01-18,2032-11-26,427172.77,193955.62,-0.010439705231080842,120,ID,Medical Expenses,F,9 years,50k-100k,Default,141,Beta Loan Servicers,2024-01-02,2024-07-16,Available,Manual
L-100379,B-96517,Student,2023-05-04,2028-04-07,255809.1,105676.75,0.0894,60,MO,Medical Expenses,F,11 years,100k-150k,Late (31-120 days),46,Alpha Servicing,2025-01-27,2024-01-05,Pending,LendingWeb
L-100380,B-86541,Auto,2021-10-29,2051-05-25,53188.27,20004.88,0.0729,360,MN,Debt Consolidation,F,7 years,50k-100k,Late (16-30 days),26,Gamma Collections,2023-07-27,2024-02-23,Available,LendingWeb
L-100381,B-25003,Personal,2019-11-27,2022-11-11,271516.32,35270.54,0.1089,36,NV,Medical Expenses,E,13 years,100k-150k,Current,0,Delta Financial,2021-08-20,2024-01-11,Expired,Manual
L-100382,B-52260,Auto,2023-06-24,2026-06-08,346977.66,91854.23,0.0896,36,WI,Other,C,5 years,100k-150k,Late (31-120 days),142,Beta Loan Servicers,2024-12-13,2024-02-27,Missing,LendingWeb
L-100383,B-44754,Auto,2021-05-02,2050-11-26,403278.49,241829.11,0.145,360,VA,Medical Expenses,A,18 years,100k-150k,Late (31-120 days),48,Delta Financial,2022-08-12,2024-04-12,Available,LendingWeb
L-100384,B-76144,Personal,2022-11-09,2032-09-17,104038.11,43887.52,0.105,120,NJ,Other,G,17 years,50k-100k,Current,0,Beta Loan Servicers,2024-07-21,2024-08-07,Expired,LendingWeb
L-100385,B-93614,Student,2018-09-03,2023-08-08,185315.96,40435.01,0.0481,60,UT,Credit Card Refinancing,G,13 years,>150k,Late (31-120 days),47,Beta Loan Servicers,2021-02-15,2024-07-09,Pending,OriginatePro
L-100386,B-43612,Mortgage,2022-07-21,2027-06-25,61211.5,15519.12,0.0595,60,MD,Major Purchase,D,17 years,>150k,Default,196,Alpha Servicing,2023-03-14,2024-03-09,Missing,Legacy
L-100387,B-43868,Personal,2019-12-22,2022-12-06,482074.51,235577.07,0.0324,36,CO,Credit Card Refinancing,E,9 years,<50k,Default,124,Alpha Servicing,2021-03-02,2024-03-08,,Legacy
L-100388,B-78414,Personal,2023-07-27,2026-07-11,122848.04,24301.98,0.1268,36,MI,Medical Expenses,F,12 years,50k-100k,Default,86,Beta Loan Servicers,2023-12-13,2024-03-07,Pending,Manual
L-100389,B-63526,Personal,2018-08-18,2048-03-13,269067.64,177502.36,0.0436,360,OH,Major Purchase,D,7 years,100k-150k,Closed,0,Beta Loan Servicers,2019-09-23,2024-08-23,Pending,LendingWeb
L-100390,B-12762,Auto,2018-08-12,2023-07-17,130226.53,53100.15,0.1067,60,VT,Credit Card Refinancing,G,3 years,50k-100k,Closed,0,Delta Financial,2019-10-13,2024-01-13,Pending,LendingWeb
L-100391,B-21829,Mortgage,2021-05-03,2026-04-07,430411.28,98212.01,0.0827,60,MA,Other,D,1 years,100k-150k,Closed,0,Alpha Servicing,2023-09-22,2024-08-16,Expired,LendingWeb
L-100392,B-65360,Auto,2019-10-19,2029-08-27,255635.58,97521.16,0.1023,120,OK,Other,C,14 years,<50k,Closed,0,Alpha Servicing,2021-09-04,2024-03-21,Expired,OriginatePro
L-100393,B-10403,Student,2020-03-30,2030-02-06,160292.29,26574.16,0.0489,120,ND,Other,G,20 years,50k-100k,Closed,0,Delta Financial,2022-07-19,2024-06-15,Expired,OriginatePro
L-100394,B-44167,Mortgage,2021-09-03,2031-07-13,103338.54,44600.62,0.0518,120,MO,Medical Expenses,B,0 years,<50k,Charged Off,196,Beta Loan Servicers,2024-04-18,2024-02-15,Missing,LendingWeb
L-100395,B-32119,Auto,2022-07-01,2052-01-25,302194.4,66301.74,0.145,360,HI,Medical Expenses,A,0 years,>150k,Closed,0,Delta Financial,2024-11-24,2024-08-04,Missing,OriginatePro
L-100396,B-34975,Personal,Not A Date,2050-10-19,194126.39,86395.34,0.0548,360,IN,Credit Card Refinancing,F,6 years,>150k,Late (16-30 days),22,Beta Loan Servicers,2021-05-23,2024-05-09,Missing,Manual
L-100397,B-42547,Personal,2023-02-20,2026-02-04,10108.52,2088.06,0.0688,36,VT,Major Purchase,F,6 years,>150k,Fully Paid,0,Delta Financial,2025-04-13,2024-05-03,Available,Legacy
L-100398,B-16830,Personal,2020-08-19,2050-03-15,454572.14,407929.2,0.1427,360,RI,Other,F,1 years,<50k,Late (31-120 days),160,Delta Financial,2021-07-24,2024-07-22,Pending,OriginatePro
L-100399,B-83342,Auto,2020-01-05,2029-11-13,89083.92,44031.68,0.0707,120,NJ,Home Improvement,A,10 years,>150k,Late (16-30 days),20,Alpha Servicing,2020-12-20,2024-01-05,Expired,LendingWeb
L-100400,B-57263,Student,2021-03-04,2031-01-11,308401.13,218733.85,0.0617,120,MA,Major Purchase,B,10 years,>150k,Closed,0,Beta Loan Servicers,2022-10-24,2024-08-02,Missing,OriginatePro
L-100401,B-17152,Mortgage,2020-01-21,2023-01-05,237772.53,54888.35,0.0861,36,DE,Major Purchase,A,14 years,100k-150k,Fully Paid,0,Delta Financial,2021-06-02,2024-08-04,Missing,Legacy
,B-55823,Auto,2020-04-14,2030-02-21,94424.21,22155.32,0.091,120,LA,Medical Expenses,F,18 years,50k-100k,Charged Off,32,Beta Loan Servicers,2021-07-14,2024-02-08,Expired,Legacy
L-100403,B-53077,Auto,2021-03-10,2024-02-23,200114.05,5000.0,0.1441,36,MA,Home Improvement,A,2 years,>150k,Closed,0,Delta Financial,2022-07-17,2024-05-20,Available,LendingWeb
L-100404,B-15747,Student,2021-08-23,2026-07-28,109626.6,15232.16,0.1072,60,MA,Debt Consolidation,F,2 years,>150k,Current,0,Delta Financial,2022-06-10,2024-03-08,Expired,Legacy
L-100405,B-12688,Mortgage,2019-10-30,2049-05-25,390848.81,128178.36,0.1203,360,TN,Home Improvement,A,9 years,>150k,Closed,0,Delta Financial,2021-12-21,2024-05-22,Missing,LendingWeb
L-100406,B-97231,Auto,2022-02-14,2027-01-19,247363.4,199951.36,0.0872,60,OR,Medical Expenses,D,2 years,>150k,Closed,0,Gamma Collections,2023-12-04,2024-03-14,Expired,Legacy
L-100407,B-15300,Personal,2023-03-14,2028-02-16,325567.26,218425.81,0.1417,60,ND,Other,F,16 years,<50k,Late (31-120 days),150,Delta Financial,2023-07-03,2024-08-10,Missing,OriginatePro
L-100408,B-99694,Personal,2020-10-15,2050-05-11,151263.41,20901.97,0.0392,360,AZ,Medical Expenses,A,16 years,>150k,Default,55,Delta Financial,2022-09-21,2024-05-12,Pending,Legacy
L-100409,B-75987,Auto,2019-04-12,2048-11-05,93878.34,23072.15,0.0772,360,CO,Major Purchase,F,9 years,100k-150k,Charged Off,147,Delta Financial,2021-02-08,2024-05-11,Missing,OriginatePro
L-100410,B-34259,Auto,2020-11-28,2023-11-13,219730.47,25122.26,0.0774,36,AL,Home Improvement,F,15 years,>150k,Fully Paid,0,Delta Financial,2023-06-05,2024-08-10,Pending,Manual
L-100411,B-49669,Auto,2019-05-28,2024-05-01,11868.58,2249.45,0.38390587088068207,60,IL,Debt Consolidation,B,15 years,50k-100k,Fully Paid,0,Beta Loan Servicers,2020-09-15,2024-04-03,Pending,Manual
L-100412,B-29420,Student,Not A Date,2025-09-09,62647.12,51491.69,0.1187,36,NH,Major Purchase,D,0 years,>150k,Charged Off,93,Beta Loan Servicers,2023-08-22,2024-07-02,Pending,Legacy
L-100413,B-23456,Student,2022-08-30,2052-03-25,369853.77,213284.18,0.0965,360,ME,Debt Consolidation,D,12 years,>150k,Charged Off,182,Delta Financial,2023-05-24,2024-01-17,Available,Manual
L-100414,B-85550,Personal,2018-09-18,2028-07-27,446974.21,193857.17,0.0868,120,NY,Medical Expenses,F,11 years,>150k,Fully Paid,0,Delta Financial,2018-11-08,2024-03-10,Missing,Manual
L-100415,B-55068,Student,2020-08-08,2025-07-13,295891.06,191731.27,0.1406,60,VA,Other,D,4 years,100k-150k,Fully Paid,0,Delta Financial,2021-11-07,2024-06-26,Expired,OriginatePro
L-100416,B-91506,Mortgage,2021-03-02,2024-02-15,335192.94,68137.1,0.0539,36,RI,Major Purchase,A,13 years,>150k,Late (31-120 days),91,Beta Loan Servicers,2022-10-23,2024-01-01,Pending,LendingWeb
L-100417,B-56798,Mortgage,2019-12-17,2022-12-01,404373.69,149694.21,0.0437,36,IA,Debt Consolidation,E,7 years,>150k,Late (31-120 days),118,Gamma Collections,2022-03-13,2024-01-25,Pending,OriginatePro
L-100418,B-77552,Auto,2018-07-26,2048-02-19,400498.51,348480.84,0.1207,360,CT,Medical Expenses,E,3 years,<50k,Charged Off,57,Beta Loan Servicers,2020-05-31,2024-02-28,Missing,LendingWeb
L-100419,B-30582,Personal,2022-12-14,2052-07-09,367613.19,65962.82,0.1077,360,MI,Home Improvement,A,6 years,>150k,Default,32,Beta Loan Servicers,2025-05-16,2024-08-11,Pending,OriginatePro
L-100420,B-21171,Personal,2022-03-06,2051-09-30,183518.49,115982.99,0.0482,360,WI,Medical Expenses,D,7 years,50k-100k,Closed,0,Delta Financial,2023-06-02,2024-07-15,Pending,Legacy
L-100421,B-68009,Mortgage,2018-02-10,2021-01-25,46965.22,16524.41,0.1478,36,HI,Major Purchase,A,12 years,<50k,Fully Paid,0,Beta Loan Servicers,2020-09-21,2024-01-21,Pending,Manual
L-100422,B-62691,Personal,2021-07-08,2031-05-17,8911.61,2885.8,0.0933,120,GA,Other,D,14 years,50k-100k,Charged Off,190,Delta Financial,2023-07-22,2024-06-26,Expired,OriginatePro
L-100423,B-49522,Auto,2018-06-01,2028-04-09,198046.8,133702.27,0.1356,120,ND,Medical Expenses,C,6 years,<50k,Charged Off,172,Gamma Collections,2019-12-16,2024-06-25,Missing,Legacy
L-100424,B-13655,Personal,2020-09-15,2030-07-25,364622.08,324354.59,0.0433,120,AR,Credit Card Refinancing,C,20 years,100k-150k,Current,0,Alpha Servicing,2022-11-28,2024-02-15,Pending,Legacy
L-100425,B-69394,Personal,2020-08-25,2025-07-30,178416.88,58454.44,0.1242,60,VA,Medical Expenses,F,4 years,>150k,Charged Off,94,Alpha Servicing,2021-08-25,2024-04-27,Pending,Manual
L-100426,B-22843,Mortgage,2022-10-10,2052-05-05,45563.85,6823.41,-0.011444001691851169,360,NM,Home Improvement,D,2 years,100k-150k,Fully Paid,0,Delta Financial,2024-07-03,2024-07-28,Pending,Manual
L-100427,B-93422,Student,2022-12-08,2052-07-03,367199.9,159195.07,0.0495,360,NC,Home Improvement,D,14 years,50k-100k,Fully Paid,0,Alpha Servicing,2024-12-18,2024-04-15,Expired,Legacy
L-100428,B-30557,Personal,2019-05-02,2048-11-25,59616.4,23588.35,0.0648,360,ND,Home Improvement,A,11 years,100k-150k,Late (31-120 days),108,Gamma Collections,2020-10-10,2024-01-26,Missing,OriginatePro
L-100429,B-87283,Student,2018-07-19,2028-05-27,445083.32,121269.7,0.1283,120,NY,Debt Consolidation,A,17 years,100k-150k,Current,0,Alpha Servicing,2019-10-19,2024-08-19,Pending,Manual
L-100430,B-54279,Student,2023-05-01,2028-04-04,382165.86,192539.4,0.0853,60,NH,Other,D,4 years,100k-150k,Current,0,Delta Financial,2024-06-30,2024-04-13,Pending,Legacy
L-100431,B-97876,Student,2021-02-10,2024-01-26,433647.02,288707.83,0.0986,36,WY,Other,C,17 years,<50k,Fully Paid,0,Alpha Servicing,2021-09-25,2024-01-19,Missing,Manual
L-100432,B-75881,Auto,2019-05-08,2024-04-11,481376.5,154026.05,0.0547,60,VA,Medical Expenses,D,2 years,100k-150k,Default,181,Alpha Servicing,2020-10-22,2024-01-11,Expired,OriginatePro
L-100433,B-64386,Auto,2023-12-03,2033-10-11,194095.44,33543.59,0.1476,120,OH,Home Improvement,C,4 years,50k-100k,Late (31-120 days),53,Beta Loan Servicers,2024-11-11,2024-07-22,Missing,Legacy
L-100434,B-90540,Personal,2020-01-14,2022-12-29,358083.81,121182.53,0.0418,36,GA,Major Purchase,C,8 years,>150k,Closed,0,Alpha Servicing,2020-04-06,2024-04-08,Missing,Manual
L-100435,B-76666,Student,2019-04-17,2029-02-23,35012.83,36012.83,0.0788,120,NM,Debt Consolidation,D,20 years,50k-100k,Current,103,Gamma Collections,2020-12-04,2024-02-08,Missing,LendingWeb
L-100436,B-84481,Student,2023-01-01,2025-12-16,423907.54,212100.4,0.1239,36,GA,Credit Card Refinancing,E,5 years,50k-100k,Charged Off,139,Delta Financial,2023-03-14,2024-01-27,Expired,LendingWeb
L-100437,B-95597,Mortgage,2018-01-03,2020-12-18,467085.87,226886.5,0.1017,36,UT,Major Purchase,C,20 years,50k-100k,Charged Off,161,Gamma Collections,2018-03-20,2024-03-24,Available,LendingWeb
L-100438,B-21759,Student,2019-05-19,2024-04-22,363911.52,327177.2,0.1354,60,IN,Medical Expenses,E,10 years,100k-150k,Fully Paid,0,Gamma Collections,2021-07-27,2024-08-09,Missing,LendingWeb
L-100439,B-54778,Mortgage,2023-02-27,2033-01-05,12857.93,8402.35,0.1076,120,AL,Medical Expenses,D,0 years,<50k,Fully Paid,0,Beta Loan Servicers,2024-05-25,2024-08-25,Expired,Legacy
L-100440,B-95078,Auto,2018-05-07,2047-12-01,337761.73,129158.66,0.1275,360,RI,Credit Card Refinancing,D,5 years,<50k,Current,0,Delta Financial,2019-06-20,2024-04-15,Available,OriginatePro
L-100441,B-12592,Personal,2022-01-05,2026-12-10,49533.43,29262.08,0.0664,60,VA,Home Improvement,B,15 years,100k-150k,Current,0,Gamma Collections,2023-06-23,2024-04-01,Missing,Manual
L-100442,B-24541,Personal,2023-08-12,2053-03-07,89386.16,22794.92,0.1187,360,UT,Other,E,18 years,50k-100k,Current,0,Beta Loan Servicers,2025-10-13,2024-02-05,Pending,OriginatePro
L-100443,B-78561,Personal,2020-02-25,2023-02-09,496015.92,497015.92,0.094,36,KY,Other,E,14 years,<50k,Default,195,Alpha Servicing,2022-08-17,2024-06-14,Expired,LendingWeb
L-100444,B-25953,Student,2023-07-23,2033-05-31,261042.17,35181.11,0.1165,120,AR,Credit Card Refinancing,D,17 years,>150k,Late (31-120 days),32,Delta Financial,2024-03-08,2024-06-03,Available,OriginatePro
L-100445,B-65550,Auto,2020-10-20,2025-09-24,86418.38,30129.31,0.1051,60,CT,Debt Consolidation,D,13 years,<50k,Charged Off,191,Gamma Collections,2023-03-29,2024-05-08,Available,Manual
L-100446,B-41242,Personal,2018-08-11,2028-06-19,262239.15,75890.68,0.0387,120,RI,Medical Expenses,D,3 years,>150k,Charged Off,62,Alpha Servicing,2018-11-11,2024-01-13,Pending,Legacy
L-100447,B-26716,Auto,2022-12-16,2025-11-30,154228.18,92683.14,0.0379,36,UT,Debt Consolidation,E,1 years,100k-150k,Closed,0,Delta Financial,2024-03-01,2024-02-20,Expired,OriginatePro
L-100448,B-88587,Auto,2023-02-01,2052-08-27,234783.5,103888.08,0.1044,360,CT,Credit Card Refinancing,F,0 years,>150k,Charged Off,115,Beta Loan Servicers,2023-06-21,2024-02-01,Available,OriginatePro
L-100449,B-85132,Mortgage,2023-09-16,2033-07-25,180918.65,87767.15,0.1045,120,ID,Home Improvement,B,1 years,<50k,Late (16-30 days),20,Delta Financial,2025-03-24,2024-06-10,Missing,OriginatePro
L-100450,B-71541,Personal,2021-11-05,2031-09-14,187570.85,19969.82,0.1004,120,UT,Home Improvement,A,7 years,<50k,Default,119,Beta Loan Servicers,2022-06-28,2024-04-26,Available,LendingWeb
L-100451,B-34819,Student,2023-03-30,2033-02-05,426744.3,235937.33,0.0703,120,MD,Major Purchase,C,5 years,<50k,Default,41,Delta Financial,2023-12-09,2024-01-21,Missing,OriginatePro
L-101910,B-71149,Mortgage,2020-09-06,2050-04-02,368620.16,317776.6,0.0698,360,WV,Major Purchase,B,12 years,50k-100k,Closed,0,Alpha Servicing,2021-10-12,2024-01-03,Pending,Legacy
L-100453,B-82704,Auto,2019-08-07,2029-06-15,223002.02,134931.31,0.1395,120,MS,Debt Consolidation,A,6 years,50k-100k,Late (31-120 days),75,Beta Loan Servicers,2022-02-28,2024-05-24,Missing,LendingWeb
L-100454,B-82680,Mortgage,2020-01-02,2024-12-06,15638.55,12109.01,0.1393,60,AK,Other,B,12 years,<50k,Late (31-120 days),84,Gamma Collections,2021-05-13,2024-04-12,Pending,OriginatePro
L-100455,B-79065,Student,2018-09-25,2021-09-09,76493.96,64203.25,0.1254,36,IL,Medical Expenses,D,11 years,100k-150k,Charged Off,140,Beta Loan Servicers,2021-05-25,2024-01-25,Missing,LendingWeb
L-100456,B-29472,Personal,2020-10-09,2023-09-24,316582.27,102591.22,0.0452,36,NC,Medical Expenses,D,6 years,<50k,Closed,0,Delta Financial,2023-01-26,2024-02-06,Expired,LendingWeb
L-100457,B-75350,Student,2020-01-04,2029-11-12,357681.0,186130.23,0.088,120,NY,Major Purchase,C,18 years,>150k,Fully Paid,0,Alpha Servicing,2020-09-02,2024-04-07,Expired,OriginatePro
L-100458,B-61891,Mortgage,2021-06-07,2051-01-01,444910.92,247858.23,0.1423,360,MS,Credit Card Refinancing,E,2 years,50k-100k,Closed,0,Alpha Servicing,2022-05-05,2024-08-17,Pending,OriginatePro
L-100459,B-86541,Auto,2023-03-21,2033-01-27,215920.66,102355.2,0.0791,120,NY,Credit Card Refinancing,C,12 years,<50k,Late (16-30 days),23,Beta Loan Servicers,2024-01-16,2024-02-12,Available,LendingWeb
L-100460,B-75767,Auto,2021-02-06,2026-01-11,53712.51,8437.1,0.0346,60,IL,Credit Card Refinancing,B,10 years,100k-150k,Late (31-120 days),101,Beta Loan Servicers,2023-02-28,2024-03-28,Pending,Legacy
L-100461,B-49252,Personal,2021-11-20,2051-06-16,473178.43,358427.48,0.1209,360,AL,Major Purchase,F,16 years,50k-100k,Closed,0,Delta Financial,2022-08-10,2024-04-24,Missing,Manual
L-100462,B-40634,Student,2023-03-05,2033-01-11,396997.87,139131.82,0.0525,120,WY,Other,D,6 years,>150k,Default,173,Alpha Servicing,2024-04-21,2024-03-19,Missing,LendingWeb
L-100463,B-11268,Student,2021-12-23,2031-11-01,116617.87,51378.97,0.1203,120,WI,Other,E,9 years,100k-150k,Charged Off,36,Alpha Servicing,2024-08-23,2024-03-05,Pending,Manual
L-100464,B-59980,Mortgage,2022-05-20,2025-05-04,269572.84,67574.08,0.043,36,OR,Major Purchase,F,9 years,<50k,Late (16-30 days),17,Beta Loan Servicers,2022-07-21,2024-08-01,Missing,OriginatePro
L-100465,B-19108,Student,2021-03-08,2026-02-10,120354.52,75541.23,0.0384,60,AR,Credit Card Refinancing,E,0 years,50k-100k,Late (31-120 days),136,Delta Financial,2021-09-14,2024-02-05,Expired,Manual
L-100466,B-19012,Student,2020-04-25,2025-03-30,435872.29,151598.88,0.1281,60,TX,Major Purchase,B,19 years,100k-150k,Charged Off,82,Delta Financial,2021-03-03,2024-04-01,Missing,Manual
L-100467,B-18384,Student,2020-10-08,2030-08-17,455599.76,366024.98,0.0852,120,OR,Debt Consolidation,F,2 years,100k-150k,Fully Paid,0,Delta Financial,2021-10-28,2024-05-13,Missing,Manual
L-100468,B-42654,Mortgage,2022-11-05,2052-05-31,195409.17,122573.14,0.1138,360,CT,Major Purchase,F,1 years,50k-100k,Closed,0,Beta Loan Servicers,2023-09-11,2024-05-22,Available,OriginatePro
L-100469,B-74682,Student,2019-05-12,2029-03-20,42884.15,7898.39,0.122,120,MA,Major Purchase,D,5 years,100k-150k,Late (16-30 days),24,Alpha Servicing,2020-09-26,2024-01-03,Expired,Manual
L-100470,B-55043,Student,2020-03-07,2049-10-01,23698.46,7121.02,0.1151,360,FL,Credit Card Refinancing,F,14 years,>150k,Default,48,Alpha Servicing,2021-10-19,2024-04-23,Expired,OriginatePro
L-100471,B-71707,Personal,2019-10-23,2024-09-26,420055.45,245980.63,0.0513,60,DE,Medical Expenses,F,12 years,50k-100k,Current,0,Alpha Servicing,2021-10-15,2024-05-05,Expired,LendingWeb
L-100472,B-33322,Mortgage,2018-05-22,2023-04-26,223818.78,30932.83,0.1062,60,ND,Other,F,3 years,>150k,Fully Paid,0,Gamma Collections,2019-09-18,2024-01-20,Available,Legacy
L-100473,B-59465,Mortgage,2020-10-19,2030-08-28,454834.41,118251.74,0.0319,120,AK,Debt Consolidation,C,6 years,<50k,Late (16-30 days),30,Alpha Servicing,2023-02-12,2024-03-24,Missing,Legacy
L-100474,B-64484,Auto,2021-09-01,2031-07-11,283216.79,71268.11,0.0549,120,OH,Major Purchase,D,3 years,50k-100k,Late (16-30 days),17,Gamma Collections,2022-08-28,2024-03-01,Expired,LendingWeb
L-100475,B-11570,Student,2020-05-21,2049-12-15,113947.62,71373.3,0.0634,360,SC,Credit Card Refinancing,A,2 years,50k-100k,Default,108,Delta Financial,2020-10-02,2024-03-09,Available,LendingWeb
L-100476,B-92689,Student,2019-06-29,2029-05-07,91788.87,65112.55,0.1125,120,TX,Major Purchase,A,10 years,<50k,Charged Off,180,Delta Financial,2020-08-23,2024-04-17,Available,OriginatePro
L-100477,B-12780,Auto,2021-06-19,2026-05-24,370267.08,261333.24,0.1044,60,AR,Home Improvement,C,15 years,100k-150k,Late (16-30 days),18,Delta Financial,2022-02-13,2024-01-08,Expired,LendingWeb
L-100478,B-27598,Personal,2021-07-24,2024-07-08,262832.07,231832.08,0.1078,36,ME,Debt Consolidation,B,10 years,100k-150k,Late (16-30 days),19,Alpha Servicing,2024-03-08,2024-04-26,Missing,Manual
L-100479,B-78350,Personal,2020-01-22,2049-08-17,316742.34,48047.76,0.089,360,IL,Debt Consolidation,F,4 years,50k-100k,Current,94,Beta Loan Servicers,2021-10-19,2024-04-08,Available,Manual
L-100480,B-71220,Personal,2019-11-04,2024-10-08,126237.85,30442.06,0.0599,60,ME,Medical Expenses,D,20 years,50k-100k,Late (31-120 days),154,Alpha Servicing,2020-12-06,2024-07-13,Missing,Manual
L-100481,B-67852,Student,2023-09-01,2053-03-27,381360.61,288187.75,0.1252,360,AK,Major Purchase,D,2 years,100k-150k,Charged Off,168,Beta Loan Servicers,2025-04-19,2024-03-09,Expired,Manual
L-100482,B-50088,Student,2021-03-06,2050-09-30,283260.34,137289.34,0.07,360,VA,Major Purchase,B,4 years,50k-100k,Current,0,Alpha Servicing,2023-09-04,2024-06-16,Expired,Manual
L-100483,B-61727,Personal,2022-04-23,2051-11-17,157366.36,-500.0,0.0385,360,AZ,Debt Consolidation,D,18 years,50k-100k,Late (16-30 days),28,Delta Financial,2023-02-08,2024-06-17,Expired,LendingWeb
L-100484,B-17563,Student,2022-10-03,2027-09-07,124964.67,15946.25,0.1276,60,SD,Other,F,0 years,50k-100k,Late (31-120 days),185,Delta Financial,2025-06-25,2024-03-09,Missing,OriginatePro
L-100485,B-11617,Auto,2019-01-14,2048-08-09,201845.13,114835.42,0.1381,360,ND,Home Improvement,D,5 years,>150k,Late (31-120 days),108,Delta Financial,2020-10-05,2024-05-24,Expired,Legacy
L-100486,B-24322,Personal,2019-08-08,2029-06-16,375621.39,317029.52,0.0778,120,MD,Debt Consolidation,B,15 years,<50k,Current,0,Alpha Servicing,2021-11-07,2024-07-17,Expired,LendingWeb
L-100487,B-66485,Mortgage,2019-12-24,2029-11-01,97268.02,20179.77,0.0884,120,NC,Debt Consolidation,D,18 years,50k-100k,Late (16-30 days),19,Alpha Servicing,2022-02-28,2024-03-26,Missing,LendingWeb
L-100488,B-63581,Student,2019-03-24,2024-02-26,44505.85,5000.0,0.045,60,CA,Credit Card Refinancing,A,18 years,50k-100k,Closed,155,Alpha Servicing,2019-05-02,2024-01-09,Available,Legacy
L-100489,B-22693,Mortgage,2023-11-10,2026-10-25,190954.57,98543.88,0.1454,36,LA,Major Purchase,D,10 years,>150k,Late (31-120 days),125,Gamma Collections,2024-10-27,2024-04-12,Expired,Manual
L-100490,B-90059,Auto,2021-12-29,2031-11-07,404103.75,41407.59,0.1345,120,XX,Other,G,4 years,<50k,Charged Off,62,Gamma Collections,2024-01-14,2024-04-12,Expired,Manual
L-100491,B-77490,Student,2020-02-09,2023-01-24,493159.8,427094.99,0.1275,36,AK,Other,C,1 years,100k-150k,Fully Paid,0,Delta Financial,2020-11-04,2024-08-13,Available,LendingWeb
L-100492,B-66087,Student,2019-02-16,2048-09-11,150462.17,38527.58,0.0472,360,ND,Medical Expenses,G,16 years,<50k,Late (16-30 days),23,Alpha Servicing,2020-01-20,2024-08-06,Expired,Legacy
L-100493,B-73198,Mortgage,2020-09-23,2025-08-28,89364.34,76439.39,0.114,60,CT,Major Purchase,F,0 years,50k-100k,Late (31-120 days),129,Gamma Collections,2021-06-05,2024-05-22,Expired,Legacy
L-100494,B-97225,Mortgage,2023-12-30,2053-07-25,49768.67,32520.22,0.1346,360,OR,Medical Expenses,A,20 years,100k-150k,Default,128,Delta Financial,2026-05-05,2024-04-08,Pending,Legacy
L-100495,B-48138,Auto,2019-04-02,2022-03-17,173417.74,99500.23,0.0526,36,DE,Medical Expenses,C,4 years,100k-150k,Default,178,Alpha Servicing,2020-03-15,2024-01-19,Missing,Manual
L-100496,B-65535,Personal,2022-02-04,2027-01-09,262276.93,152460.03,0.0567,60,MT,Debt Consolidation,E,14 years,100k-150k,Late (16-30 days),29,Gamma Collections,2024-07-10,2024-04-16,Expired,OriginatePro
L-100497,B-88835,Personal,2019-08-21,2022-08-05,301445.75,104635.78,0.1488,36,DE,Credit Card Refinancing,G,18 years,>150k,Fully Paid,0,Beta Loan Servicers,2021-02-07,2024-05-23,Expired,Legacy
L-100498,B-53665,Mortgage,2020-05-12,2025-04-16,351701.67,49960.29,0.1339,60,ID,Major Purchase,F,12 years,100k-150k,Closed,0,Beta Loan Servicers,2020-07-03,2024-07-11,Expired,Manual
L-100499,B-55653,Student,2022-05-21,2025-05-05,266283.0,86923.26,0.1136,36,IL,Other,G,17 years,>150k,Current,0,Beta Loan Servicers,2023-05-17,2024-01-28,Pending,Manual
L-100500,B-95804,Mortgage,2019-07-18,2049-02-10,349497.99,116335.74,0.0474,360,IN,Other,B,20 years,<50k,Late (31-120 days),178,Alpha Servicing,2021-07-11,2024-03-13,Expired,OriginatePro
L-100501,B-17383,Auto,2021-12-27,2051-07-23,93918.28,13334.3,0.1476,360,TN,Credit Card Refinancing,E,13 years,50k-100k,Fully Paid,0,Delta Financial,2022-10-03,2024-01-04,Missing,Manual
L-100502,B-74045,Personal,2019-12-08,2049-07-03,389045.66,347391.0,0.1105,360,CO,Major Purchase,G,20 years,>150k,Late (31-120 days),192,Delta Financial,2021-01-17,2024-01-04,Available,Legacy
L-100503,B-25997,Student,2023-09-19,2028-08-23,16398.25,9156.55,0.0987,60,LA,Other,F,3 years,50k-100k,Default,154,Delta Financial,2024-08-19,2024-03-04,,Legacy
L-100504,B-80452,Mortgage,2022-07-19,2025-07-03,199929.29,150740.74,0.124,36,ND,Major Purchase,A,16 years,<50k,Closed,0,Beta Loan Servicers,2024-06-22,2024-02-06,Missing,Legacy
L-100505,B-82708,Student,2021-07-11,2024-06-25,24375.86,13652.06,0.1083,36,CO,Medical Expenses,C,1 years,<50k,Current,0,Gamma Collections,2022-08-17,2024-03-14,Available,OriginatePro
L-100506,B-49400,Auto,2023-10-29,2033-09-06,331283.0,151043.92,0.0992,120,XX,Credit Card Refinancing,E,11 years,50k-100k,Fully Paid,0,Alpha Servicing,2025-10-06,2024-01-08,Available,OriginatePro
L-100507,B-28568,Personal,2020-05-31,2025-05-05,303061.47,82684.86,0.0731,60,FL,Other,E,13 years,<50k,Charged Off,96,Gamma Collections,2021-07-25,2024-03-13,Expired,Legacy
L-100508,B-43315,Student,2019-08-10,2024-07-14,39926.23,27394.98,0.1494,60,VT,Other,B,11 years,50k-100k,Default,70,Gamma Collections,2021-11-23,2024-07-13,Available,OriginatePro
L-100509,B-20161,Personal,2019-05-26,2022-05-10,343569.73,146163.16,0.0695,36,CO,Credit Card Refinancing,C,8 years,50k-100k,Closed,0,Beta Loan Servicers,2020-03-31,2024-01-04,Expired,OriginatePro
L-100510,B-59628,Auto,2019-05-21,2024-04-24,265605.46,212593.14,0.1007,60,NY,Debt Consolidation,E,11 years,100k-150k,Charged Off,100,Alpha Servicing,2021-12-24,2024-01-06,Pending,Manual
L-100511,B-33681,Personal,2023-12-18,2053-07-13,241046.63,48705.34,0.0311,360,NC,Other,B,4 years,50k-100k,Default,176,Gamma Collections,2024-03-11,2024-06-23,Missing,Manual
L-100512,B-70003,Mortgage,2022-12-03,2032-10-11,400242.1,200834.84,0.0631,120,NV,Medical Expenses,F,7 years,100k-150k,Fully Paid,0,Alpha Servicing,2025-08-29,2024-05-14,Pending,Legacy
L-100513,B-93188,Auto,2018-11-11,2023-10-16,472709.14,109711.3,0.0369,60,WV,Credit Card Refinancing,E,15 years,<50k,Default,161,Beta Loan Servicers,2020-04-15,2024-08-17,Available,Manual
L-100514,B-11821,Mortgage,2018-01-30,2047-08-26,352782.9,246854.32,0.0593,360,WV,Other,G,16 years,<50k,Charged Off,145,Beta Loan Servicers,2020-01-20,2024-04-06,Available,LendingWeb
L-100515,B-27474,Personal,2018-07-28,2048-02-21,250276.39,59162.13,0.1464,360,MI,Other,B,17 years,<50k,Late (31-120 days),107,Delta Financial,2019-06-23,2024-05-07,Available,Manual
L-100516,B-38503,Personal,2023-10-13,2026-09-27,468030.12,380974.24,0.1318,36,AR,Credit Card Refinancing,A,19 years,>150k,Late (31-120 days),107,Gamma Collections,2024-02-29,2024-01-12,Missing,Manual
L-100517,B-56469,Auto,2019-02-20,2048-09-15,248562.83,41707.61,0.0917,360,GA,Major Purchase,A,15 years,<50k,Late (16-30 days),28,Gamma Collections,2019-11-08,2024-08-13,Pending,LendingWeb
L-100518,B-57775,Student,2020-01-17,2029-11-25,58804.02,26512.24,0.1307,120,HI,Home Improvement,C,13 years,<50k,Late (31-120 days),81,Alpha Servicing,2020-08-28,2024-05-02,Missing,Manual
L-100519,B-65188,Personal,2018-05-10,2023-04-14,334771.39,287468.42,0.1452,60,LA,Debt Consolidation,D,15 years,>150k,Closed,0,Beta Loan Servicers,2019-05-07,2024-07-17,Expired,OriginatePro
L-100520,B-24382,Auto,2018-03-28,2023-03-02,81993.28,40996.7,0.1221,60,KS,Debt Consolidation,F,10 years,>150k,Charged Off,33,Delta Financial,2019-08-31,2024-05-10,Expired,Legacy
L-100521,B-66223,Mortgage,2019-09-17,2024-08-21,128486.06,91659.65,0.1337,60,VT,Home Improvement,F,13 years,50k-100k,Default,57,Beta Loan Servicers,2020-04-27,2024-03-08,Available,OriginatePro
L-100522,B-62596,Auto,2021-01-26,2025-12-31,464903.67,205042.22,0.104,60,CO,Debt Consolidation,D,13 years,100k-150k,Fully Paid,0,Beta Loan Servicers,2021-10-10,2024-06-14,Expired,Legacy
L-100523,B-76828,Student,2018-07-31,2028-06-08,59477.2,23247.31,0.1432,120,VA,Major Purchase,B,10 years,<50k,Late (16-30 days),16,Alpha Servicing,2018-10-22,2024-06-07,Pending,Manual
L-100524,B-46721,Auto,2022-10-31,2027-10-05,129870.21,64029.79,0.0701,60,DE,Debt Consolidation,F,0 years,50k-100k,Late (31-120 days),123,Gamma Collections,2024-12-29,2024-06-08,Pending,OriginatePro
L-100525,B-86588,Student,2023-01-01,2022-01-01,69590.28,48300.52,0.0444,36,PA,Other,G,6 years,50k-100k,Fully Paid,0,Delta Financial,2021-08-27,2024-02-03,Pending,LendingWeb
L-100526,B-72154,Mortgage,2023-12-26,2028-11-29,26686.5,6761.44,0.0961,60,KY,Medical Expenses,C,11 years,>150k,Fully Paid,0,Alpha Servicing,2026-08-14,2024-07-03,Expired,Manual
L-100527,B-78650,Auto,2019-11-15,2029-09-23,349869.58,71075.09,0.0355,120,OR,Debt Consolidation,G,6 years,>150k,Default,167,Alpha Servicing,2020-06-01,2024-08-25,Expired,Manual
L-100528,B-62540,Personal,2020-04-27,2025-04-01,6782.27,3781.24,0.1011,60,AL,Medical Expenses,D,16 years,100k-150k,Late (31-120 days),87,Gamma Collections,2022-05-22,2024-05-18,Available,OriginatePro
L-100529,B-39350,Auto,2023-12-26,2028-11-29,149462.43,91425.01,0.49661355753914327,60,LA,Home Improvement,C,1 years,50k-100k,Closed,0,Beta Loan Servicers,2025-07-25,2024-02-01,Pending,LendingWeb
L-100530,B-52540,Auto,Not A Date,2025-11-21,207129.73,122037.86,0.069,60,AR,Other,G,0 years,100k-150k,Late (16-30 days),27,Gamma Collections,2021-07-15,2024-05-01,Available,Manual
L-100531,B-95698,Personal,2020-04-24,2049-11-18,114216.32,35982.12,0.0998,360,WI,Major Purchase,B,14 years,50k-100k,Fully Paid,0,Delta Financial,2021-06-05,2024-03-16,Available,Manual
L-100532,B-33791,Student,2020-01-28,2025-01-01,98485.66,48495.79,0.1175,60,TN,Credit Card Refinancing,A,9 years,50k-100k,Late (16-30 days),29,Delta Financial,2022-01-30,2024-04-03,Missing,Legacy
L-100533,B-65888,Mortgage,2023-02-07,2052-09-02,54615.73,28477.89,0.1172,360,AL,Medical Expenses,A,12 years,>150k,Current,0,Alpha Servicing,2025-07-02,2024-01-25,Available,OriginatePro
L-100534,B-42550,Auto,Not A Date,2025-12-06,469606.2,272235.29,0.1251,60,AL,Debt Consolidation,E,10 years,<50k,Late (16-30 days),18,Delta Financial,2023-03-19,2024-08-27,Missing,LendingWeb
L-100535,B-53483,Student,2019-09-25,2024-08-29,32658.38,21346.59,0.1053,60,DE,Debt Consolidation,G,1 years,<50k,Charged Off,106,Alpha Servicing,2021-03-31,2024-07-05,Available,OriginatePro
L-100536,B-13145,Mortgage,2022-10-16,2052-05-11,77951.37,48664.39,0.0571,360,UT,Major Purchase,F,3 years,>150k,Late (16-30 days),17,Beta Loan Servicers,2023-02-27,2024-05-12,Available,LendingWeb
L-100537,B-25512,Personal,2018-12-14,2021-11-28,304230.66,73762.01,0.0937,36,RI,Home Improvement,F,13 years,50k-100k,Fully Paid,0,Gamma Collections,2020-10-13,2024-05-12,Available,LendingWeb
L-100538,B-75437,Personal,2020-12-23,2023-12-08,395483.78,312183.5,0.1474,36,WY,Other,B,10 years,50k-100k,Default,145,Delta Financial,2023-05-06,2024-02-04,Expired,LendingWeb
L-100539,B-28961,Auto,2021-08-16,2026-07-21,95026.81,38772.26,0.0683,60,NV,Major Purchase,F,13 years,100k-150k,Late (16-30 days),28,Beta Loan Servicers,2022-10-12,2024-07-18,Expired,Manual
L-100540,B-79792,Mortgage,2022-04-25,2025-04-09,292577.15,127994.49,0.0993,36,VT,Other,B,2 years,50k-100k,Late (31-120 days),31,Beta Loan Servicers,2024-10-12,2024-01-12,Expired,OriginatePro
L-100541,B-24438,Auto,2021-12-01,2031-10-10,425131.99,337307.38,0.1283,120,ME,Major Purchase,B,17 years,>150k,Late (16-30 days),19,Beta Loan Servicers,2022-02-26,2024-03-04,Missing,Manual
L-100542,B-13453,Student,2022-03-03,2025-02-15,352193.87,221951.82,0.0389,36,RI,Home Improvement,A,4 years,100k-150k,Late (16-30 days),17,Beta Loan Servicers,2022-06-19,2024-01-19,Expired,OriginatePro
L-100543,B-33910,Student,2019-07-28,2029-06-05,237741.33,161199.54,0.0833,120,TN,Other,A,9 years,<50k,Late (16-30 days),16,Alpha Servicing,2021-05-06,2024-03-17,Missing,Legacy
L-100544,B-61955,Student,2023-02-04,2032-12-13,459979.36,230678.71,0.1151,120,NV,Home Improvement,C,2 years,>150k,Late (16-30 days),27,Beta Loan Servicers,2024-04-19,2024-01-08,Expired,OriginatePro
L-100545,B-83307,Auto,2023-04-03,2052-10-27,160028.88,98179.75,0.1293,360,HI,Debt Consolidation,G,11 years,>150k,Late (16-30 days),20,Alpha Servicing,2023-08-17,2024-02-12,Pending,Legacy
L-100546,B-41395,Personal,2019-10-29,2022-10-13,37332.99,21566.84,0.1208,36,MD,Home Improvement,E,6 years,<50k,Late (16-30 days),20,Alpha Servicing,2021-07-03,2023-01-01,Expired,Legacy
L-100547,B-16297,Personal,2019-01-17,2028-11-25,9196.97,3543.77,0.0639,120,MT,Medical Expenses,B,10 years,>150k,Fully Paid,0,Gamma Collections,2019-06-28,2024-02-11,Expired,Legacy
L-100548,B-75821,Mortgage,2018-04-08,2047-11-02,241091.75,191679.97,0.0345,360,HI,Home Improvement,F,14 years,<50k,Fully Paid,0,Alpha Servicing,2020-05-12,2024-04-07,Missing,OriginatePro
L-100549,B-75748,Personal,2023-01-07,2027-12-12,172815.25,67096.05,0.1327,60,NV,Debt Consolidation,F,12 years,50k-100k,Late (16-30 days),25,Alpha Servicing,2023-07-12,2024-08-04,Available,OriginatePro
L-100550,B-50572,Auto,2023-08-06,2026-07-21,230129.89,54258.67,0.0655,36,CA,Credit Card Refinancing,E,11 years,100k-150k,Current,0,Alpha Servicing,2024-03-06,2024-08-09,,LendingWeb
L-100551,B-67939,Mortgage,2019-05-23,2048-12-16,24598.36,19363.89,0.0781,360,SC,Other,B,14 years,100k-150k,Charged Off,190,Gamma Collections,2020-07-08,2024-02-22,Expired,Manual
L-100552,B-44449,Auto,2018-08-22,2023-07-27,351373.92,192777.9,0.0485,60,CT,Credit Card Refinancing,D,5 years,>150k,Closed,0,Alpha Servicing,2019-05-07,2024-07-28,Expired,Legacy
L-100553,B-55735,Student,2023-04-03,2052-10-27,59013.93,14412.3,0.043,360,MT,Major Purchase,B,12 years,100k-150k,Current,0,Gamma Collections,2024-04-17,2024-08-07,Expired,Legacy
L-100554,B-46487,Student,2018-06-06,2023-05-11,-1000.0,102692.27,0.0556,60,OR,Debt Consolidation,E,12 years,<50k,Closed,0,Gamma Collections,2020-09-21,2024-07-16,Missing,Legacy
L-100555,B-37720,Auto,2022-09-29,2032-08-07,129775.29,31260.86,0.047,120,LA,Major Purchase,A,9 years,>150k,Closed,0,Delta Financial,2024-04-18,2024-04-22,Pending,OriginatePro
L-100556,B-17044,Auto,2022-10-22,2032-08-30,481866.06,162641.35,0.0538,120,NE,Major Purchase,D,17 years,50k-100k,Fully Paid,0,Delta Financial,2023-11-19,2024-07-27,Available,OriginatePro
L-100557,B-20198,Mortgage,2021-08-19,2031-06-28,12022.46,9824.77,0.1421,120,XX,Credit Card Refinancing,A,13 years,100k-150k,Charged Off,31,Delta Financial,2024-05-10,2024-03-21,Expired,Legacy
L-100558,B-14782,Mortgage,2020-02-08,2049-09-03,349740.81,251641.14,0.1021,360,IN,Credit Card Refinancing,B,6 years,<50k,Late (31-120 days),124,Alpha Servicing,2021-01-12,2024-05-17,Available,Manual
L-100559,B-95054,Student,2022-08-23,2052-03-18,179105.84,136576.92,0.0811,360,WI,Credit Card Refinancing,A,5 years,>150k,Default,126,Beta Loan Servicers,2024-04-10,2024-03-18,Expired,Manual
L-100560,B-47359,Student,2021-03-06,2024-02-19,497704.79,370666.54,0.0425,36,TN,Debt Consolidation,E,13 years,<50k,Default,190,Alpha Servicing,2023-01-13,2024-08-17,Available,LendingWeb
L-100561,B-65134,Mortgage,2020-07-01,2050-01-25,278036.02,53271.95,0.1328,360,DE,Credit Card Refinancing,G,14 years,>150k,Closed,0,Delta Financial,2020-08-07,2024-06-26,Missing,LendingWeb
L-100562,B-45076,Personal,2021-06-13,2051-01-07,338283.9,34953.54,0.1391,360,AZ,Debt Consolidation,A,4 years,100k-150k,Closed,0,Gamma Collections,2022-06-21,2024-03-19,Expired,OriginatePro
L-100563,B-82841,Student,2020-02-29,2049-09-24,415132.2,307640.08,0.0993,360,FL,Other,D,5 years,>150k,Late (31-120 days),163,Beta Loan Servicers,2021-06-20,2024-04-04,Missing,Legacy
L-100564,B-92764,Student,2020-12-01,2025-11-05,474606.65,124826.32,0.0412,60,NV,Debt Consolidation,F,18 years,50k-100k,Current,0,Alpha Servicing,2022-08-08,2024-07-01,Missing,Manual
L-100565,B-93160,Personal,2020-02-04,2025-01-08,327998.75,90988.22,0.0533,60,KS,Other,G,12 years,100k-150k,Fully Paid,0,Alpha Servicing,2020-12-11,2024-02-05,Available,Legacy
L-100566,B-24540,Student,2019-05-18,2022-05-02,75208.52,23284.24,0.0517,36,CA,Major Purchase,G,11 years,50k-100k,Default,56,Delta Financial,2021-09-08,2024-01-14,Available,Manual
L-100567,B-92009,Auto,2020-05-11,2049-12-05,190750.91,66928.38,0.139,360,HI,Home Improvement,C,0 years,50k-100k,Fully Paid,0,Alpha Servicing,2020-10-08,2024-06-12,Expired,Legacy
L-100568,B-30760,Personal,2019-05-14,2024-04-17,305024.83,161285.95,0.0922,60,XX,Home Improvement,B,11 years,<50k,Late (16-30 days),16,Gamma Collections,2019-11-01,2024-04-03,Missing,LendingWeb
L-100569,B-45870,Student,2020-03-27,2023-03-12,177533.92,96080.95,0.0653,36,XX,Major Purchase,D,16 years,>150k,Late (16-30 days),20,Beta Loan Servicers,2020-11-14,2024-05-13,Available,LendingWeb
L-100570,B-31712,Mortgage,2023-06-22,2053-01-15,442014.38,443014.38,0.1196,360,MA,Medical Expenses,A,19 years,>150k,Default,82,Gamma Collections,2024-08-07,2024-02-15,Missing,Legacy
L-100571,B-77024,Personal,2022-08-06,2032-06-14,303921.64,243684.88,0.144,120,ND,Credit Card Refinancing,D,0 years,<50k,Late (16-30 days),28,Gamma Collections,2023-11-18,2024-03-12,Missing,Legacy
L-100572,B-38204,Personal,2022-03-04,2027-02-06,390859.7,77328.81,0.0682,60,AL,Other,C,6 years,>150k,Charged Off,113,Beta Loan Servicers,2023-10-30,2024-02-13,Pending,OriginatePro
L-100573,B-79109,Mortgage,2019-02-26,2029-01-04,359551.48,308141.68,0.1269,120,TX,Debt Consolidation,E,20 years,>150k,Fully Paid,0,Delta Financial,2020-02-16,2024-06-07,Missing,Legacy
L-100574,B-74740,Student,2018-07-11,2028-05-19,213512.44,42547.51,0.0505,120,MA,Medical Expenses,D,7 years,<50k,Late (31-120 days),35,Alpha Servicing,2021-02-28,2024-08-10,Missing,Manual
L-100575,B-14850,Auto,2021-10-13,2024-09-27,39379.79,6934.62,0.1263,36,WA,Credit Card Refinancing,C,10 years,100k-150k,Default,51,Gamma Collections,2023-04-01,2024-01-13,Pending,Manual
L-100576,B-74662,Auto,2022-03-12,2025-02-24,19497.65,2695.89,0.0312,36,CT,Credit Card Refinancing,G,13 years,50k-100k,Late (16-30 days),17,Beta Loan Servicers,2024-04-21,2024-06-27,Available,Legacy
L-100577,B-44037,Auto,2019-03-30,2022-03-14,473836.71,75829.86,0.0695,36,SC,Major Purchase,C,5 years,50k-100k,Charged Off,148,Alpha Servicing,2019-09-05,2024-06-28,Missing,Manual
L-100578,B-93480,Student,2019-05-17,2024-04-20,291052.94,183076.72,0.1472,60,MA,Other,D,7 years,<50k,Late (31-120 days),106,Alpha Servicing,2020-06-11,2024-04-22,Missing,Legacy
,B-19849,Student,2018-09-04,2023-08-09,11498.41,3138.01,0.1282,60,IL,Major Purchase,A,10 years,50k-100k,Closed,0,Gamma Collections,2020-11-20,2024-05-23,Expired,OriginatePro
L-100580,B-76127,Auto,2019-06-17,2024-05-21,458765.14,187387.48,0.0843,60,SC,Medical Expenses,B,12 years,50k-100k,Current,0,Gamma Collections,2020-09-22,2024-03-22,Pending,Legacy
L-100581,B-29305,Student,2019-03-15,2022-02-27,124078.42,5000.0,0.0524,36,AK,Major Purchase,F,16 years,>150k,Closed,98,Alpha Servicing,2021-11-18,2024-02-12,Expired,OriginatePro
L-100582,B-29742,Student,2023-08-19,2053-03-14,256423.78,36546.97,0.0627,360,CT,Debt Consolidation,F,12 years,>150k,Late (16-30 days),20,Beta Loan Servicers,2024-11-03,2024-03-20,Pending,Manual
L-100583,B-77976,Student,2019-03-24,2022-03-08,324940.7,281781.22,0.0563,36,AR,Debt Consolidation,E,8 years,50k-100k,Current,0,Alpha Servicing,2020-01-30,2024-04-20,Expired,Manual
L-100584,B-61496,Auto,2020-06-19,2030-04-28,250109.97,59231.87,0.0544,120,SD,Credit Card Refinancing,F,19 years,100k-150k,Fully Paid,0,Alpha Servicing,2020-10-23,2024-03-17,Expired,LendingWeb
L-100585,B-41276,Mortgage,2021-07-14,2024-06-28,87489.5,31997.03,0.0846,36,AL,Other,D,13 years,100k-150k,Current,0,Beta Loan Servicers,2022-05-10,2024-02-06,Available,LendingWeb
L-100586,B-72105,Auto,Not A Date,2028-05-28,238921.28,32527.03,0.0321,60,UT,Credit Card Refinancing,G,7 years,50k-100k,Closed,0,Beta Loan Servicers,2025-09-24,2024-02-04,Pending,LendingWeb
L-100587,B-69325,Student,2021-12-07,2031-10-16,333387.22,100959.48,0.0851,120,MN,Credit Card Refinancing,F,10 years,>150k,Current,0,Gamma Collections,2023-12-09,2024-01-05,Expired,OriginatePro
L-100588,B-96424,Mortgage,2022-01-03,2051-07-30,20297.81,11408.74,0.1135,360,NV,Credit Card Refinancing,B,2 years,50k-100k,Default,194,Alpha Servicing,2022-11-09,2024-08-17,Missing,LendingWeb
L-100589,B-99006,Personal,2021-09-18,2051-04-14,296628.18,253976.96,0.0631,360,IL,Debt Consolidation,E,16 years,100k-150k,Closed,0,Alpha Servicing,2023-01-04,2024-08-19,Pending,LendingWeb
L-100590,B-24442,Auto,2023-08-06,2028-07-10,235827.15,51924.94,0.146,60,SC,Medical Expenses,F,5 years,100k-150k,Default,104,Alpha Servicing,2025-12-01,2024-05-01,Expired,Legacy
L-100591,B-38485,Personal,2019-05-21,2022-05-05,246741.39,25678.92,0.0723,36,AL,Debt Consolidation,C,4 years,100k-150k,Late (31-120 days),159,Beta Loan Servicers,2019-09-16,2024-05-05,Missing,Manual
L-100592,B-86706,Auto,2021-04-06,2026-03-11,20907.66,17695.15,0.0598,60,UT,Other,D,13 years,>150k,Current,0,Gamma Collections,2023-12-04,2024-05-20,Pending,OriginatePro
L-100593,B-83912,Student,2021-08-13,2026-07-18,343243.99,-500.0,0.0463,60,OK,Home Improvement,C,9 years,<50k,Late (31-120 days),176,Delta Financial,2023-03-24,2024-03-13,Expired,Legacy
L-100594,B-28167,Student,2021-07-07,2031-05-16,236847.54,104718.67,0.0805,120,NE,Major Purchase,A,17 years,<50k,Closed,0,Delta Financial,2021-11-04,2024-03-20,Pending,OriginatePro
L-100595,B-86064,Personal,2019-06-06,2029-04-14,31500.33,24446.96,0.0451,120,TX,Debt Consolidation,D,16 years,>150k,Closed,0,Alpha Servicing,2019-09-30,2024-01-09,Available,LendingWeb
L-100596,B-87901,Auto,2021-04-05,2050-10-30,346843.49,274509.73,0.0446,360,PA,Other,E,1 years,50k-100k,Charged Off,67,Delta Financial,2021-09-21,2024-04-22,Missing,LendingWeb
L-100597,B-92344,Personal,2018-01-27,2047-08-23,313713.64,81741.19,0.0381,360,GA,Medical Expenses,A,16 years,<50k,Late (16-30 days),19,Alpha Servicing,2019-06-26,2024-01-27,Expired,Manual
L-100598,B-17294,Auto,2021-05-13,2050-12-07,244441.17,60434.45,0.0582,360,OH,Credit Card Refinancing,G,19 years,>150k,Closed,0,Alpha Servicing,2022-08-28,2024-03-21,Available,OriginatePro
L-100599,B-28571,Mortgage,2019-12-01,2024-11-04,240698.41,79918.84,0.1101,60,PA,Major Purchase,C,8 years,>150k,Default,58,Delta Financial,2021-03-01,2024-07-05,Available,LendingWeb
L-100600,B-69910,Auto,2022-05-15,2025-04-29,292366.35,37208.54,0.1081,36,TX,Medical Expenses,D,1 years,100k-150k,Late (16-30 days),23,Delta Financial,2023-03-24,2024-01-06,Pending,OriginatePro
L-100601,B-55722,Student,2023-10-03,2026-09-17,91375.96,20205.25,0.1087,36,OR,Credit Card Refinancing,D,4 years,100k-150k,Closed,0,Gamma Collections,2026-06-04,2024-07-03,Expired,Manual
L-100602,B-71833,Mortgage,2023-09-08,2033-07-17,69063.87,24811.98,0.1446,120,MN,Medical Expenses,E,12 years,<50k,Current,0,Alpha Servicing,2026-02-26,2024-03-08,Available,Legacy
L-100603,B-75461,Student,2021-08-18,2026-07-23,490757.56,366519.53,0.1179,60,KS,Debt Consolidation,B,12 years,>150k,Current,0,Alpha Servicing,2023-06-05,2024-05-04,Available,Legacy
L-100604,B-67872,Personal,2018-05-01,2023-04-05,163973.81,108055.56,0.0753,60,SD,Medical Expenses,E,6 years,50k-100k,Late (31-120 days),156,Delta Financial,2020-04-25,2024-05-08,Missing,OriginatePro
L-100605,B-66893,Mortgage,Not A Date,2021-12-03,316412.25,200898.55,0.0544,36,FL,Debt Consolidation,C,13 years,<50k,Late (31-120 days),78,Delta Financial,2019-07-31,2024-04-19,Expired,LendingWeb
L-100606,B-56725,Mortgage,2018-10-03,2048-04-28,216618.32,86841.11,0.0385,360,CO,Home Improvement,G,16 years,100k-150k,Current,0,Alpha Servicing,2020-03-26,2024-04-02,Pending,Legacy
L-100607,B-39362,Personal,2020-10-26,2050-05-22,353120.29,54508.44,0.1346,360,ME,Debt Consolidation,E,18 years,50k-100k,Closed,0,Gamma Collections,2022-01-07,2024-01-18,Available,Manual
L-100608,B-44478,Auto,2018-05-13,2028-03-21,213595.82,55622.28,0.1366,120,AR,Home Improvement,B,17 years,100k-150k,Closed,0,Alpha Servicing,2019-02-08,2024-08-03,Available,LendingWeb
L-100609,B-19275,Student,2018-11-27,2048-06-22,473567.33,149839.89,0.035,360,AZ,Major Purchase,E,7 years,100k-150k,Default,153,Gamma Collections,2021-03-06,2024-04-01,Available,Legacy
L-100610,B-35712,Student,2018-03-16,2047-10-10,30809.51,21953.17,0.1135,360,NV,Other,D,17 years,50k-100k,Current,0,Delta Financial,2018-08-13,2024-06-12,Missing,LendingWeb
L-100611,B-67216,Auto,2020-09-02,2025-08-07,50535.45,5459.84,0.0796,60,WI,Medical Expenses,E,1 years,<50k,Closed,0,Beta Loan Servicers,2023-01-12,2024-01-03,Available,OriginatePro
L-100612,B-67482,Mortgage,2021-03-03,2024-02-16,160492.31,93395.74,0.1369,36,ME,Home Improvement,E,12 years,>150k,Fully Paid,0,Alpha Servicing,2023-02-03,2024-02-03,Pending,OriginatePro
L-100613,B-74871,Personal,2020-06-21,2050-01-15,358001.26,305425.76,0.1236,360,ME,Other,B,16 years,100k-150k,Late (31-120 days),169,Alpha Servicing,2020-09-14,2024-06-14,Expired,LendingWeb
L-100614,B-20282,Mortgage,2019-07-16,2024-06-19,155944.9,84580.23,0.0447,60,WA,Home Improvement,A,7 years,>150k,Fully Paid,0,Delta Financial,2019-12-09,2024-01-16,Available,LendingWeb
L-100615,B-46433,Student,2021-05-15,2024-04-29,34561.42,27084.38,0.0761,36,AK,Major Purchase,D,14 years,<50k,Late (16-30 days),19,Delta Financial,2021-12-19,2024-07-18,Available,LendingWeb
L-100616,B-14103,Personal,2018-04-17,2028-02-24,461735.85,381375.19,0.1272,120,PA,Home Improvement,G,0 years,100k-150k,Fully Paid,0,Delta Financial,2020-10-19,2024-07-26,Available,Legacy
L-100617,B-82521,Student,2021-03-23,2050-10-17,214798.34,145069.68,0.1223,360,KY,Home Improvement,D,14 years,50k-100k,Late (16-30 days),30,Alpha Servicing,2022-02-03,2024-05-03,Missing,LendingWeb
L-100618,B-54241,Student,2018-06-08,2028-04-16,184038.96,115463.09,0.1239,120,WY,Medical Expenses,A,3 years,100k-150k,Charged Off,200,Gamma Collections,2020-11-10,2024-05-28,Missing,Manual
L-100619,B-70650,Auto,2022-12-07,2025-11-21,235887.55,205861.04,0.0876,36,OK,Home Improvement,D,1 years,<50k,Late (31-120 days),187,Gamma Collections,2023-03-12,2024-08-06,Pending,LendingWeb
L-100620,B-44018,Student,2019-06-06,2024-05-10,317017.4,68958.08,0.1042,60,AR,Home Improvement,A,20 years,<50k,Late (16-30 days),26,Delta Financial,2021-02-18,2024-06-02,Missing,Legacy
L-100686,B-43954,Personal,2018-03-08,2028-01-15,272518.47,37004.32,0.0582,120,CT,Debt Consolidation,E,14 years,<50k,Charged Off,50,Beta Loan Servicers,2018-11-01,2024-06-19,Pending,Manual
L-100622,B-19357,Student,2021-03-05,2026-02-07,17223.83,10085.82,0.0732,60,NE,Other,C,15 years,100k-150k,Charged Off,38,Beta Loan Servicers,2022-04-16,2024-01-10,Missing,Legacy
L-100623,B-23924,Mortgage,2021-07-06,2031-05-15,470270.22,189552.64,0.0999,120,TX,Other,B,12 years,<50k,Current,0,Beta Loan Servicers,2023-03-06,2024-07-18,Available,Legacy
L-100624,B-89574,Student,2023-11-19,2053-06-14,161884.98,41445.61,0.099,360,KS,Credit Card Refinancing,B,11 years,50k-100k,Default,111,Alpha Servicing,2025-11-27,2024-04-15,Expired,LendingWeb
L-100625,B-20445,Personal,2023-09-03,2026-08-18,457744.58,285021.04,0.1026,36,NH,Major Purchase,B,18 years,50k-100k,Charged Off,93,Delta Financial,2025-08-23,2024-03-20,Pending,LendingWeb
L-100626,B-54770,Personal,2019-04-29,2022-04-13,207208.88,104437.58,0.0478,36,NY,Other,G,6 years,50k-100k,Default,34,Beta Loan Servicers,2019-09-29,2024-07-09,Expired,Legacy
L-100627,B-26567,Auto,2022-11-03,2025-10-18,346573.05,309124.72,0.0459,36,ND,Major Purchase,D,11 years,50k-100k,Default,173,Beta Loan Servicers,2024-12-01,2024-05-04,Pending,LendingWeb
L-100628,B-87526,Auto,2018-07-05,2021-06-19,370680.47,142328.74,0.0839,36,NE,Other,D,13 years,100k-150k,Closed,0,Delta Financial,2020-07-20,2024-03-24,Missing,Legacy
L-100629,B-29956,Auto,2022-02-24,2051-09-20,192790.42,86923.35,0.091,360,PA,Credit Card Refinancing,G,3 years,50k-100k,Late (31-120 days),157,Gamma Collections,2022-05-14,2024-07-10,Pending,Manual
L-100630,B-51756,Mortgage,2019-08-10,2022-07-25,407923.65,280529.34,0.1487,36,IN,Major Purchase,E,8 years,100k-150k,Current,0,Gamma Collections,2020-06-26,2024-03-04,Pending,LendingWeb
L-100631,B-73784,Student,2020-07-05,2025-06-09,147797.02,123285.54,0.1487,60,WI,Debt Consolidation,B,8 years,50k-100k,Current,0,Beta Loan Servicers,2022-02-20,2024-03-01,Available,OriginatePro
L-100632,B-10873,Student,2018-04-16,2028-02-23,105554.76,5000.0,0.0985,120,WA,Major Purchase,E,4 years,>150k,Closed,59,Alpha Servicing,2019-08-14,2024-07-16,Pending,Legacy
L-100633,B-27933,Personal,2019-04-23,2029-03-01,402802.34,280117.62,0.0567,120,CA,Credit Card Refinancing,B,16 years,100k-150k,Late (31-120 days),147,Alpha Servicing,2021-05-15,2024-06-02,Expired,Legacy
L-100634,B-78327,Personal,2020-02-19,2023-02-03,474845.36,285775.25,0.0595,36,PA,Major Purchase,G,7 years,50k-100k,Late (31-120 days),151,Beta Loan Servicers,2021-07-29,2024-03-24,Expired,LendingWeb
L-100635,B-27274,Mortgage,2018-12-30,2023-12-04,6582.87,1012.5,0.0969,60,IN,Other,B,1 years,>150k,Fully Paid,0,Gamma Collections,2020-10-18,2024-07-21,Missing,LendingWeb
L-100636,B-73469,Mortgage,2021-05-14,2026-04-18,438144.34,277950.29,0.0888,60,SD,Major Purchase,E,11 years,>150k,Late (31-120 days),55,Beta Loan Servicers,2021-10-06,2024-05-14,Expired,LendingWeb
L-100637,B-42426,Student,2019-04-20,2024-03-24,235044.29,83470.05,0.0436,60,VT,Major Purchase,F,4 years,>150k,Closed,0,Delta Financial,2021-01-24,2024-07-22,Missing,Legacy
L-100638,B-48132,Personal,2023-09-10,2028-08-14,445456.25,323518.09,0.0373,60,WY,Credit Card Refinancing,C,10 years,>150k,Default,144,Delta Financial,2024-11-21,2024-05-02,Pending,Manual
L-100639,B-38697,Personal,2018-07-06,2028-05-14,226579.99,62773.54,0.1351,120,OH,Home Improvement,G,20 years,<50k,Charged Off,187,Gamma Collections,2018-12-15,2024-01-24,Available,Manual
L-100640,B-21829,Personal,2021-12-15,2024-11-29,329191.13,169506.83,0.0735,36,IL,Home Improvement,G,17 years,>150k,Closed,0,Beta Loan Servicers,2022-11-07,2024-03-12,Pending,Manual
L-100641,B-38261,Mortgage,2018-02-25,2021-02-09,423513.57,298194.82,0.0932,36,NC,Major Purchase,G,15 years,<50k,Late (16-30 days),20,Gamma Collections,2018-04-20,2024-04-21,Missing,Legacy
L-100642,B-45711,Auto,2022-03-28,2051-10-22,69940.63,48428.33,0.0624,360,CO,Debt Consolidation,A,16 years,>150k,Current,0,Alpha Servicing,2024-05-26,2024-03-04,Expired,OriginatePro
L-100643,B-89389,Personal,2021-08-18,2051-03-14,258616.04,30709.51,0.0629,360,IL,Debt Consolidation,C,20 years,>150k,Default,105,Delta Financial,2021-12-21,2024-04-14,Pending,Manual
L-100644,B-47279,Mortgage,2022-04-16,2025-03-31,-1000.0,338711.67,0.1442,36,WI,Medical Expenses,F,3 years,>150k,Late (16-30 days),25,Alpha Servicing,2023-06-26,2024-04-15,Pending,Manual
L-100645,B-83813,Auto,2021-06-26,2031-05-05,76166.77,45999.48,0.04,120,OK,Home Improvement,B,15 years,50k-100k,Current,0,Beta Loan Servicers,2022-09-11,2024-08-17,Missing,Legacy
L-100646,B-74673,Personal,2022-08-14,2032-06-22,371553.01,285151.6,0.0344,120,VT,Medical Expenses,E,13 years,<50k,Late (31-120 days),84,Delta Financial,2024-03-24,2024-08-11,Missing,LendingWeb
L-100647,B-70472,Student,2023-10-09,2026-09-23,461009.04,203102.89,0.0393,36,FL,Debt Consolidation,B,16 years,<50k,Late (16-30 days),19,Delta Financial,2026-04-16,2024-02-02,Expired,Manual
L-100648,B-32376,Student,2019-07-27,2049-02-19,202705.8,68393.1,0.0823,360,ME,Other,F,8 years,100k-150k,Charged Off,126,Beta Loan Servicers,2020-01-17,2024-05-17,Missing,LendingWeb
L-100649,B-78076,Personal,2023-04-18,2052-11-11,109255.48,110255.48,0.1196,360,FL,Home Improvement,E,15 years,<50k,Late (31-120 days),137,Beta Loan Servicers,2023-10-18,2024-08-03,Available,LendingWeb
L-100650,B-34598,Mortgage,2019-01-20,2048-08-15,168862.39,25141.28,0.0862,360,HI,Debt Consolidation,C,20 years,50k-100k,Late (31-120 days),191,Alpha Servicing,2021-09-26,2024-04-09,Pending,Manual
L-100651,B-86607,Personal,2022-02-13,2051-09-09,467482.42,256596.35,0.107,360,IL,Debt Consolidation,E,4 years,<50k,Fully Paid,0,Beta Loan Servicers,2022-12-26,2024-03-09,Available,OriginatePro
L-100652,B-78461,Student,2021-09-14,2031-07-24,483496.15,333521.65,0.1039,120,NM,Home Improvement,B,0 years,50k-100k,Late (16-30 days),17,Beta Loan Servicers,2022-03-09,2024-03-16,Available,LendingWeb
L-100653,B-20195,Auto,2019-07-16,2049-02-08,215575.84,102905.4,0.0663,360,WI,Debt Consolidation,B,17 years,>150k,Default,129,Delta Financial,2020-08-12,2024-05-27,Pending,Legacy
L-100654,B-89348,Mortgage,2019-11-12,2029-09-20,357117.1,275659.0,0.0973,120,NY,Other,G,8 years,<50k,Charged Off,142,Gamma Collections,2020-06-11,2024-01-28,Pending,Manual
L-100655,B-97823,Personal,2022-10-04,2027-09-08,310402.23,248643.32,0.1405,60,IL,Major Purchase,C,5 years,<50k,Late (16-30 days),23,Gamma Collections,2024-04-24,2024-04-01,Pending,LendingWeb
L-100656,B-22334,Personal,2020-11-05,2023-10-21,305353.33,38725.69,0.063,36,NM,Major Purchase,A,8 years,100k-150k,Fully Paid,0,Alpha Servicing,2022-07-13,2024-01-28,Expired,Manual
L-100657,B-74264,Mortgage,2023-04-24,2026-04-08,23905.83,2942.08,0.1373,36,GA,Other,F,5 years,50k-100k,Current,0,Delta Financial,2025-09-24,2024-02-02,Expired,Legacy
L-100658,B-51187,Auto,2021-02-10,2026-01-15,329277.09,227188.98,0.0699,60,UT,Credit Card Refinancing,F,5 years,100k-150k,Charged Off,34,Delta Financial,2022-05-12,2024-01-03,Missing,OriginatePro
L-100659,B-44948,Auto,2019-12-08,2049-07-03,27031.67,15862.81,0.1126,360,NE,Home Improvement,F,0 years,100k-150k,Late (31-120 days),174,Gamma Collections,2020-05-06,2024-06-15,Available,Manual
L-100660,B-21555,Auto,2019-01-06,2023-12-11,366127.44,90992.6,0.1009,60,AK,Home Improvement,G,0 years,50k-100k,Fully Paid,0,Gamma Collections,2020-05-21,2024-02-24,Missing,LendingWeb
L-100661,B-99245,Mortgage,2019-06-28,2029-05-06,31400.98,20873.21,0.0514,120,FL,Medical Expenses,C,13 years,50k-100k,Closed,0,Beta Loan Servicers,2020-05-02,2024-04-06,,LendingWeb
L-100662,B-67619,Personal,2019-01-14,2048-08-09,180800.79,70673.32,0.1227,360,ND,Major Purchase,G,20 years,50k-100k,Current,0,Delta Financial,2019-07-22,2024-04-23,Expired,LendingWeb
L-100663,B-94673,Personal,2020-04-29,2030-03-08,351328.64,176722.59,0.1296,120,LA,Debt Consolidation,E,6 years,100k-150k,Late (16-30 days),23,Gamma Collections,2020-06-30,2024-02-17,Missing,Manual
L-100697,B-28325,Student,2021-08-15,2031-06-24,284065.87,178008.13,0.1382,120,MA,Other,A,20 years,100k-150k,Closed,0,Alpha Servicing,2022-02-23,2024-07-16,Pending,LendingWeb
L-100665,B-94919,Auto,2020-02-06,2029-12-15,156606.44,74148.92,0.0523,120,AK,Major Purchase,G,19 years,>150k,Charged Off,178,Delta Financial,2022-03-25,2024-07-16,Missing,LendingWeb
L-100666,B-58918,Personal,2023-05-31,2052-12-24,153585.78,134635.22,0.1353,360,WI,Medical Expenses,A,13 years,>150k,Closed,0,Gamma Collections,2025-02-10,2024-07-19,Available,OriginatePro
L-100667,B-77135,Mortgage,2021-05-16,2026-04-20,475989.47,263884.1,0.0467,60,TX,Credit Card Refinancing,G,1 years,<50k,Late (31-120 days),67,Gamma Collections,2022-09-27,2024-07-06,Expired,Legacy
L-100668,B-96325,Mortgage,2020-03-31,2025-03-05,154134.76,25324.37,0.0583,60,IN,Major Purchase,A,7 years,50k-100k,Fully Paid,0,Gamma Collections,2020-05-05,2024-08-06,Pending,Legacy
L-100669,B-71708,Student,2020-05-20,2049-12-14,335876.24,256971.39,0.1147,360,WI,Debt Consolidation,D,4 years,100k-150k,Closed,0,Beta Loan Servicers,2021-08-02,2024-06-10,Expired,Manual
L-100670,B-80007,Auto,2021-11-21,2051-06-17,336588.96,294912.69,0.0332,360,RI,Home Improvement,G,7 years,100k-150k,Late (31-120 days),118,Alpha Servicing,2023-09-07,2024-07-03,Missing,OriginatePro
L-100671,B-75529,Mortgage,2018-07-01,2023-06-05,154459.27,26919.21,0.0761,60,ID,Major Purchase,B,9 years,100k-150k,Default,154,Alpha Servicing,2019-04-24,2024-07-06,Missing,Manual
L-100672,B-99435,Auto,2023-03-20,2026-03-04,176412.0,121042.72,0.1087,36,MT,Debt Consolidation,B,10 years,50k-100k,Charged Off,160,Delta Financial,2025-03-21,2024-08-01,Expired,Manual
L-100673,B-65372,Auto,2021-05-25,2050-12-19,133031.28,80789.06,0.1024,360,NH,Medical Expenses,C,15 years,100k-150k,Closed,0,Gamma Collections,2021-10-16,2024-03-14,Expired,Legacy
L-100674,B-29711,Auto,2021-10-12,2031-08-21,102818.46,77141.41,0.1173,120,NJ,Major Purchase,A,14 years,100k-150k,Current,0,Alpha Servicing,2024-04-17,2024-08-15,Pending,Legacy
L-100675,B-88555,Personal,2020-10-30,2050-05-26,172043.56,57964.15,0.1283,360,OH,Credit Card Refinancing,B,9 years,100k-150k,Default,35,Delta Financial,2021-10-27,2024-05-21,Available,Legacy
L-100676,B-56824,Auto,2023-12-17,2053-07-12,128070.23,21418.14,0.0413,360,WA,Home Improvement,F,15 years,>150k,Late (31-120 days),119,Delta Financial,2025-12-21,2024-04-27,Expired,Legacy
L-100677,B-20031,Personal,2022-03-07,2025-02-19,77641.47,68438.99,0.1065,36,CT,Major Purchase,E,2 years,100k-150k,Fully Paid,0,Gamma Collections,2023-06-12,2024-07-01,Missing,LendingWeb
L-100678,B-95576,Auto,2022-11-11,2025-10-26,397854.17,221491.82,0.1494,36,SC,Medical Expenses,E,7 years,<50k,Late (31-120 days),177,Delta Financial,2023-07-19,2024-07-09,Missing,LendingWeb
L-100679,B-75740,Auto,2022-06-21,2027-05-26,340713.08,108395.66,0.0789,60,AK,Major Purchase,F,4 years,100k-150k,Late (31-120 days),149,Gamma Collections,2022-10-28,2024-04-08,Available,LendingWeb
L-100680,B-38974,Auto,2021-03-24,2050-10-18,296017.51,179924.81,0.0695,360,MO,Major Purchase,E,0 years,100k-150k,Late (31-120 days),112,Gamma Collections,2023-08-13,2024-08-05,Expired,Manual
L-100681,B-37608,Mortgage,2022-05-17,2032-03-25,204454.42,128511.62,0.0986,120,CO,Other,D,17 years,100k-150k,Current,0,Beta Loan Servicers,2024-07-20,2024-06-10,Pending,LendingWeb
L-100682,B-69178,Student,2018-05-02,2023-04-06,314307.04,73355.32,0.0722,60,NV,Major Purchase,G,0 years,100k-150k,Charged Off,156,Beta Loan Servicers,2019-06-20,2024-03-13,Available,Legacy
L-100683,B-61871,Mortgage,2020-05-15,2023-04-30,287518.78,69837.72,0.0491,36,WY,Other,D,17 years,>150k,Late (31-120 days),86,Delta Financial,2022-12-23,2024-05-11,Pending,Legacy
L-100684,B-97062,Personal,2023-08-20,2053-03-15,116424.11,49267.51,0.1208,360,ME,Major Purchase,B,5 years,>150k,Late (31-120 days),31,Gamma Collections,2025-11-08,2024-08-21,Missing,Legacy
L-100685,B-60246,Student,2022-09-10,2052-04-05,98493.1,12137.58,0.0569,360,SC,Medical Expenses,E,2 years,>150k,Current,0,Gamma Collections,2024-06-25,2024-04-06,Expired,Legacy
L-100686,B-58535,Auto,2022-05-14,2027-04-18,425902.96,97575.82,0.0743,60,KS,Home Improvement,D,6 years,100k-150k,Late (16-30 days),20,Alpha Servicing,2024-12-14,2024-01-07,Expired,Manual
L-100687,B-42118,Student,2020-09-17,2025-08-22,486538.62,243352.97,0.0433,60,RI,Credit Card Refinancing,G,5 years,50k-100k,Default,48,Alpha Servicing,2022-11-22,2024-01-22,Expired,Manual
,B-60504,Auto,2022-09-05,2032-07-14,442261.73,234342.62,0.1159,120,RI,Other,E,0 years,>150k,Default,46,Gamma Collections,2025-01-13,2024-07-27,Available,LendingWeb
L-100689,B-62354,Student,2022-10-22,2025-10-06,56293.39,43776.91,0.121,36,PA,Debt Consolidation,F,5 years,100k-150k,Default,199,Gamma Collections,2023-04-15,2024-04-26,Expired,OriginatePro
L-100690,B-44669,Auto,2021-09-13,2024-08-28,231829.8,154692.21,0.1203,36,WI,Credit Card Refinancing,C,9 years,>150k,Late (31-120 days),146,Gamma Collections,2023-05-17,2024-05-20,Available,OriginatePro
L-100691,B-29401,Personal,2018-04-17,2023-03-22,440684.44,242742.89,0.1157,60,MD,Other,B,18 years,100k-150k,Default,143,Gamma Collections,2018-10-22,2024-03-05,Pending,Manual
L-101944,B-43725,Mortgage,2018-04-25,2023-03-30,293699.03,64229.24,0.0314,60,MS,Other,E,16 years,>150k,Default,189,Beta Loan Servicers,2019-05-12,2024-03-19,,LendingWeb
L-101177,B-59542,Student,2019-11-24,2049-06-19,91816.74,75079.18,0.0317,360,CA,Credit Card Refinancing,B,9 years,50k-100k,Late (16-30 days),18,Gamma Collections,2021-09-07,2024-02-21,Missing,LendingWeb
L-100694,B-75377,Student,2018-02-19,2023-01-24,371982.04,145388.53,0.0339,60,SD,Debt Consolidation,C,16 years,<50k,Late (31-120 days),172,Alpha Servicing,2020-06-15,2024-01-15,Missing,OriginatePro
L-100695,B-43563,Mortgage,2020-09-30,2025-09-04,346370.54,161011.33,0.0348,60,RI,Credit Card Refinancing,E,8 years,<50k,Fully Paid,0,Beta Loan Servicers,2022-11-19,2024-02-05,Pending,Legacy
L-100696,B-37227,Mortgage,2020-09-26,2050-04-22,234814.29,124345.18,0.1238,360,MA,Other,A,6 years,>150k,Current,0,Delta Financial,2021-01-19,2024-08-07,Available,OriginatePro
L-100697,B-88419,Student,2021-05-13,2024-04-27,292948.21,231110.15,0.0434,36,NH,Other,B,18 years,>150k,Current,0,Gamma Collections,2023-07-24,2024-07-20,Pending,Manual
L-100698,B-92723,Mortgage,2021-09-08,2051-04-04,259529.12,223493.13,0.066,360,OH,Home Improvement,C,8 years,100k-150k,Fully Paid,0,Delta Financial,2022-01-30,2024-03-16,Available,LendingWeb
L-100699,B-76787,Student,2023-07-24,2028-06-27,93503.61,66233.31,0.1108,60,CT,Major Purchase,C,20 years,50k-100k,Late (16-30 days),28,Alpha Servicing,2025-10-12,2024-04-07,Pending,LendingWeb
L-100700,B-51945,Student,2019-02-26,2029-01-04,464137.99,124497.38,0.1106,120,MA,Home Improvement,B,12 years,50k-100k,Closed,0,Beta Loan Servicers,2020-12-11,2024-03-11,Expired,Manual
L-100701,B-45308,Mortgage,2020-12-12,2050-07-08,467493.34,358825.09,0.0745,360,MD,Credit Card Refinancing,F,11 years,100k-150k,Default,109,Delta Financial,2022-08-10,2024-07-25,Expired,Legacy
L-100702,B-62963,Auto,2022-08-02,2032-06-10,324667.39,68811.38,0.0848,120,LA,Debt Consolidation,G,6 years,50k-100k,Fully Paid,0,Gamma Collections,2023-06-29,2024-06-01,Pending,Manual
L-100703,B-60122,Personal,2020-03-27,2025-03-01,310690.14,140457.58,0.0629,60,CA,Home Improvement,B,10 years,>150k,Fully Paid,0,Delta Financial,2022-12-21,2024-01-25,Expired,Manual
L-100704,B-42747,Personal,2022-03-17,2025-03-01,55212.76,33773.81,0.0631,36,MS,Major Purchase,C,3 years,>150k,Late (16-30 days),30,Alpha Servicing,2023-03-14,2024-07-27,Missing,OriginatePro
L-100705,B-87307,Personal,2020-03-30,2023-03-15,221939.29,80402.77,0.0956,36,TX,Credit Card Refinancing,E,16 years,100k-150k,Fully Paid,0,Alpha Servicing,2020-09-19,2024-02-28,Pending,LendingWeb
L-100706,B-68437,Mortgage,2020-01-25,2029-12-03,236821.57,110984.76,0.07,120,UT,Other,C,8 years,<50k,Late (16-30 days),17,Delta Financial,2021-05-06,2024-07-26,Expired,Legacy
L-100707,B-79258,Auto,2023-09-30,2033-08-08,13019.63,5855.78,0.0339,120,NC,Credit Card Refinancing,G,17 years,>150k,Late (31-120 days),178,Gamma Collections,2025-08-09,2024-02-24,Available,Legacy
L-100708,B-83176,Auto,2023-12-19,2028-11-22,400302.53,311050.87,0.0405,60,NJ,Medical Expenses,F,6 years,<50k,Closed,0,Delta Financial,2026-05-04,2024-05-15,Expired,OriginatePro
L-100709,B-95254,Personal,2018-10-27,2023-10-01,325680.73,121103.65,0.0933,60,VT,Other,G,13 years,<50k,Default,178,Gamma Collections,2018-12-02,2024-07-01,Available,OriginatePro
L-100710,B-52255,Student,2019-09-09,2029-07-18,428509.44,243179.62,0.1221,120,OH,Major Purchase,F,6 years,100k-150k,Fully Paid,0,Beta Loan Servicers,2020-04-19,2024-03-07,Pending,OriginatePro
L-100711,B-23224,Auto,2023-12-25,2026-12-09,390834.29,207947.68,0.1446,36,MA,Credit Card Refinancing,B,6 years,50k-100k,Late (31-120 days),72,Delta Financial,2024-10-27,2024-04-07,Pending,Legacy
L-100712,B-27997,Student,2019-05-20,2048-12-13,17584.82,13962.81,0.1325,360,IN,Major Purchase,A,14 years,>150k,Default,81,Beta Loan Servicers,2021-08-16,2024-07-19,Available,Legacy
L-100713,B-32950,Auto,2019-10-30,2024-10-03,64577.37,31726.01,0.1026,60,WV,Credit Card Refinancing,D,6 years,50k-100k,Current,0,Gamma Collections,2021-04-01,2024-05-17,Available,Manual
L-100714,B-12116,Auto,2022-04-06,2051-10-31,203152.63,159676.84,0.0726,360,MD,Debt Consolidation,D,20 years,100k-150k,Late (16-30 days),27,Alpha Servicing,2024-03-02,2024-07-16,Available,LendingWeb
L-100715,B-94850,Personal,2018-07-05,2023-06-09,424470.33,102673.73,0.0311,60,ND,Home Improvement,B,15 years,<50k,Current,0,Beta Loan Servicers,2021-01-07,2024-05-12,Expired,OriginatePro
L-100716,B-64950,Mortgage,2019-12-17,2024-11-20,372273.5,278555.78,0.0518,60,DE,Home Improvement,A,15 years,50k-100k,Late (31-120 days),134,Gamma Collections,2022-08-03,2024-05-20,Pending,Legacy
L-100717,B-13385,Personal,2018-04-27,2047-11-21,21940.27,17500.05,0.1396,360,AZ,Medical Expenses,D,19 years,50k-100k,Late (16-30 days),17,Alpha Servicing,2019-05-19,2024-04-03,Expired,Legacy
L-100718,B-24733,Student,2023-03-18,2052-10-11,428789.51,226993.35,0.0461,360,RI,Other,A,9 years,>150k,Default,96,Beta Loan Servicers,2024-03-12,2024-06-20,Available,Manual
L-100719,B-74592,Mortgage,2019-05-31,2024-05-04,259793.35,193379.25,0.0471,60,TX,Debt Consolidation,F,3 years,>150k,Late (31-120 days),188,Alpha Servicing,2020-03-11,2024-04-09,Missing,LendingWeb
L-100720,B-53073,Student,2023-10-31,2033-09-08,381147.34,78274.58,0.0806,120,TX,Home Improvement,E,1 years,>150k,Fully Paid,0,Alpha Servicing,2026-02-20,2024-04-06,Available,OriginatePro
L-100721,B-93182,Auto,2020-09-01,2025-08-06,201397.98,22026.9,0.0877,60,MN,Home Improvement,F,18 years,>150k,Default,85,Delta Financial,2022-06-29,2024-05-18,Expired,Legacy
L-100722,B-46609,Personal,2021-10-13,2026-09-17,131365.79,97945.12,0.0885,60,OK,Major Purchase,F,3 years,100k-150k,Closed,0,Gamma Collections,2022-01-15,2024-06-14,Available,OriginatePro
L-100723,B-22397,Mortgage,2023-02-17,2026-02-01,64537.48,43250.2,0.0452,36,MN,Credit Card Refinancing,D,13 years,<50k,Closed,0,Beta Loan Servicers,2024-04-29,2024-04-05,Missing,Legacy
L-100724,B-36041,Personal,2023-11-23,2028-10-27,283627.09,148748.01,0.0356,60,OH,Credit Card Refinancing,E,7 years,50k-100k,Late (31-120 days),71,Alpha Servicing,2025-11-18,2024-03-21,Missing,OriginatePro
L-100725,B-80886,Student,2020-04-08,2030-02-15,29211.53,25569.35,0.0781,120,MO,Medical Expenses,D,15 years,>150k,Late (31-120 days),65,Gamma Collections,2020-05-08,2024-02-09,Pending,OriginatePro
L-100726,B-90362,Auto,2018-08-31,2048-03-26,74450.12,36089.38,0.0492,360,KS,Major Purchase,G,5 years,>150k,Default,182,Beta Loan Servicers,2019-06-11,2024-06-03,Missing,LendingWeb
L-100727,B-28407,Student,2019-05-21,2024-04-24,106886.39,22865.86,0.0631,60,MA,Debt Consolidation,F,3 years,100k-150k,Charged Off,57,Delta Financial,2020-02-12,2024-08-10,Available,Manual
L-100728,B-30142,Auto,2021-10-30,2031-09-08,474996.52,63068.76,0.1306,120,KY,Debt Consolidation,F,14 years,>150k,Charged Off,74,Delta Financial,2024-01-14,2024-05-08,Available,Legacy
L-100729,B-89077,Personal,2020-09-15,2050-04-11,419171.01,364928.41,0.4383998356558308,360,SD,Debt Consolidation,G,8 years,100k-150k,Late (31-120 days),194,Gamma Collections,2021-12-18,2024-05-12,Available,Legacy
L-100730,B-23255,Student,2020-09-21,2050-04-17,114587.13,51222.01,0.0619,360,WY,Other,D,17 years,>150k,Charged Off,163,Delta Financial,2020-12-03,2024-02-19,Available,Legacy
L-100731,B-25397,Mortgage,2022-01-17,2051-08-13,408565.35,275630.93,0.0348,360,TN,Major Purchase,G,14 years,<50k,Default,191,Delta Financial,2024-01-02,2024-01-07,Missing,Legacy
L-100732,B-92643,Personal,2019-02-09,2028-12-18,460731.5,341639.87,0.1175,120,KY,Credit Card Refinancing,G,11 years,100k-150k,Late (16-30 days),20,Delta Financial,2021-05-21,2024-01-11,Expired,LendingWeb
L-100733,B-31049,Mortgage,2021-08-11,2051-03-07,377892.98,273887.23,0.0506,360,NY,Debt Consolidation,C,11 years,50k-100k,Late (31-120 days),109,Alpha Servicing,2024-04-03,2024-02-21,Expired,LendingWeb
L-100734,B-91500,Student,2020-02-02,2049-08-28,105063.81,82452.06,0.0883,360,MI,Major Purchase,C,5 years,50k-100k,Late (31-120 days),35,Alpha Servicing,2020-09-13,2024-05-17,Pending,OriginatePro
L-100735,B-62162,Auto,2020-03-24,2023-03-09,49818.4,28813.74,0.1352,36,MT,Credit Card Refinancing,B,10 years,100k-150k,Default,65,Delta Financial,2020-08-07,2024-05-20,Available,LendingWeb
L-100736,B-39468,Student,2018-06-17,2023-05-22,276253.67,175149.54,0.0629,60,NY,Home Improvement,G,7 years,50k-100k,Late (16-30 days),23,Beta Loan Servicers,2018-12-12,2024-01-10,Missing,Legacy
L-100737,B-90244,Student,2022-12-03,2052-06-28,-1000.0,251976.57,0.0531,360,ID,Medical Expenses,E,12 years,>150k,Fully Paid,0,Gamma Collections,2024-12-25,2024-06-26,Pending,Manual
L-100738,B-58526,Personal,2020-08-19,2030-06-28,272482.71,44042.02,0.1132,120,MA,Other,B,17 years,50k-100k,Current,0,Delta Financial,2022-03-20,2024-06-04,Missing,LendingWeb
L-100739,B-94536,Mortgage,2023-03-21,2033-01-27,289258.28,41237.0,0.1043,120,NY,Medical Expenses,D,2 years,50k-100k,Current,0,Delta Financial,2024-11-12,2024-01-12,Expired,OriginatePro
L-100740,B-18359,Personal,2018-09-25,2028-08-03,287028.05,246235.88,0.1173,120,VA,Medical Expenses,D,13 years,50k-100k,Default,86,Delta Financial,2019-09-07,2024-05-11,Missing,Manual
L-100741,B-28904,Personal,2018-01-28,2021-01-12,357496.29,138236.53,0.0444,36,CA,Medical Expenses,A,16 years,>150k,Fully Paid,0,Beta Loan Servicers,2020-03-18,2024-04-08,Missing,OriginatePro
L-100742,B-13864,Student,2019-05-05,2029-03-13,49107.33,42080.94,0.0989,120,UT,Major Purchase,G,13 years,>150k,Fully Paid,0,Delta Financial,2019-10-23,2024-06-06,Available,LendingWeb
L-100743,B-56551,Mortgage,2022-10-29,2032-09-06,252342.5,62493.4,0.0782,120,IA,Credit Card Refinancing,F,20 years,<50k,Late (31-120 days),146,Alpha Servicing,2024-05-17,2024-05-01,Available,Legacy
L-100744,B-99484,Personal,2019-01-27,2024-01-01,5855.81,5200.56,0.0315,60,MA,Major Purchase,C,0 years,100k-150k,Closed,0,Alpha Servicing,2019-08-21,2024-04-21,Expired,OriginatePro
L-100745,B-80151,Mortgage,2021-11-15,2024-10-30,436688.06,362491.14,0.102,36,OR,Home Improvement,D,5 years,50k-100k,Closed,0,Delta Financial,2022-01-15,2024-01-18,Available,LendingWeb
L-100746,B-48198,Auto,2021-11-30,2026-11-04,297102.63,69494.76,0.042,60,IL,Medical Expenses,B,19 years,100k-150k,Default,199,Delta Financial,2024-03-11,2024-08-04,Available,LendingWeb
L-100747,B-42272,Personal,2019-08-03,2024-07-07,480391.6,236647.88,0.1253,60,AZ,Credit Card Refinancing,A,15 years,<50k,Closed,0,Alpha Servicing,2021-07-12,2024-06-17,Expired,OriginatePro
L-100748,B-47035,Personal,2019-07-09,2049-02-01,382943.69,128043.86,0.1052,360,MT,Major Purchase,D,2 years,>150k,Current,0,Delta Financial,2019-11-22,2024-06-18,Expired,Manual
L-100749,B-50094,Student,2021-03-22,2024-03-06,266137.31,35477.71,0.1436,36,MD,Medical Expenses,F,18 years,50k-100k,Fully Paid,0,Gamma Collections,2023-05-17,2024-01-18,Available,Legacy
L-100750,B-49707,Student,2020-02-11,2029-12-20,482272.62,68457.73,0.129,120,NV,Other,E,16 years,50k-100k,Charged Off,125,Alpha Servicing,2022-09-30,2024-04-04,Expired,OriginatePro
L-100751,B-39041,Personal,2018-10-26,2023-09-30,250161.23,139318.86,0.1036,60,AZ,Major Purchase,B,3 years,100k-150k,Current,0,Beta Loan Servicers,2020-09-30,2024-06-06,Expired,OriginatePro
L-100752,B-58730,Student,2018-07-03,2023-06-07,75126.36,22307.91,0.1102,60,NV,Other,E,20 years,100k-150k,Late (16-30 days),30,Gamma Collections,2019-09-25,2024-01-14,Expired,Manual
L-100753,B-46449,Mortgage,2023-06-23,2033-05-01,302064.17,181609.94,0.0775,120,VT,Major Purchase,B,7 years,<50k,Fully Paid,0,Alpha Servicing,2023-11-18,2024-03-26,Expired,Legacy
L-100754,B-34033,Personal,2019-11-17,2029-09-25,477882.02,321145.65,0.1134,120,ME,Medical Expenses,C,9 years,100k-150k,Current,0,Alpha Servicing,2021-01-24,2024-04-03,Expired,OriginatePro
L-100755,B-26661,Auto,2023-04-05,2052-10-29,59125.23,16727.48,0.13,360,ID,Debt Consolidation,G,2 years,50k-100k,Default,188,Gamma Collections,2024-07-26,2024-03-15,Available,OriginatePro
L-100756,B-37581,Personal,2018-06-29,2021-06-13,474551.76,177044.82,0.144,36,ID,Credit Card Refinancing,D,6 years,<50k,Default,128,Beta Loan Servicers,2021-03-24,2024-05-17,Available,OriginatePro
L-100757,B-34112,Mortgage,2021-10-07,2051-05-03,17528.29,7930.23,0.1312,360,RI,Medical Expenses,C,17 years,50k-100k,Late (16-30 days),24,Gamma Collections,2022-01-03,2024-02-22,Available,Manual
L-100758,B-77901,Auto,2019-11-27,2029-10-05,188334.21,40452.15,0.0425,120,IA,Debt Consolidation,D,0 years,<50k,Closed,0,Delta Financial,2022-02-21,2024-02-28,Missing,Legacy
L-100759,B-83877,Auto,2018-03-23,2047-10-17,468919.41,288775.64,0.0639,360,SC,Major Purchase,D,7 years,>150k,Charged Off,95,Gamma Collections,2020-02-02,2024-08-16,Missing,Manual
L-100760,B-80314,Personal,2020-07-05,2025-06-09,146997.44,100661.32,0.1456,60,MO,Credit Card Refinancing,B,11 years,<50k,Default,107,Beta Loan Servicers,2020-09-16,2024-08-14,Missing,Manual
L-100761,B-26387,Personal,2020-05-02,2049-11-26,213464.62,92682.18,0.118,360,NH,Major Purchase,D,11 years,100k-150k,Late (31-120 days),133,Beta Loan Servicers,2022-06-11,2024-04-08,Missing,OriginatePro
L-100762,B-84499,Mortgage,2022-01-28,2051-08-24,276361.73,196543.28,0.079,360,TN,Credit Card Refinancing,B,12 years,50k-100k,Default,58,Delta Financial,2022-12-31,2024-07-02,Missing,OriginatePro
L-100763,B-54260,Mortgage,2022-04-24,2051-11-18,94256.04,42828.46,0.1133,360,MO,Medical Expenses,F,5 years,100k-150k,Fully Paid,0,Beta Loan Servicers,2024-03-10,2024-07-19,Missing,OriginatePro
L-100764,B-63908,Personal,2023-04-04,2028-03-08,434674.9,88866.7,0.1418,60,MA,Medical Expenses,G,19 years,<50k,Fully Paid,0,Alpha Servicing,2025-07-17,2024-02-03,Available,Legacy
L-100765,B-16914,Personal,2019-01-04,2028-11-12,466123.51,179624.0,0.1192,120,IN,Credit Card Refinancing,G,2 years,100k-150k,Charged Off,111,Delta Financial,2020-06-03,2024-06-23,Missing,LendingWeb
L-100766,B-49746,Auto,2019-10-17,2024-09-20,85812.09,16712.11,0.1392,60,NE,Home Improvement,E,17 years,>150k,Fully Paid,0,Gamma Collections,2021-10-22,2024-04-04,Missing,Manual
L-100767,B-22723,Auto,2019-07-10,2049-02-02,239042.48,115099.92,0.1221,360,PA,Other,G,11 years,>150k,Charged Off,177,Beta Loan Servicers,2020-11-09,2024-01-16,Pending,LendingWeb
L-100768,B-21142,Personal,2018-10-10,2023-09-14,71796.98,24416.98,0.0772,60,GA,Debt Consolidation,G,6 years,100k-150k,Late (31-120 days),52,Gamma Collections,2020-07-18,2024-08-01,Expired,OriginatePro
L-100769,B-57869,Personal,2020-02-26,2030-01-04,491108.01,404390.07,0.0328,120,MA,Home Improvement,A,20 years,50k-100k,Fully Paid,0,Gamma Collections,2020-12-21,2024-08-14,Pending,Legacy
L-100770,B-45761,Student,2018-11-25,2028-10-03,277880.69,56832.13,0.1474,120,SC,Debt Consolidation,F,18 years,<50k,Late (31-120 days),128,Beta Loan Servicers,2021-07-08,2024-08-13,Expired,Legacy
L-100771,B-98067,Personal,2022-03-17,2032-01-24,186562.98,95159.69,0.1492,120,NV,Major Purchase,F,10 years,50k-100k,Late (31-120 days),97,Beta Loan Servicers,2023-08-29,2024-05-09,Available,Manual
L-100772,B-98055,Auto,2021-07-29,2024-07-13,16388.69,3323.96,0.1214,36,XX,Debt Consolidation,B,11 years,<50k,Late (16-30 days),25,Beta Loan Servicers,2023-11-03,2024-02-28,Available,Legacy
L-100773,B-11762,Personal,2023-01-01,2022-01-01,293463.68,256051.6,0.1463,60,SD,Credit Card Refinancing,G,3 years,<50k,Current,0,Beta Loan Servicers,2019-06-07,2024-02-06,Available,Legacy
L-100774,B-10503,Student,2020-08-12,2025-07-17,29749.32,4864.89,0.0684,60,ND,Home Improvement,D,6 years,>150k,Charged Off,78,Delta Financial,2021-07-02,2024-01-15,Missing,Legacy
L-100775,B-20427,Mortgage,2020-03-20,2030-01-27,76226.92,40674.59,0.1467,120,VT,Debt Consolidation,F,2 years,50k-100k,Late (16-30 days),29,Gamma Collections,2022-06-02,2024-04-06,Expired,LendingWeb
L-100776,B-88846,Student,2023-09-07,2033-07-16,113037.82,33997.24,0.0714,120,KS,Medical Expenses,A,20 years,100k-150k,Late (31-120 days),72,Alpha Servicing,2023-12-09,2024-02-16,Pending,Legacy
L-100777,B-91244,Student,2018-11-24,2048-06-19,10939.48,7607.48,0.0406,360,PA,Credit Card Refinancing,F,19 years,<50k,Charged Off,98,Gamma Collections,2020-03-29,2024-06-24,Expired,LendingWeb
L-100778,B-75496,Personal,2023-06-27,2033-05-05,275228.87,191552.55,0.0574,120,HI,Debt Consolidation,F,11 years,>150k,Default,149,Gamma Collections,2026-02-26,2024-07-15,Expired,Manual
L-100779,B-30012,Mortgage,2022-04-29,2051-11-23,475068.88,379432.48,0.1246,360,MO,Other,B,12 years,100k-150k,Current,90,Delta Financial,2024-08-16,2024-03-05,Missing,OriginatePro
L-100780,B-22431,Auto,2022-05-22,2051-12-16,79200.41,29292.44,0.0326,360,MT,Home Improvement,C,17 years,100k-150k,Late (16-30 days),19,Delta Financial,2024-03-03,2024-08-14,Expired,OriginatePro
L-100781,B-73876,Auto,2021-12-18,2024-12-02,38118.51,5000.0,0.0872,36,ME,Home Improvement,B,16 years,>150k,Closed,0,Beta Loan Servicers,2023-03-19,2024-08-01,Pending,OriginatePro
L-100782,B-54378,Personal,2022-10-24,2025-10-08,301562.33,157931.02,0.0709,36,MS,Other,G,4 years,100k-150k,Charged Off,152,Alpha Servicing,2022-12-11,2024-08-12,Expired,OriginatePro
L-100783,B-37453,Personal,2020-08-14,2030-06-23,318766.36,261857.63,0.0871,120,LA,Medical Expenses,C,18 years,100k-150k,Fully Paid,0,Beta Loan Servicers,2023-03-25,2024-03-11,Missing,OriginatePro
L-100784,B-42649,Student,2023-04-09,2026-03-24,160162.72,128864.13,0.0761,36,GA,Medical Expenses,C,2 years,>150k,Default,185,Gamma Collections,2023-07-16,2024-08-13,Missing,LendingWeb
L-100785,B-28754,Personal,2018-08-30,2048-03-25,127059.88,77056.21,0.0693,360,SC,Major Purchase,E,4 years,100k-150k,Late (31-120 days),155,Gamma Collections,2020-06-09,2024-04-27,Missing,Legacy
L-100786,B-48747,Auto,2020-03-09,2030-01-16,127872.1,51252.05,0.1141,120,AL,Credit Card Refinancing,C,6 years,50k-100k,Late (31-120 days),37,Alpha Servicing,2022-02-04,2024-07-03,Pending,Manual
L-100787,B-29348,Student,2022-04-14,2027-03-19,298953.31,211291.01,0.0429,60,LA,Major Purchase,C,6 years,>150k,Late (31-120 days),72,Beta Loan Servicers,2023-04-09,2024-01-04,Available,LendingWeb
L-100788,B-82427,Student,2022-02-19,2027-01-24,161058.02,108939.81,0.096,60,SD,Major Purchase,F,10 years,>150k,Late (16-30 days),21,Alpha Servicing,2024-01-09,2024-05-11,Available,Legacy
L-100789,B-27284,Student,2018-09-19,2021-09-03,74256.16,13499.96,0.0496,36,VA,Home Improvement,A,11 years,100k-150k,Late (31-120 days),51,Delta Financial,2019-10-05,2024-02-16,Expired,Legacy
L-100790,B-78770,Student,Not A Date,2027-05-15,276308.27,47408.69,0.0549,60,HI,Debt Consolidation,G,8 years,50k-100k,Late (16-30 days),16,Alpha Servicing,2022-09-01,2024-04-16,Available,Legacy
L-100791,B-38704,Mortgage,2019-09-18,2024-08-22,252789.02,90589.52,0.1207,60,TX,Major Purchase,A,16 years,100k-150k,Default,37,Delta Financial,2021-05-03,2024-02-02,Missing,Legacy
L-100792,B-37372,Mortgage,2023-07-07,2026-06-21,177943.86,29272.11,0.1358,36,NC,Home Improvement,D,6 years,50k-100k,Charged Off,32,Gamma Collections,2024-05-04,2024-06-17,Expired,OriginatePro
L-100793,B-36422,Personal,2021-10-02,2026-09-06,166893.75,5000.0,0.0443,60,ME,Major Purchase,A,14 years,>150k,Closed,18,Alpha Servicing,2021-12-13,2024-07-26,Available,OriginatePro
L-100794,B-36233,Personal,2020-05-27,2030-04-05,183664.47,26354.76,0.1051,120,OR,Credit Card Refinancing,B,16 years,<50k,Late (31-120 days),34,Beta Loan Servicers,2022-10-23,2024-03-28,Pending,OriginatePro
L-100795,B-75482,Student,2021-09-02,2051-03-29,492193.6,286186.16,0.0498,360,NY,Major Purchase,E,19 years,100k-150k,Closed,0,Beta Loan Servicers,2021-12-20,2024-02-01,Available,Legacy
L-100796,B-11469,Personal,2018-01-01,2027-11-10,225305.0,153883.0,0.1453,120,CT,Debt Consolidation,C,6 years,50k-100k,Default,126,Alpha Servicing,2018-11-13,2024-07-21,Available,LendingWeb
L-100797,B-14586,Auto,2021-05-22,2026-04-26,135049.2,113995.11,0.1365,60,IN,Debt Consolidation,F,0 years,>150k,Late (16-30 days),16,Alpha Servicing,2021-09-17,2024-04-15,Pending,LendingWeb
L-100798,B-12956,Student,2018-09-17,2023-08-22,111660.41,46677.53,0.0753,60,AZ,Major Purchase,D,14 years,>150k,Late (16-30 days),16,Alpha Servicing,2020-08-19,2024-02-25,Pending,LendingWeb
L-100799,B-72805,Mortgage,2020-12-30,2023-12-15,337265.07,293606.68,0.0526,36,VT,Major Purchase,G,0 years,<50k,Closed,0,Delta Financial,2022-08-24,2024-08-26,Missing,Legacy
L-100800,B-47554,Personal,2018-12-29,2028-11-06,230847.45,110340.5,0.0497,120,TX,Credit Card Refinancing,F,17 years,50k-100k,Late (31-120 days),194,Gamma Collections,2020-03-19,2024-03-19,Expired,LendingWeb
L-100801,B-71274,Personal,2021-04-12,2026-03-17,408042.6,286171.45,0.0893,60,OH,Major Purchase,C,13 years,<50k,Charged Off,95,Beta Loan Servicers,2022-04-17,2024-06-21,Expired,Manual
L-100802,B-80675,Mortgage,2018-06-25,2028-05-03,255644.67,201389.01,0.105,120,RI,Credit Card Refinancing,E,20 years,50k-100k,Closed,0,Beta Loan Servicers,2020-11-06,2024-04-27,Expired,Legacy
L-100803,B-64916,Auto,2023-08-16,2026-07-31,262186.58,146921.93,0.0606,36,OK,Other,B,7 years,100k-150k,Default,60,Gamma Collections,2025-10-03,2024-06-18,Expired,Manual
L-100804,B-38714,Personal,2022-07-30,2025-07-14,116778.33,71832.9,0.0487,36,VT,Home Improvement,F,0 years,<50k,Default,67,Alpha Servicing,2024-08-09,2024-05-08,Expired,LendingWeb
L-100805,B-37426,Auto,2020-02-22,2023-02-06,13028.9,4385.88,0.0549,36,WY,Other,A,2 years,100k-150k,Default,61,Delta Financial,2022-11-15,2024-06-22,Expired,Legacy
L-100806,B-88323,Personal,2021-11-06,2051-06-02,190583.39,65375.68,0.4594099543257203,360,NM,Other,E,18 years,<50k,Fully Paid,0,Delta Financial,2022-01-07,2024-08-11,Pending,Legacy
L-100807,B-43525,Student,2022-04-21,2025-04-05,214237.33,122050.96,0.1357,36,UT,Major Purchase,A,12 years,<50k,Default,53,Delta Financial,2023-02-03,2024-02-03,Missing,Legacy
L-100808,B-69596,Student,2021-10-13,2026-09-17,303786.32,144427.19,0.0687,60,OK,Other,G,14 years,50k-100k,Charged Off,136,Alpha Servicing,2021-11-22,2024-03-19,Available,Manual
L-100809,B-19057,Mortgage,2023-03-13,2033-01-19,350079.87,-500.0,0.141,120,TN,Other,A,8 years,<50k,Fully Paid,0,Delta Financial,2023-10-07,2024-08-10,Missing,Legacy
L-100810,B-48048,Personal,2022-10-14,2025-09-28,344969.64,301797.32,0.0392,36,NM,Major Purchase,B,0 years,>150k,Closed,0,Beta Loan Servicers,2025-01-12,2024-07-02,Pending,OriginatePro
L-100811,B-39284,Personal,2023-07-14,2028-06-17,358344.83,267588.56,0.1438,60,DE,Debt Consolidation,B,4 years,50k-100k,Fully Paid,0,Alpha Servicing,2024-11-03,2024-08-12,Expired,Legacy
L-100812,B-78835,Personal,2019-03-12,2048-10-05,239460.71,77374.97,0.0969,360,NV,Debt Consolidation,A,2 years,100k-150k,Fully Paid,0,Gamma Collections,2020-08-09,2024-07-17,Missing,OriginatePro
L-100813,B-25861,Auto,2019-10-26,2022-10-10,287358.21,181527.85,0.0835,36,OH,Credit Card Refinancing,E,8 years,>150k,Current,0,Beta Loan Servicers,2021-07-13,2024-07-04,Available,OriginatePro
L-100814,B-36535,Mortgage,2021-05-15,2026-04-19,374587.86,154542.89,0.0746,60,NC,Debt Consolidation,A,16 years,100k-150k,Charged Off,166,Alpha Servicing,2022-04-20,2024-03-11,Missing,Manual
L-100815,B-37991,Mortgage,2023-04-29,2052-11-22,241973.5,43370.75,0.0765,360,SD,Other,E,2 years,50k-100k,Fully Paid,0,Beta Loan Servicers,2025-10-23,2024-03-28,Available,Manual
L-100816,B-77290,Auto,2019-11-06,2024-10-10,315335.77,135848.82,0.1051,60,IA,Credit Card Refinancing,D,1 years,>150k,Current,0,Gamma Collections,2022-02-12,2024-07-01,Missing,LendingWeb
L-100817,B-61219,Student,2020-07-09,2025-06-13,242286.07,208247.38,0.0911,60,NE,Other,G,20 years,50k-100k,Late (16-30 days),25,Gamma Collections,2021-12-30,2024-02-14,Available,Manual
L-100818,B-18694,Auto,2019-08-20,2022-08-04,187912.96,77911.32,0.0857,36,MI,Credit Card Refinancing,G,17 years,100k-150k,Late (31-120 days),151,Delta Financial,2020-10-18,2024-03-16,Pending,Legacy
L-100819,B-74182,Personal,2023-12-23,2026-12-07,129538.5,40748.84,0.0626,36,ME,Medical Expenses,E,7 years,100k-150k,Late (31-120 days),92,Beta Loan Servicers,2025-01-12,2024-05-07,Pending,Manual
L-100820,B-46506,Personal,2022-10-03,2027-09-07,385315.46,313045.81,0.0467,60,WY,Other,C,6 years,100k-150k,Fully Paid,0,Gamma Collections,2023-05-30,2024-08-19,Missing,Legacy
L-100821,B-48202,Mortgage,Not A Date,2030-03-01,95623.53,59093.61,0.0896,120,KS,Major Purchase,D,8 years,>150k,Charged Off,118,Beta Loan Servicers,2021-02-06,2024-02-09,Available,Manual
L-100822,B-82179,Student,2018-01-14,2020-12-29,98519.4,83475.25,0.1413,36,NJ,Medical Expenses,E,8 years,>150k,Late (16-30 days),20,Alpha Servicing,2019-04-26,2024-08-20,Available,Manual
L-100823,B-67301,Student,2021-07-06,2024-06-20,74165.04,14709.4,0.1212,36,AR,Debt Consolidation,G,2 years,100k-150k,Current,0,Gamma Collections,2021-12-13,2024-02-24,Expired,OriginatePro
L-100824,B-15234,Auto,2018-02-10,2021-01-25,172114.92,103180.83,0.0633,36,NV,Home Improvement,B,7 years,100k-150k,Charged Off,121,Beta Loan Servicers,2018-08-14,2024-01-18,Pending,OriginatePro
L-100825,B-32523,Student,2020-04-12,2023-03-28,477464.29,82573.73,0.1189,36,LA,Major Purchase,A,3 years,50k-100k,Closed,0,Delta Financial,2020-12-24,2024-04-15,Missing,OriginatePro
L-100826,B-38880,Personal,2019-03-16,2022-02-28,123191.52,42722.25,0.0996,36,RI,Major Purchase,D,6 years,50k-100k,Current,0,Alpha Servicing,2020-06-06,2024-08-15,Missing,Manual
L-100827,B-90616,Student,2018-04-05,2028-02-12,106538.74,68040.85,0.0824,120,ND,Credit Card Refinancing,C,0 years,>150k,Charged Off,188,Delta Financial,2020-09-09,2024-08-20,Missing,LendingWeb
L-100828,B-28941,Auto,2022-03-27,2027-03-01,395094.63,104978.51,0.0677,60,MT,Credit Card Refinancing,B,9 years,50k-100k,Default,184,Delta Financial,2022-05-20,2024-04-21,Available,Manual
L-100829,B-12867,Student,2021-11-14,2031-09-23,193580.61,95389.94,0.1169,120,NV,Debt Consolidation,D,8 years,100k-150k,Late (16-30 days),20,Gamma Collections,2024-07-04,2024-05-16,Missing,OriginatePro
L-100830,B-38722,Mortgage,2018-05-29,2047-12-23,185463.06,131413.23,0.0408,360,HI,Debt Consolidation,E,17 years,<50k,Late (31-120 days),51,Gamma Collections,2019-10-04,2024-03-10,,Manual
L-100831,B-46505,Mortgage,2020-07-27,2050-02-20,159241.18,82233.16,0.0578,360,CO,Medical Expenses,A,18 years,50k-100k,Late (31-120 days),171,Delta Financial,2023-04-17,2024-07-06,Missing,Legacy
L-100832,B-35609,Auto,2018-10-03,2021-09-17,138176.84,100387.53,0.0941,36,WY,Major Purchase,E,11 years,50k-100k,Late (16-30 days),24,Beta Loan Servicers,2019-07-11,2024-01-11,Missing,LendingWeb
L-100833,B-77272,Auto,2023-08-14,2026-07-29,199933.81,46704.74,0.0863,36,FL,Home Improvement,G,19 years,100k-150k,Charged Off,102,Delta Financial,2024-05-21,2024-08-06,Available,OriginatePro
L-100834,B-31245,Auto,2018-10-02,2048-04-27,72272.61,23832.76,0.0935,360,NY,Other,G,12 years,>150k,Charged Off,150,Gamma Collections,2021-01-14,2024-07-25,Pending,Manual
L-100835,B-31875,Student,2019-06-02,2022-05-17,107412.04,62281.64,0.0741,36,MD,Debt Consolidation,E,13 years,>150k,Default,107,Gamma Collections,2019-07-26,2024-06-16,Missing,Legacy
L-100836,B-38255,Student,2019-08-26,2049-03-21,433272.6,317337.28,0.1199,360,TN,Credit Card Refinancing,D,7 years,50k-100k,Current,0,Beta Loan Servicers,2022-04-07,2024-08-09,Expired,Manual
L-100837,B-71125,Student,2022-03-02,2027-02-04,234333.16,101381.9,0.0362,60,GA,Other,A,9 years,100k-150k,Current,0,Gamma Collections,2023-07-21,2024-07-21,Expired,Legacy
L-100838,B-88412,Personal,2021-12-24,2051-07-20,25059.59,22179.89,0.1317,360,CA,Credit Card Refinancing,C,6 years,100k-150k,Charged Off,73,Alpha Servicing,2022-05-06,2024-03-24,Pending,Legacy
L-100839,B-13235,Mortgage,2023-11-05,2033-09-13,16949.22,7164.94,0.1258,120,NJ,Credit Card Refinancing,E,10 years,100k-150k,Late (31-120 days),44,Alpha Servicing,2026-05-27,2024-08-25,Expired,Manual
L-100840,B-77367,Auto,2023-09-04,2026-08-19,499329.04,111182.6,0.129,36,MI,Other,F,14 years,100k-150k,Late (16-30 days),18,Beta Loan Servicers,2024-01-07,2024-07-09,Expired,OriginatePro
L-100841,B-15490,Auto,2021-05-25,2024-05-09,477012.03,121921.77,0.0983,36,NE,Home Improvement,D,17 years,100k-150k,Late (16-30 days),16,Alpha Servicing,2021-12-08,2024-01-09,Expired,Legacy
L-100842,B-38717,Student,2019-11-10,2049-06-05,61547.32,39115.4,0.1274,360,MI,Medical Expenses,F,11 years,>150k,Late (31-120 days),178,Gamma Collections,2021-09-16,2024-06-17,Missing,LendingWeb
L-100843,B-87837,Mortgage,2020-07-15,2023-06-30,219767.32,69831.25,0.1428,36,MD,Major Purchase,F,12 years,<50k,Charged Off,107,Gamma Collections,2020-12-01,2024-03-18,Missing,OriginatePro
L-100844,B-42602,Student,2019-09-20,2022-09-04,350203.95,176739.15,0.0795,36,MT,Major Purchase,E,10 years,100k-150k,Current,0,Beta Loan Servicers,2020-04-03,2024-08-22,Available,LendingWeb
L-100845,B-17458,Student,2022-07-21,2052-02-14,81252.74,38882.63,0.0337,360,MS,Debt Consolidation,C,7 years,>150k,Default,132,Beta Loan Servicers,2023-10-09,2024-07-28,Missing,LendingWeb
L-100846,B-41881,Mortgage,2021-10-08,2026-09-12,301001.17,173002.48,0.1324,60,CT,Debt Consolidation,A,0 years,50k-100k,Charged Off,140,Delta Financial,2024-05-13,2024-02-26,Missing,Legacy
L-100847,B-10273,Student,2019-12-29,2022-12-13,71074.23,63040.06,0.074,36,UT,Other,C,18 years,<50k,Current,0,Beta Loan Servicers,2022-07-30,2024-05-11,Available,Legacy
L-100848,B-86397,Auto,2018-06-11,2021-05-26,411607.74,104465.43,0.0504,36,MT,Major Purchase,A,8 years,100k-150k,Charged Off,165,Alpha Servicing,2020-11-08,2024-05-05,Available,Manual
L-100849,B-89451,Personal,2019-10-07,2022-09-21,250725.68,69960.87,0.064,36,MT,Credit Card Refinancing,F,5 years,>150k,Closed,0,Delta Financial,2020-11-07,2024-05-10,Expired,Manual
L-100850,B-40818,Personal,2021-08-30,2026-08-04,124137.23,27183.17,0.0486,60,CO,Debt Consolidation,E,3 years,50k-100k,Current,0,Delta Financial,2022-02-05,2024-03-24,Available,LendingWeb
L-100851,B-53611,Personal,2020-09-06,2050-04-02,220490.74,43678.07,0.1073,360,TX,Medical Expenses,F,18 years,100k-150k,Fully Paid,0,Beta Loan Servicers,2023-04-11,2024-08-21,Available,LendingWeb
L-100852,B-30516,Student,2020-02-24,2030-01-02,37697.4,4716.08,0.1324,120,KY,Major Purchase,B,15 years,>150k,Fully Paid,0,Delta Financial,2022-06-05,2024-06-15,Missing,LendingWeb
L-100853,B-65358,Personal,2020-01-24,2023-01-08,435241.21,100690.14,0.0601,36,CO,Major Purchase,C,4 years,<50k,Late (16-30 days),19,Delta Financial,2020-12-03,2024-04-24,Missing,Manual
L-100854,B-15039,Auto,2022-01-17,2031-11-26,401103.27,159807.21,0.0303,120,NM,Medical Expenses,B,6 years,50k-100k,Late (31-120 days),199,Gamma Collections,2023-08-13,2024-07-17,Missing,Manual
L-100855,B-15167,Student,2021-04-03,2050-10-28,27034.26,9896.82,0.0789,360,SD,Debt Consolidation,D,13 years,>150k,Charged Off,177,Beta Loan Servicers,2023-12-04,2024-06-27,Missing,Manual
L-100856,B-44694,Personal,2018-06-08,2023-05-13,335873.95,189315.68,0.0774,60,AL,Medical Expenses,B,1 years,50k-100k,Closed,0,Delta Financial,2019-03-09,2024-07-01,Expired,Legacy
L-100857,B-19975,Personal,2022-09-04,2025-08-19,253367.16,218422.2,0.1254,36,SD,Credit Card Refinancing,G,19 years,<50k,Default,179,Beta Loan Servicers,2024-04-02,2024-05-25,Available,OriginatePro
L-100858,B-60990,Personal,2019-12-27,2024-11-30,12034.62,5338.56,0.0695,60,KS,Major Purchase,A,3 years,50k-100k,Fully Paid,0,Gamma Collections,2020-07-17,2024-05-22,Pending,Manual
L-100859,B-31215,Student,2020-04-15,2025-03-20,-1000.0,130955.89,0.0647,60,OH,Other,E,20 years,<50k,Current,0,Beta Loan Servicers,2022-10-26,2024-02-28,Available,OriginatePro
L-100860,B-18648,Personal,2020-01-04,2022-12-19,383625.64,141950.64,0.0901,36,WY,Medical Expenses,D,16 years,<50k,Default,188,Gamma Collections,2022-04-17,2024-02-12,Available,LendingWeb
L-100861,B-33120,Student,2020-02-15,2029-12-24,364031.05,301685.62,0.1044,120,WY,Debt Consolidation,A,5 years,50k-100k,Late (31-120 days),72,Beta Loan Servicers,2021-07-19,2024-06-01,Pending,Manual
L-100862,B-66675,Auto,2023-09-30,2053-04-25,110118.19,27762.44,0.1065,360,WY,Medical Expenses,F,2 years,50k-100k,Closed,0,Delta Financial,2025-05-22,2024-08-13,Pending,LendingWeb
L-100863,B-36098,Auto,2018-05-30,2047-12-24,98099.86,54617.24,0.0321,360,TX,Credit Card Refinancing,F,10 years,>150k,Fully Paid,0,Alpha Servicing,2019-05-17,2024-08-03,Missing,Legacy
L-100864,B-87941,Auto,2019-07-11,2049-02-03,249700.98,223958.94,0.1171,360,MI,Debt Consolidation,E,1 years,100k-150k,Late (16-30 days),20,Delta Financial,2020-06-05,2024-01-28,Available,Legacy
L-100865,B-49348,Mortgage,2020-11-23,2050-06-19,499643.97,162151.69,0.132,360,CA,Medical Expenses,C,2 years,>150k,Late (31-120 days),107,Delta Financial,2021-01-15,2024-01-10,Pending,OriginatePro
L-101010,B-22199,Mortgage,2023-11-21,2026-11-05,184453.42,32487.01,0.0617,36,MI,Credit Card Refinancing,A,5 years,50k-100k,Charged Off,51,Beta Loan Servicers,2024-02-09,2024-05-10,Available,LendingWeb
L-100867,B-82399,Personal,2019-02-16,2048-09-11,377389.46,50038.05,0.1403,360,NE,Debt Consolidation,F,10 years,100k-150k,Fully Paid,0,Alpha Servicing,2019-08-05,2024-02-04,Available,Legacy
L-100868,B-72518,Auto,2023-04-06,2033-02-12,205964.4,38209.02,0.0491,120,OK,Home Improvement,A,10 years,50k-100k,Late (16-30 days),26,Alpha Servicing,2025-02-09,2024-01-16,Missing,OriginatePro
L-100869,B-32199,Mortgage,2022-07-29,2025-07-13,342298.55,273858.76,0.0992,36,WA,Home Improvement,D,17 years,50k-100k,Current,0,Delta Financial,2023-04-01,2024-07-07,Pending,LendingWeb
L-100870,B-27853,Student,2022-08-13,2032-06-21,138333.32,82046.58,0.1367,120,VA,Major Purchase,C,20 years,>150k,Current,0,Alpha Servicing,2023-11-01,2024-04-24,Pending,OriginatePro
L-100871,B-85578,Mortgage,2023-01-01,2022-01-01,70562.04,9325.83,0.1498,60,WV,Debt Consolidation,F,2 years,>150k,Late (16-30 days),19,Gamma Collections,2019-09-29,2024-01-21,Missing,Legacy
L-100872,B-11803,Student,2019-03-15,2029-01-21,107135.06,23088.35,0.1169,120,XX,Credit Card Refinancing,C,13 years,>150k,Fully Paid,0,Gamma Collections,2020-07-11,2024-04-28,Missing,OriginatePro
L-100873,B-61014,Personal,2020-02-10,2025-01-14,247507.1,212686.42,0.0825,60,KY,Debt Consolidation,D,14 years,50k-100k,Current,0,Alpha Servicing,2022-04-16,2024-08-17,Pending,OriginatePro
L-100874,B-64185,Auto,2021-03-22,2026-02-24,145305.86,35112.88,0.1223,60,NM,Medical Expenses,A,18 years,>150k,Late (31-120 days),108,Beta Loan Servicers,2022-07-25,2024-04-23,Pending,Manual
L-100875,B-61196,Personal,2019-10-20,2049-05-15,114180.0,94066.65,0.0321,360,KS,Other,D,12 years,50k-100k,Charged Off,161,Beta Loan Servicers,2020-03-10,2024-05-24,Pending,LendingWeb
L-100876,B-22954,Personal,2023-10-17,2033-08-25,374469.45,43528.2,0.0981,120,CT,Home Improvement,C,8 years,50k-100k,Closed,0,Beta Loan Servicers,2025-08-19,2024-08-17,Available,OriginatePro
L-100877,B-12565,Personal,2022-09-16,2032-07-25,5722.96,1457.84,0.043,120,MD,Other,G,13 years,100k-150k,Fully Paid,0,Gamma Collections,2024-06-07,2024-04-21,Expired,LendingWeb
L-100878,B-22594,Student,2023-04-17,2028-03-21,445677.25,-500.0,0.1329,60,MN,Major Purchase,G,7 years,100k-150k,Default,89,Delta Financial,2024-12-12,2024-01-23,Available,Legacy
L-100879,B-84076,Mortgage,2020-08-05,2050-03-01,433943.02,114546.85,0.0795,360,WV,Debt Consolidation,A,17 years,>150k,Fully Paid,0,Beta Loan Servicers,2021-04-18,2024-04-07,Pending,Legacy
L-100880,B-14799,Personal,2018-02-17,2047-09-13,64537.34,20931.31,0.1006,360,NH,Home Improvement,A,10 years,50k-100k,Charged Off,61,Alpha Servicing,2020-06-20,2024-05-26,Missing,Legacy
L-100881,B-72391,Personal,2019-11-16,2022-10-31,463482.97,227866.56,0.1491,36,NE,Credit Card Refinancing,A,2 years,50k-100k,Charged Off,102,Alpha Servicing,2021-02-25,2024-06-12,Expired,OriginatePro
L-100882,B-13525,Auto,2018-03-29,2028-02-05,100309.59,76019.75,0.0581,120,AZ,Other,B,6 years,50k-100k,Late (16-30 days),18,Gamma Collections,2019-08-12,2024-01-22,Expired,OriginatePro
L-100883,B-91087,Mortgage,2018-05-09,2021-04-23,364243.2,247412.02,0.4507016812304725,36,WI,Credit Card Refinancing,G,13 years,50k-100k,Fully Paid,0,Alpha Servicing,2020-10-08,2024-03-16,Expired,Legacy
L-100884,B-32462,Personal,2018-05-24,2023-04-28,343797.62,279961.38,0.043,60,WI,Home Improvement,B,2 years,50k-100k,Default,58,Delta Financial,2019-02-12,2024-03-09,Pending,Manual
L-100885,B-30630,Mortgage,2023-01-14,2052-08-09,90206.83,69400.81,0.0834,360,MA,Credit Card Refinancing,E,6 years,<50k,Late (16-30 days),22,Gamma Collections,2024-03-03,2024-08-03,Available,OriginatePro
L-100886,B-17050,Mortgage,2023-12-26,2026-12-10,282232.1,117319.83,0.108,36,VA,Other,G,4 years,<50k,Charged Off,77,Beta Loan Servicers,2026-04-22,2024-03-08,Available,Legacy
L-100887,B-41653,Auto,2021-10-21,2024-10-05,133530.82,48826.97,0.0463,36,ID,Debt Consolidation,D,15 years,50k-100k,Late (16-30 days),28,Beta Loan Servicers,2023-11-05,2024-02-17,Missing,Manual
,B-19363,Student,2018-11-25,2028-10-03,233145.11,150395.18,0.1491,120,MI,Debt Consolidation,A,0 years,<50k,Closed,0,Alpha Servicing,2021-05-26,2024-01-03,,OriginatePro
L-100889,B-93498,Auto,2018-12-05,2023-11-09,242986.04,180854.17,0.0827,60,OH,Other,C,1 years,<50k,Fully Paid,0,Beta Loan Servicers,2019-12-31,2024-06-13,Available,LendingWeb
L-100890,B-48291,Personal,2019-10-15,2022-09-29,275158.74,60082.26,0.1102,36,OH,Major Purchase,C,15 years,<50k,Late (16-30 days),18,Gamma Collections,2021-04-10,2024-01-11,Expired,Manual
L-100891,B-15293,Student,2023-03-30,2026-03-14,26852.48,3734.71,0.1094,36,KS,Major Purchase,C,20 years,100k-150k,Current,0,Gamma Collections,2025-05-09,2024-05-17,Missing,Manual
L-100892,B-59508,Auto,2020-08-23,2050-03-19,78890.16,24892.01,0.0573,360,MA,Credit Card Refinancing,F,1 years,100k-150k,Late (31-120 days),74,Delta Financial,2022-10-09,2024-01-18,Available,Manual
L-100893,B-16951,Student,2020-05-01,2025-04-05,208040.81,163274.69,0.097,60,SC,Credit Card Refinancing,G,0 years,50k-100k,Late (16-30 days),17,Alpha Servicing,2021-03-01,2024-01-04,Expired,LendingWeb
L-100894,B-79281,Auto,2023-12-08,2026-11-22,134495.87,-500.0,0.1455,36,TN,Home Improvement,E,15 years,>150k,Late (16-30 days),24,Beta Loan Servicers,2025-01-28,2024-04-17,Available,Manual
L-100895,B-45101,Mortgage,2019-09-27,2022-09-11,75042.97,31523.01,0.1113,36,WA,Home Improvement,E,18 years,100k-150k,Default,107,Beta Loan Servicers,2019-11-17,2024-04-14,Missing,LendingWeb
L-100896,B-79248,Student,2020-05-26,2023-05-11,158244.59,5000.0,0.0399,36,AZ,Major Purchase,C,20 years,>150k,Closed,21,Gamma Collections,2022-08-09,2024-05-28,Available,OriginatePro
L-100897,B-62858,Mortgage,2022-02-20,2031-12-30,274017.26,68384.91,0.053,120,WA,Debt Consolidation,F,2 years,>150k,Default,109,Delta Financial,2024-06-10,2024-05-28,Pending,Legacy
L-100898,B-39604,Auto,2022-02-17,2027-01-22,280264.71,140349.8,0.0514,60,LA,Credit Card Refinancing,F,4 years,>150k,Charged Off,46,Gamma Collections,2022-04-26,2024-05-22,Available,LendingWeb
L-100899,B-41302,Mortgage,2020-06-04,2025-05-09,485017.29,368200.9,0.0533,60,ND,Credit Card Refinancing,E,10 years,<50k,Default,87,Beta Loan Servicers,2022-10-07,2024-02-03,Available,Manual
L-100900,B-78971,Student,2019-05-22,2022-05-06,305195.97,79013.74,0.1012,36,SD,Other,B,15 years,50k-100k,Late (16-30 days),22,Gamma Collections,2020-02-07,2024-01-14,Available,Legacy
L-100901,B-20992,Student,2021-09-03,2051-03-30,52177.36,45320.83,0.133,360,WY,Medical Expenses,F,16 years,<50k,Current,0,Beta Loan Servicers,2022-05-04,2024-01-26,Available,Legacy
L-100902,B-53855,Student,2019-04-04,2024-03-08,419610.39,217817.99,0.0316,60,VT,Major Purchase,C,15 years,>150k,Late (31-120 days),103,Alpha Servicing,2021-05-15,2024-07-01,Missing,Manual
L-100903,B-58222,Personal,2019-07-03,2022-06-17,42744.71,24918.16,0.127,36,ND,Other,G,18 years,100k-150k,Current,0,Gamma Collections,2020-03-20,2023-01-01,Expired,LendingWeb
L-100904,B-13457,Mortgage,2023-01-01,2022-01-01,89447.34,60677.79,0.143,60,RI,Medical Expenses,E,4 years,<50k,Late (16-30 days),23,Gamma Collections,2023-08-04,2024-06-14,Available,Legacy
L-100905,B-43442,Auto,2021-04-19,2026-03-24,262241.72,111662.09,0.1197,60,MS,Other,A,10 years,50k-100k,Default,132,Delta Financial,2022-08-07,2024-01-17,Available,Legacy
L-100906,B-26880,Student,2018-03-15,2021-02-27,472204.74,377699.23,0.0366,36,IN,Credit Card Refinancing,D,12 years,<50k,Closed,0,Alpha Servicing,2019-05-14,2024-03-22,Expired,Legacy
L-100907,B-51992,Mortgage,2019-02-14,2024-01-19,384959.35,116727.97,0.0709,60,AR,Major Purchase,E,17 years,50k-100k,Default,177,Alpha Servicing,2020-07-25,2024-08-14,Missing,OriginatePro
L-101051,B-78746,Personal,2021-04-04,2024-03-19,62335.14,21393.73,0.0965,36,ND,Major Purchase,G,6 years,100k-150k,Late (31-120 days),91,Delta Financial,2023-10-04,2023-01-01,Available,OriginatePro
L-100909,B-40637,Personal,2019-05-24,2022-05-08,55725.0,22092.19,0.1129,36,AK,Medical Expenses,G,1 years,100k-150k,Charged Off,179,Alpha Servicing,2021-09-22,2024-05-10,Missing,Legacy
L-100910,B-69389,Personal,2019-11-10,2049-06-05,379328.26,252226.48,0.1049,360,SD,Major Purchase,G,19 years,>150k,Closed,0,Gamma Collections,2022-04-08,2024-08-03,Pending,OriginatePro
L-100911,B-80158,Personal,2022-04-23,2027-03-28,77731.27,42928.8,0.0653,60,XX,Medical Expenses,C,18 years,50k-100k,Late (16-30 days),30,Beta Loan Servicers,2022-09-10,2024-03-27,Missing,LendingWeb
L-100912,B-28519,Student,2022-07-14,2025-06-28,206870.46,136481.15,0.1488,36,NM,Home Improvement,D,20 years,<50k,Default,137,Alpha Servicing,2024-05-31,2024-08-06,Missing,LendingWeb
L-100913,B-83617,Mortgage,2023-10-31,2028-10-04,166260.15,104749.66,0.1389,60,TN,Home Improvement,E,4 years,<50k,Closed,0,Gamma Collections,2026-03-26,2024-01-12,Expired,Legacy
L-100914,B-28672,Student,2021-10-30,2024-10-14,-1000.0,215738.51,0.0477,36,PA,Credit Card Refinancing,E,4 years,>150k,Fully Paid,0,Gamma Collections,2022-03-04,2024-07-19,Expired,LendingWeb
L-100915,B-63336,Auto,2020-06-06,2023-05-22,283088.06,211465.0,0.0418,36,UT,Home Improvement,G,6 years,100k-150k,Charged Off,117,Alpha Servicing,2021-03-20,2024-04-25,Pending,Manual
L-100916,B-80971,Mortgage,2020-09-12,2030-07-22,425632.95,-500.0,0.1379,120,AK,Home Improvement,D,7 years,<50k,Current,0,Delta Financial,2022-06-18,2024-07-13,Available,Legacy
L-100917,B-25307,Student,2023-08-26,2028-07-30,42153.09,26752.54,0.1277,60,MI,Debt Consolidation,A,2 years,>150k,Charged Off,45,Gamma Collections,2023-12-16,2024-05-21,Available,LendingWeb
L-100918,B-17120,Student,2022-07-29,2027-07-03,432134.76,223606.48,0.1346,60,NH,Other,D,20 years,50k-100k,Current,0,Gamma Collections,2023-04-10,2024-05-09,Available,Manual
L-100919,B-67756,Student,2023-01-01,2022-01-01,85344.58,57304.81,0.0839,360,FL,Other,D,13 years,50k-100k,Charged Off,66,Gamma Collections,2021-04-17,2024-02-24,Expired,Manual
L-100920,B-60393,Auto,2019-10-22,2022-10-06,385711.0,119893.13,0.0777,36,ND,Other,E,8 years,<50k,Late (16-30 days),19,Beta Loan Servicers,2021-02-27,2024-04-03,Missing,LendingWeb
L-100921,B-56907,Mortgage,2020-04-09,2030-02-16,458330.6,459330.6,0.0861,120,CO,Major Purchase,A,6 years,50k-100k,Fully Paid,0,Alpha Servicing,2020-07-28,2024-03-01,Expired,Legacy
L-100922,B-38687,Student,2020-09-01,2030-07-11,70516.36,35018.32,0.0988,120,MN,Major Purchase,A,6 years,50k-100k,Default,50,Gamma Collections,2021-08-11,2024-05-19,Available,OriginatePro
L-100923,B-85865,Personal,2018-07-15,2023-06-19,432740.8,145060.43,0.0352,60,CT,Major Purchase,C,9 years,<50k,Late (16-30 days),23,Beta Loan Servicers,2020-07-12,2024-05-27,Available,Manual
L-100924,B-71656,Auto,2019-08-04,2049-02-27,371753.65,185775.2,0.0916,360,ID,Debt Consolidation,A,5 years,<50k,Default,181,Beta Loan Servicers,2019-12-16,2024-04-09,Expired,OriginatePro
L-100925,B-85041,Personal,2023-07-06,2053-01-29,120762.93,53234.28,0.1292,360,OH,Home Improvement,A,16 years,50k-100k,Charged Off,112,Delta Financial,2023-09-03,2024-06-08,Expired,Legacy
L-100926,B-74595,Student,2022-07-08,2025-06-22,229518.99,151503.01,0.0783,36,NY,Home Improvement,D,16 years,50k-100k,Closed,0,Alpha Servicing,2023-08-15,2024-01-13,Missing,Legacy
L-100927,B-96364,Mortgage,2020-01-10,2024-12-14,316441.59,114650.74,0.0491,60,MT,Other,G,11 years,<50k,Closed,0,Gamma Collections,2021-08-14,2024-08-04,Pending,Manual
L-100928,B-84636,Mortgage,2018-10-26,2023-09-30,41012.87,22823.44,0.0693,60,MT,Major Purchase,G,19 years,<50k,Charged Off,182,Gamma Collections,2019-07-23,2024-07-20,Pending,Legacy
L-100929,B-30753,Mortgage,2018-06-04,2028-04-12,400200.62,344620.75,0.113,120,IA,Other,G,17 years,>150k,Fully Paid,0,Gamma Collections,2019-12-05,2024-05-21,Missing,LendingWeb
L-100930,B-89376,Personal,2023-09-29,2026-09-13,325399.02,326399.02,0.0842,36,OH,Medical Expenses,D,1 years,>150k,Current,0,Gamma Collections,2026-05-31,2024-03-08,Expired,Manual
L-100931,B-61183,Student,2020-03-13,2025-02-15,17977.86,10651.28,0.063,60,WY,Debt Consolidation,E,2 years,>150k,Default,187,Delta Financial,2021-05-10,2024-03-28,Expired,Manual
L-100932,B-30173,Mortgage,2021-08-04,2026-07-09,249484.04,174591.82,0.1249,60,OH,Credit Card Refinancing,F,16 years,<50k,Default,195,Beta Loan Servicers,2023-08-02,2024-04-12,Available,LendingWeb
L-100933,B-13918,Personal,2022-05-18,2051-12-12,365205.86,133483.31,0.0848,360,AZ,Debt Consolidation,F,3 years,50k-100k,Late (31-120 days),169,Beta Loan Servicers,2024-08-22,2024-06-28,Pending,LendingWeb
L-100934,B-42926,Mortgage,2023-11-15,2053-06-10,233039.48,96770.48,0.0468,360,SC,Credit Card Refinancing,B,20 years,50k-100k,Fully Paid,0,Beta Loan Servicers,2025-11-13,2024-05-26,Expired,OriginatePro
L-100935,B-35502,Auto,2021-10-25,2051-05-21,86388.66,14140.58,0.1117,360,MA,Home Improvement,E,10 years,>150k,Late (16-30 days),30,Gamma Collections,2022-12-27,2024-03-19,Missing,Manual
L-100936,B-87217,Mortgage,2020-06-29,2030-05-08,267221.76,193828.25,0.0744,120,IA,Medical Expenses,A,17 years,>150k,Late (31-120 days),124,Alpha Servicing,2022-05-21,2024-08-17,Pending,Manual
L-100937,B-83227,Personal,2018-03-06,2028-01-13,379214.01,-500.0,0.0645,120,KY,Home Improvement,A,6 years,100k-150k,Fully Paid,0,Alpha Servicing,2020-09-19,2024-02-27,Available,Manual
L-100938,B-88512,Student,2019-11-07,2022-10-22,103578.17,79384.34,0.07,36,KS,Credit Card Refinancing,G,1 years,<50k,Closed,0,Gamma Collections,2020-07-09,2024-07-10,Available,LendingWeb
L-100939,B-48489,Student,2019-03-17,2029-01-23,414661.67,108574.08,0.056,120,ID,Credit Card Refinancing,E,6 years,>150k,Default,165,Alpha Servicing,2019-12-15,2024-07-15,Pending,Legacy
L-100940,B-12104,Personal,2019-09-06,2022-08-21,145322.01,104022.58,0.0405,36,WY,Credit Card Refinancing,B,14 years,>150k,Charged Off,166,Alpha Servicing,2021-09-17,2024-08-18,Available,OriginatePro
L-100941,B-72654,Auto,2021-01-17,2030-11-26,69239.07,53713.02,0.0932,120,WY,Credit Card Refinancing,D,5 years,50k-100k,Late (31-120 days),173,Delta Financial,2022-04-18,2024-01-11,Expired,Manual
L-100942,B-80636,Student,2021-02-18,2030-12-28,431983.38,90965.01,0.1147,120,NC,Credit Card Refinancing,F,8 years,100k-150k,Fully Paid,0,Delta Financial,2022-03-27,2024-06-26,Pending,OriginatePro
L-100943,B-75802,Mortgage,2021-06-01,2024-05-16,483979.03,362952.48,0.0814,36,MI,Debt Consolidation,B,0 years,<50k,Current,0,Beta Loan Servicers,2023-09-29,2024-05-12,Missing,OriginatePro
L-100944,B-19535,Mortgage,2019-06-22,2022-06-06,400659.49,318439.39,0.0383,36,AL,Credit Card Refinancing,C,15 years,<50k,Charged Off,83,Delta Financial,2021-02-09,2024-03-22,Available,LendingWeb
L-100945,B-49749,Personal,2023-10-31,2053-05-26,195983.69,116800.36,0.116,360,GA,Major Purchase,G,7 years,>150k,Default,194,Delta Financial,2025-12-05,2024-05-21,Expired,OriginatePro
L-100946,B-10834,Mortgage,2022-02-09,2027-01-14,460024.35,151960.12,0.144,60,CA,Medical Expenses,B,5 years,<50k,Fully Paid,0,Beta Loan Servicers,2022-09-21,2024-02-05,Missing,OriginatePro
L-100947,B-94560,Auto,2021-06-02,2024-05-17,34197.32,23617.94,0.1363,36,ND,Home Improvement,D,8 years,>150k,Late (16-30 days),19,Delta Financial,2022-06-20,2024-01-18,Missing,Manual
L-100948,B-62956,Auto,2023-02-11,2028-01-16,394526.86,323465.2,0.0876,60,MA,Credit Card Refinancing,F,11 years,100k-150k,Default,65,Delta Financial,2023-08-18,2024-01-11,Missing,Legacy
L-100949,B-76968,Student,2022-04-16,2027-03-21,366130.35,151576.67,0.0959,60,ID,Other,D,3 years,>150k,Late (16-30 days),17,Delta Financial,2024-04-18,2024-04-07,Expired,OriginatePro
L-100950,B-83988,Mortgage,2018-04-30,2028-03-08,94985.68,21291.36,0.1446,120,SC,Home Improvement,F,13 years,50k-100k,Current,0,Delta Financial,2020-08-25,2024-06-22,Available,LendingWeb
L-100951,B-40968,Mortgage,2020-08-26,2025-07-31,165925.74,64869.3,0.1457,60,OR,Medical Expenses,B,10 years,100k-150k,Late (31-120 days),137,Alpha Servicing,2022-02-07,2024-08-24,Expired,OriginatePro
,B-31176,Student,2021-04-02,2026-03-07,471239.68,262402.73,0.0613,60,KY,Medical Expenses,G,15 years,<50k,Late (16-30 days),30,Delta Financial,2023-01-10,2024-08-01,Missing,OriginatePro
L-100953,B-67690,Auto,2019-10-26,2022-10-10,168899.31,106976.84,0.1015,36,WI,Medical Expenses,D,3 years,50k-100k,Default,114,Beta Loan Servicers,2021-07-10,2024-04-05,Missing,Legacy
L-100954,B-98502,Auto,2019-07-06,2029-05-14,201580.19,147651.16,0.1336,120,OK,Home Improvement,B,1 years,<50k,Late (31-120 days),172,Delta Financial,2021-04-17,2024-08-17,Expired,LendingWeb
L-100955,B-99600,Mortgage,2022-03-05,2032-01-12,96404.82,58801.32,0.0773,120,AR,Debt Consolidation,B,0 years,100k-150k,Late (31-120 days),91,Delta Financial,2024-01-24,2024-02-27,Pending,Legacy
L-100956,B-70321,Auto,2021-11-21,2026-10-26,477276.63,380678.37,0.0985,60,CO,Debt Consolidation,G,4 years,50k-100k,Closed,0,Gamma Collections,2023-10-31,2024-01-03,Pending,OriginatePro
L-100957,B-72648,Personal,2023-09-26,2028-08-30,33060.88,25079.96,0.1394,60,OR,Major Purchase,D,2 years,50k-100k,Fully Paid,0,Delta Financial,2024-01-29,2024-02-05,Expired,Legacy
L-100958,B-93006,Mortgage,2019-09-14,2022-08-29,107586.58,20921.65,0.1124,36,VT,Major Purchase,D,14 years,50k-100k,Current,0,Alpha Servicing,2021-06-25,2024-02-04,Available,Manual
L-100959,B-62782,Auto,2019-06-15,2024-05-19,25716.3,15275.65,0.0338,60,FL,Other,C,16 years,>150k,Late (16-30 days),19,Beta Loan Servicers,2019-08-21,2024-05-19,Missing,Manual
L-100960,B-59844,Personal,2020-05-03,2023-04-18,331866.92,154077.38,0.1352,36,MD,Medical Expenses,A,4 years,100k-150k,Late (16-30 days),17,Alpha Servicing,2021-03-20,2024-01-26,Expired,OriginatePro
L-100961,B-54191,Auto,2021-08-30,2026-08-04,79313.4,26123.48,0.0455,60,PA,Home Improvement,F,11 years,100k-150k,Fully Paid,0,Delta Financial,2024-02-05,2024-02-26,Available,OriginatePro
L-100962,B-97418,Personal,2019-06-10,2049-01-03,412629.35,297543.06,0.0575,360,NJ,Debt Consolidation,B,8 years,50k-100k,Default,122,Gamma Collections,2021-01-12,2024-06-13,Pending,OriginatePro
L-100963,B-37788,Auto,2020-11-28,2023-11-13,444610.64,321372.06,0.0331,36,NM,Debt Consolidation,D,3 years,100k-150k,Charged Off,72,Delta Financial,2021-08-21,2024-08-09,Available,OriginatePro
L-100964,B-88520,Auto,2022-12-20,2025-12-04,218454.84,172485.7,0.0327,36,IA,Home Improvement,B,9 years,<50k,Late (31-120 days),112,Gamma Collections,2025-06-21,2024-03-27,Available,OriginatePro
L-100965,B-47415,Auto,2020-10-19,2023-10-04,66723.87,39561.23,0.139,36,MT,Major Purchase,E,20 years,>150k,Late (31-120 days),139,Gamma Collections,2022-08-17,2024-02-12,Expired,LendingWeb
L-100966,B-58754,Personal,2022-10-08,2027-09-12,473156.23,142431.84,0.131,60,FL,Credit Card Refinancing,D,13 years,<50k,Current,0,Alpha Servicing,2024-05-28,2024-01-25,Available,Legacy
L-100967,B-15076,Mortgage,2018-04-20,2047-11-14,279152.46,50331.68,0.0778,360,WI,Debt Consolidation,D,5 years,>150k,Charged Off,41,Alpha Servicing,2019-10-31,2024-02-26,Pending,Manual
L-100968,B-24077,Mortgage,2018-05-05,2021-04-19,487229.58,488229.58,0.0856,36,IL,Medical Expenses,A,13 years,>150k,Current,0,Beta Loan Servicers,2018-07-29,2024-08-23,Missing,LendingWeb
L-100969,B-20447,Auto,2021-03-24,2031-01-31,485134.79,418724.7,0.089,120,IL,Major Purchase,B,3 years,50k-100k,Current,0,Alpha Servicing,2022-11-22,2024-07-06,Pending,LendingWeb
L-100970,B-68565,Student,2022-10-26,2032-09-03,250606.2,66072.2,0.0974,120,MI,Home Improvement,F,6 years,>150k,Late (16-30 days),29,Delta Financial,2025-06-26,2024-05-27,Expired,Manual
L-100971,B-67253,Mortgage,2018-11-20,2028-09-28,294647.86,153126.35,0.1297,120,VT,Major Purchase,A,1 years,<50k,Late (31-120 days),134,Delta Financial,2020-02-28,2024-02-10,Pending,Legacy
L-100972,B-18888,Auto,2018-07-27,2048-02-20,296314.57,187635.04,0.0449,360,KY,Debt Consolidation,A,20 years,100k-150k,Charged Off,91,Alpha Servicing,2020-12-13,2024-05-19,Available,LendingWeb
L-100973,B-42675,Auto,2021-07-21,2026-06-25,25936.98,15262.53,0.0902,60,PA,Credit Card Refinancing,F,19 years,>150k,Default,186,Delta Financial,2023-06-05,2024-04-21,Available,OriginatePro
L-100974,B-70718,Student,2019-05-08,2048-12-01,194199.52,105884.11,0.0651,360,NE,Major Purchase,A,4 years,50k-100k,Default,104,Alpha Servicing,2020-10-15,2024-08-19,Pending,OriginatePro
L-100975,B-40578,Mortgage,2021-08-13,2051-03-09,95592.59,65918.2,0.146,360,TX,Medical Expenses,E,9 years,<50k,Charged Off,145,Alpha Servicing,2021-11-19,2024-05-06,Expired,OriginatePro
L-100976,B-13448,Mortgage,2023-03-29,2026-03-13,260207.77,196678.3,0.0949,36,HI,Debt Consolidation,A,13 years,<50k,Closed,0,Beta Loan Servicers,2025-03-04,2024-01-21,Pending,Legacy
L-100977,B-81532,Auto,2020-08-21,2030-06-30,343751.35,240880.51,0.0986,120,RI,Medical Expenses,G,18 years,>150k,Late (16-30 days),30,Alpha Servicing,2020-12-14,2024-08-01,Pending,Legacy
L-100978,B-19254,Student,2020-12-01,2030-10-10,269876.45,61686.49,0.0444,120,MN,Medical Expenses,E,7 years,>150k,Charged Off,126,Delta Financial,2023-08-12,2024-01-18,Missing,Legacy
L-100979,B-13367,Personal,2018-07-11,2048-02-04,239782.28,114764.64,0.0412,360,ID,Home Improvement,D,18 years,<50k,Late (31-120 days),183,Delta Financial,2018-11-11,2024-02-06,Expired,LendingWeb
L-100980,B-31672,Student,2023-08-30,2028-08-03,234362.74,164458.25,0.0994,60,TX,Major Purchase,F,20 years,<50k,Late (31-120 days),42,Gamma Collections,2024-05-20,2024-02-09,Available,Manual
L-100981,B-24744,Personal,2022-10-16,2025-09-30,249705.96,135210.39,0.0598,36,NY,Credit Card Refinancing,F,17 years,50k-100k,Late (31-120 days),127,Gamma Collections,2023-03-04,2024-08-19,Expired,OriginatePro
L-100982,B-48384,Auto,2022-09-24,2032-08-02,418367.87,167787.14,0.0956,120,WA,Credit Card Refinancing,E,13 years,<50k,Late (31-120 days),146,Gamma Collections,2023-03-28,2024-02-15,Available,OriginatePro
L-100983,B-83509,Personal,2019-02-23,2048-09-18,75458.15,66779.03,0.0727,360,WI,Home Improvement,G,20 years,>150k,Late (31-120 days),169,Beta Loan Servicers,2019-03-25,2024-04-09,Expired,OriginatePro
L-100984,B-90488,Auto,2022-11-21,2027-10-26,492581.16,204988.05,0.0482,60,WI,Medical Expenses,D,19 years,<50k,Default,36,Alpha Servicing,2023-03-22,2024-05-03,Missing,Legacy
L-100985,B-86873,Mortgage,2022-01-05,2026-12-10,499296.6,398691.45,0.1158,60,CT,Home Improvement,B,15 years,>150k,Current,0,Gamma Collections,2022-08-14,2024-04-02,Pending,LendingWeb
L-100986,B-82914,Auto,2022-06-29,2032-05-07,390980.63,258150.98,0.1392,120,MS,Credit Card Refinancing,G,9 years,>150k,Late (16-30 days),20,Alpha Servicing,2024-04-20,2024-02-14,Pending,Legacy
L-100987,B-35329,Personal,2021-01-25,2024-01-10,394910.49,171040.75,0.1314,36,NM,Other,D,2 years,50k-100k,Fully Paid,0,Gamma Collections,2022-10-25,2024-01-18,Available,Manual
L-100988,B-70519,Mortgage,2019-02-01,2028-12-10,44411.63,14064.99,0.4293705732520245,120,CT,Home Improvement,G,10 years,50k-100k,Default,191,Delta Financial,2021-10-27,2024-05-18,Expired,OriginatePro
L-100989,B-86253,Student,2022-12-09,2032-10-17,465503.35,188496.24,0.0675,120,CO,Credit Card Refinancing,C,18 years,100k-150k,Late (31-120 days),199,Alpha Servicing,2023-05-01,2024-02-20,Missing,OriginatePro
L-100990,B-17679,Student,2022-01-19,2026-12-24,350010.49,141821.43,0.1134,60,MN,Debt Consolidation,A,15 years,<50k,Default,46,Beta Loan Servicers,2024-06-19,2024-07-07,Expired,LendingWeb
L-100991,B-42578,Student,2019-05-31,2022-05-15,259760.55,79986.58,0.0747,36,AR,Major Purchase,D,0 years,<50k,Current,0,Gamma Collections,2021-10-03,2024-03-10,Pending,OriginatePro
L-100992,B-16154,Personal,2022-03-22,2051-10-16,342792.16,109411.5,0.1384,360,OK,Medical Expenses,D,13 years,>150k,Default,43,Gamma Collections,2024-07-07,2024-07-09,Missing,Legacy
L-100993,B-50729,Personal,2022-10-02,2032-08-10,247564.51,112512.34,0.0945,120,AK,Medical Expenses,D,9 years,100k-150k,Late (16-30 days),19,Alpha Servicing,2024-01-10,2024-03-08,Pending,LendingWeb
L-100994,B-63010,Student,2019-06-20,2024-05-24,386360.23,142646.46,0.0647,60,CT,Major Purchase,F,10 years,100k-150k,Late (16-30 days),30,Alpha Servicing,2019-07-29,2024-07-06,Missing,Legacy
L-100995,B-32925,Mortgage,2021-04-19,2026-03-24,481823.09,355852.14,0.0814,60,NM,Other,F,15 years,100k-150k,Default,65,Gamma Collections,2023-02-05,2024-02-13,Available,Legacy
L-100996,B-20363,Mortgage,2021-02-24,2024-02-09,50688.58,41999.3,0.1322,36,KY,Medical Expenses,G,16 years,>150k,Current,0,Alpha Servicing,2023-05-13,2024-01-04,Expired,Manual
L-100997,B-73071,Student,Not A Date,2024-05-12,437936.31,104365.18,0.1015,60,MN,Major Purchase,G,0 years,100k-150k,Default,65,Delta Financial,2021-09-26,2024-05-28,Missing,Manual
L-100998,B-19979,Mortgage,2019-03-31,2024-03-04,31468.25,16458.19,0.0575,60,WI,Major Purchase,C,7 years,>150k,Late (31-120 days),181,Delta Financial,2021-10-03,2024-01-15,Pending,OriginatePro
L-100999,B-58299,Personal,2023-10-07,2028-09-10,158332.66,5000.0,0.0969,60,WI,Home Improvement,E,10 years,100k-150k,Closed,99,Alpha Servicing,2023-12-08,2024-07-09,Pending,LendingWeb
L-101000,B-47382,Student,2021-10-18,2026-09-22,435585.81,338192.29,0.0392,60,FL,Home Improvement,B,14 years,100k-150k,Closed,0,Delta Financial,2023-10-16,2024-02-15,Expired,Manual
L-101001,B-37037,Mortgage,2021-04-17,2026-03-22,247196.18,30791.76,0.1341,60,OK,Medical Expenses,D,5 years,<50k,Default,121,Alpha Servicing,2023-03-18,2024-01-26,Available,Manual
L-101002,B-42366,Auto,2020-11-10,2030-09-19,358805.3,91671.0,0.0764,120,IA,Credit Card Refinancing,F,17 years,50k-100k,Late (31-120 days),190,Beta Loan Servicers,2021-11-13,2024-04-10,Available,Legacy
L-101003,B-93148,Auto,2023-10-10,2026-09-24,359001.92,149729.37,0.0869,36,ME,Medical Expenses,A,13 years,100k-150k,Late (16-30 days),20,Gamma Collections,2024-07-26,2024-06-09,Pending,Manual
L-101004,B-17010,Mortgage,2022-01-21,2025-01-05,240180.16,143059.2,0.084,36,OK,Debt Consolidation,A,20 years,100k-150k,Late (16-30 days),26,Alpha Servicing,2022-07-20,2024-08-17,Pending,Manual
L-101005,B-91539,Student,2023-12-02,2028-11-05,442975.61,315162.68,0.1019,60,MD,Credit Card Refinancing,D,18 years,50k-100k,Closed,0,Delta Financial,2024-04-17,2024-05-27,Expired,OriginatePro
L-101006,B-43265,Student,2020-08-10,2023-07-26,406060.79,320576.19,0.1484,36,OH,Other,D,8 years,50k-100k,Late (31-120 days),64,Beta Loan Servicers,2023-01-08,2024-04-19,Expired,OriginatePro
L-101007,B-78349,Mortgage,2020-09-02,2023-08-18,79719.2,15161.29,0.1075,36,OK,Major Purchase,A,12 years,50k-100k,Charged Off,84,Beta Loan Servicers,2022-03-15,2024-01-23,Missing,OriginatePro
L-101008,B-29097,Auto,2018-07-03,2021-06-17,12376.9,3515.23,0.1367,36,AK,Debt Consolidation,F,16 years,>150k,Default,142,Delta Financial,2018-11-27,2024-01-01,Expired,Manual
L-101009,B-25951,Auto,2018-12-09,2028-10-17,98728.66,40179.87,0.0412,120,AR,Other,B,17 years,100k-150k,Late (31-120 days),197,Beta Loan Servicers,2020-10-25,2024-02-19,Available,Manual
L-101010,B-46223,Student,2019-07-21,2024-06-24,160856.61,68675.23,0.1479,60,MA,Other,G,3 years,<50k,Current,0,Beta Loan Servicers,2021-09-08,2024-01-15,Expired,OriginatePro
L-101011,B-10459,Personal,2021-02-16,2030-12-26,476485.95,271911.97,0.0825,120,CA,Credit Card Refinancing,A,1 years,>150k,Default,130,Delta Financial,2021-12-18,2024-02-03,Available,Manual
L-101012,B-58623,Personal,2018-12-21,2021-12-05,353519.43,287569.42,0.1431,36,ME,Debt Consolidation,G,14 years,100k-150k,Current,0,Delta Financial,2020-10-09,2024-05-25,Expired,Legacy
L-101013,B-78523,Auto,2022-02-13,2027-01-18,217798.77,117303.76,0.0653,60,GA,Major Purchase,E,18 years,>150k,Late (16-30 days),22,Delta Financial,2024-05-26,2024-01-17,Missing,Manual
L-101014,B-83142,Auto,2023-04-20,2052-11-13,391886.69,61964.45,0.0337,360,PA,Major Purchase,B,11 years,>150k,Closed,0,Alpha Servicing,2024-12-23,2024-08-13,Available,OriginatePro
L-101015,B-26581,Auto,2018-12-23,2023-11-27,218648.41,144577.71,0.1486,60,NJ,Other,E,18 years,50k-100k,Default,34,Gamma Collections,2019-04-12,2024-01-25,Pending,OriginatePro
L-101016,B-19547,Student,2022-01-19,2031-11-28,257695.9,226054.02,0.0441,120,NY,Major Purchase,C,2 years,50k-100k,Default,106,Delta Financial,2023-10-27,2024-03-26,Available,Legacy
L-101017,B-81016,Mortgage,2021-02-22,2024-02-07,306233.08,175709.34,0.1428,36,NV,Credit Card Refinancing,B,5 years,50k-100k,Charged Off,153,Gamma Collections,2022-08-30,2024-02-15,Available,LendingWeb
L-101018,B-58030,Personal,2019-06-25,2022-06-09,412537.21,155645.82,0.0652,36,NY,Debt Consolidation,C,13 years,50k-100k,Current,0,Beta Loan Servicers,2019-12-01,2024-06-16,Available,Legacy
L-101019,B-16524,Auto,2022-06-24,2027-05-29,463043.68,379131.43,0.0792,60,AR,Major Purchase,B,6 years,50k-100k,Late (31-120 days),151,Beta Loan Servicers,2023-12-21,2024-03-18,Pending,LendingWeb
L-101020,B-10662,Auto,2018-12-31,2048-07-26,262484.47,224753.87,0.128,360,ID,Home Improvement,F,8 years,>150k,Late (16-30 days),17,Beta Loan Servicers,2020-04-03,2023-01-01,Pending,Legacy
L-101021,B-73107,Auto,2018-08-30,2028-07-08,471770.72,289282.42,0.1204,120,XX,Debt Consolidation,A,18 years,100k-150k,Current,0,Beta Loan Servicers,2021-02-09,2024-08-26,Available,Legacy
L-101022,B-51285,Mortgage,2022-10-17,2025-10-01,375028.11,50589.67,0.0735,36,NH,Debt Consolidation,G,18 years,50k-100k,Late (16-30 days),16,Alpha Servicing,2024-03-03,2024-02-26,Expired,LendingWeb
L-101023,B-99192,Auto,2018-01-19,2047-08-15,131930.71,87144.04,0.1486,360,CO,Medical Expenses,E,9 years,100k-150k,Fully Paid,0,Gamma Collections,2018-10-08,2024-03-26,Expired,Manual
L-101024,B-87738,Mortgage,2022-08-16,2032-06-24,70095.01,21426.13,0.1448,120,WY,Debt Consolidation,D,2 years,50k-100k,Default,82,Gamma Collections,2024-12-23,2024-02-07,Available,Legacy
L-101025,B-43792,Personal,2018-07-05,2023-06-09,179138.53,98380.06,0.1033,60,IA,Other,B,2 years,>150k,Late (31-120 days),85,Gamma Collections,2019-10-26,2024-05-17,Missing,LendingWeb
L-101026,B-29842,Student,2023-12-11,2026-11-25,205787.63,65524.18,0.0955,36,AZ,Other,D,14 years,50k-100k,Charged Off,171,Beta Loan Servicers,2026-01-13,2024-05-10,Missing,LendingWeb
L-101027,B-33183,Personal,2020-07-22,2050-02-15,460962.98,340298.96,0.1057,360,MD,Major Purchase,B,17 years,<50k,Late (31-120 days),116,Alpha Servicing,2021-11-20,2024-08-09,Available,Manual
L-101028,B-57199,Student,2021-10-06,2031-08-15,44630.5,38772.16,0.0491,120,OR,Home Improvement,F,0 years,<50k,Charged Off,116,Gamma Collections,2022-02-22,2024-01-16,Pending,Legacy
L-101029,B-97304,Auto,2020-08-14,2023-07-30,475765.78,426964.16,0.0855,36,NC,Major Purchase,A,19 years,<50k,Late (16-30 days),21,Gamma Collections,2022-09-04,2024-08-22,Expired,Legacy
L-101030,B-33219,Mortgage,2018-04-08,2047-11-02,359957.95,142816.64,0.0581,360,LA,Other,A,5 years,<50k,Current,0,Beta Loan Servicers,2018-11-10,2024-08-11,Pending,Legacy
L-101031,B-11386,Mortgage,2022-09-07,2025-08-22,44075.26,5000.0,0.0558,36,WA,Home Improvement,C,20 years,100k-150k,Closed,193,Gamma Collections,2022-11-08,2024-08-10,Available,Manual
L-101032,B-23093,Student,2020-02-23,2025-01-27,234529.32,-500.0,0.1417,60,VA,Other,E,11 years,<50k,Late (16-30 days),26,Alpha Servicing,2020-05-12,2024-01-13,Pending,OriginatePro
L-101033,B-49854,Auto,2020-04-12,2023-03-28,6487.08,2455.8,0.1425,36,IN,Major Purchase,A,16 years,100k-150k,Current,0,Alpha Servicing,2021-11-18,2024-05-21,Available,OriginatePro
L-101034,B-95713,Personal,2019-12-15,2029-10-23,176323.55,123432.52,0.1391,120,UT,Medical Expenses,C,4 years,<50k,Late (31-120 days),130,Alpha Servicing,2020-02-17,2024-01-14,Expired,Legacy
L-101035,B-94426,Auto,2022-06-18,2052-01-12,471737.77,390158.55,0.0957,360,CA,Medical Expenses,D,14 years,>150k,Late (31-120 days),42,Beta Loan Servicers,2023-11-20,2024-05-23,Missing,OriginatePro
L-101036,B-96797,Mortgage,2021-03-29,2031-02-05,292621.32,254739.77,0.075,120,IA,Debt Consolidation,A,12 years,>150k,Default,127,Beta Loan Servicers,2022-04-05,2024-06-01,Missing,OriginatePro
L-101037,B-92953,Personal,2018-02-15,2021-01-30,249148.98,221317.68,0.0676,36,FL,Major Purchase,B,9 years,<50k,Default,168,Gamma Collections,2018-09-21,2024-01-21,Missing,OriginatePro
L-101038,B-38683,Mortgage,2021-06-14,2031-04-23,428725.68,66793.41,0.1185,120,AZ,Medical Expenses,A,20 years,>150k,Closed,0,Alpha Servicing,2022-07-13,2024-04-01,Expired,LendingWeb
L-101039,B-41847,Auto,2019-09-13,2022-08-28,48751.19,20186.19,0.0564,36,FL,Medical Expenses,A,9 years,100k-150k,Default,116,Delta Financial,2020-09-08,2024-03-03,Missing,Manual
L-101040,B-50853,Mortgage,2022-06-07,2025-05-22,119317.86,92415.43,0.0803,36,ID,Debt Consolidation,F,4 years,>150k,Late (31-120 days),121,Beta Loan Servicers,2022-09-24,2024-05-15,Expired,Legacy
L-101041,B-88097,Mortgage,2018-01-05,2047-08-01,61694.55,45710.88,0.131,360,IA,Other,G,17 years,<50k,Late (16-30 days),19,Delta Financial,2020-01-22,2024-03-04,Missing,Legacy
L-101042,B-56212,Auto,2023-11-10,2053-06-05,362780.75,235486.92,0.0979,360,NV,Debt Consolidation,G,3 years,>150k,Late (16-30 days),24,Gamma Collections,2024-11-14,2024-02-24,Pending,Manual
L-101043,B-71662,Mortgage,2019-01-21,2048-08-16,280226.42,37989.08,0.036,360,WY,Credit Card Refinancing,B,15 years,50k-100k,Current,0,Delta Financial,2020-11-04,2024-03-17,Expired,OriginatePro
L-101044,B-76724,Personal,2021-09-20,2031-07-30,433785.16,271499.72,0.1495,120,FL,Home Improvement,F,15 years,50k-100k,Current,0,Alpha Servicing,2022-04-19,2024-04-20,Pending,OriginatePro
L-101045,B-91955,Mortgage,2019-07-09,2024-06-12,34284.0,5860.66,0.0634,60,LA,Other,B,4 years,<50k,Current,0,Delta Financial,2020-08-10,2024-04-23,Available,OriginatePro
L-101046,B-92221,Auto,2019-06-07,2022-05-22,-1000.0,281527.06,0.0632,36,VA,Other,B,7 years,50k-100k,Late (16-30 days),27,Delta Financial,2020-11-27,2024-06-28,Missing,Legacy
L-101047,B-41942,Personal,2020-03-05,2023-02-18,449763.02,318181.81,0.0904,36,NE,Credit Card Refinancing,A,13 years,100k-150k,Default,81,Alpha Servicing,2022-03-03,2024-01-12,Missing,Manual
L-101048,B-69889,Student,2021-12-28,2051-07-24,452031.22,79902.41,0.0945,360,FL,Debt Consolidation,F,0 years,50k-100k,Charged Off,53,Delta Financial,2023-12-27,2024-02-16,Pending,Manual
L-101049,B-89707,Auto,2019-10-14,2024-09-17,64069.16,46650.46,0.0616,60,WV,Medical Expenses,G,8 years,<50k,Charged Off,130,Delta Financial,2020-04-27,2024-03-19,Available,OriginatePro
L-101050,B-25534,Student,2023-06-18,2026-06-02,253038.17,99574.06,0.0969,36,MS,Major Purchase,G,12 years,>150k,Closed,0,Alpha Servicing,2024-08-13,2024-04-23,Expired,OriginatePro
L-101051,B-21024,Student,2022-01-22,2031-12-01,34920.06,19728.81,0.1235,120,KY,Credit Card Refinancing,F,1 years,>150k,Default,131,Beta Loan Servicers,2024-01-23,2024-05-20,Missing,OriginatePro
L-101052,B-84390,Student,2021-11-09,2024-10-24,154638.93,90249.56,0.0501,36,IL,Home Improvement,G,5 years,>150k,Late (16-30 days),22,Alpha Servicing,2022-03-09,2024-05-05,Pending,OriginatePro
L-101053,B-63862,Mortgage,2021-11-08,2031-09-17,136944.75,30270.88,0.1115,120,NC,Other,A,17 years,>150k,Charged Off,189,Alpha Servicing,2024-01-04,2024-07-05,Missing,LendingWeb
L-101054,B-21093,Student,2020-12-15,2025-11-19,104501.53,38777.21,0.0587,60,FL,Other,C,14 years,50k-100k,Late (31-120 days),45,Gamma Collections,2022-07-12,2024-04-08,Missing,LendingWeb
L-101055,B-36516,Auto,2020-09-13,2023-08-29,43949.36,33733.91,0.1318,36,ND,Major Purchase,D,0 years,100k-150k,Fully Paid,0,Gamma Collections,2021-10-26,2024-08-25,,LendingWeb
L-101434,B-75454,Personal,2023-02-01,2052-08-27,295479.13,241090.76,0.1257,360,LA,Other,G,20 years,100k-150k,Late (16-30 days),21,Beta Loan Servicers,2024-05-23,2024-06-19,Expired,LendingWeb
L-101057,B-61514,Student,2023-08-22,2053-03-17,481326.19,72615.62,0.055,360,LA,Home Improvement,A,5 years,100k-150k,Late (31-120 days),125,Alpha Servicing,2025-03-22,2024-01-19,Pending,LendingWeb
L-101058,B-76590,Auto,2021-10-31,2026-10-05,381406.82,219978.53,0.0688,60,MS,Medical Expenses,D,12 years,100k-150k,Closed,0,Delta Financial,2022-06-04,2024-02-28,Missing,Legacy
L-101059,B-69401,Personal,2019-07-14,2024-06-17,187131.65,126112.43,0.1485,60,LA,Home Improvement,D,3 years,100k-150k,Current,0,Gamma Collections,2021-06-09,2024-04-08,Missing,Manual
L-101060,B-25249,Personal,2021-07-21,2031-05-30,110678.03,82751.15,0.0843,120,NE,Home Improvement,F,14 years,50k-100k,Current,0,Alpha Servicing,2021-09-19,2024-02-16,Pending,OriginatePro
L-101061,B-28623,Auto,2018-11-22,2028-09-30,366295.28,167509.51,0.1399,120,OK,Credit Card Refinancing,C,5 years,50k-100k,Late (31-120 days),199,Gamma Collections,2021-01-16,2024-03-14,Expired,LendingWeb
L-101062,B-45003,Student,2018-07-19,2021-07-03,251123.94,154253.55,0.0496,36,TN,Other,A,16 years,>150k,Closed,0,Gamma Collections,2021-01-30,2024-03-08,Expired,Manual
L-101063,B-69371,Mortgage,2022-10-28,2052-05-23,342574.44,145727.78,0.0534,360,AL,Debt Consolidation,C,1 years,<50k,Closed,0,Gamma Collections,2025-03-10,2024-03-27,Expired,Legacy
L-101064,B-13222,Personal,2021-08-26,2024-08-10,23001.44,19243.46,0.0881,36,UT,Home Improvement,F,4 years,<50k,Late (31-120 days),78,Gamma Collections,2023-01-12,2024-04-04,Expired,Legacy
L-101065,B-89195,Personal,2020-07-17,2023-07-02,385773.49,105737.95,0.0778,36,SD,Other,A,15 years,50k-100k,Current,0,Beta Loan Servicers,2020-12-18,2024-04-13,Pending,LendingWeb
L-101066,B-30207,Student,2019-12-22,2022-12-06,302461.86,75370.36,0.1172,36,NY,Home Improvement,C,4 years,100k-150k,Charged Off,121,Beta Loan Servicers,2022-08-09,2024-04-05,Missing,OriginatePro
L-101067,B-93877,Student,2020-07-18,2025-06-22,447342.63,260671.83,0.0509,60,ME,Credit Card Refinancing,G,15 years,50k-100k,Closed,0,Gamma Collections,2021-04-04,2024-03-08,Expired,Manual
L-101068,B-21417,Personal,2018-05-23,2047-12-17,201562.53,166474.2,0.0961,360,NJ,Debt Consolidation,E,5 years,>150k,Charged Off,158,Alpha Servicing,2020-08-12,2024-03-27,Missing,Manual
L-101069,B-15056,Auto,2018-02-27,2047-09-23,66717.24,27830.47,0.0725,360,OK,Home Improvement,E,17 years,50k-100k,Fully Paid,0,Alpha Servicing,2020-08-24,2024-08-22,Expired,LendingWeb
L-101070,B-80009,Personal,2022-07-07,2052-01-31,104150.54,47294.03,0.0615,360,GA,Home Improvement,B,4 years,50k-100k,Late (16-30 days),30,Alpha Servicing,2024-05-16,2024-02-25,Pending,LendingWeb
L-101071,B-30180,Personal,2019-09-24,2024-08-28,93425.91,80970.69,0.0786,60,MO,Home Improvement,G,19 years,100k-150k,Late (16-30 days),21,Alpha Servicing,2022-05-02,2024-07-08,Expired,OriginatePro
L-101072,B-18738,Auto,2023-12-18,2026-12-02,139420.23,90196.44,0.089,36,CT,Home Improvement,A,15 years,100k-150k,Late (16-30 days),29,Gamma Collections,2026-03-17,2024-02-21,Pending,OriginatePro
L-101073,B-11776,Auto,2020-06-19,2050-01-13,91384.82,57469.97,0.091,360,ME,Other,D,7 years,>150k,Fully Paid,0,Gamma Collections,2021-08-18,2024-02-11,Pending,Manual
L-101074,B-15902,Personal,2021-07-28,2031-06-06,286495.1,211841.85,0.1424,120,TX,Debt Consolidation,C,2 years,>150k,Fully Paid,0,Gamma Collections,2021-11-08,2024-02-19,Pending,LendingWeb
L-101075,B-66133,Personal,2018-03-11,2021-02-23,290234.83,116320.37,0.1482,36,PA,Credit Card Refinancing,D,17 years,>150k,Late (31-120 days),78,Alpha Servicing,2019-08-11,2024-01-26,Missing,Legacy
,B-43242,Mortgage,2022-11-16,2027-10-21,334998.45,52560.09,0.134,60,NY,Debt Consolidation,B,2 years,50k-100k,Late (31-120 days),49,Beta Loan Servicers,2024-07-23,2024-04-25,Expired,Manual
L-101077,B-70654,Student,2022-07-21,2025-07-05,285365.37,147983.6,0.0559,36,HI,Major Purchase,D,15 years,50k-100k,Current,0,Beta Loan Servicers,2023-01-02,2024-08-21,Expired,Legacy
L-101078,B-70343,Personal,2023-12-13,2053-07-08,326130.43,142285.91,0.0585,360,SD,Home Improvement,F,18 years,100k-150k,Late (16-30 days),17,Alpha Servicing,2025-10-18,2024-07-11,Pending,OriginatePro
L-101079,B-14047,Personal,2020-01-15,2024-12-19,66721.16,9110.41,0.0445,60,CA,Credit Card Refinancing,G,0 years,100k-150k,Default,127,Gamma Collections,2020-11-29,2024-08-26,Pending,Manual
L-101080,B-10902,Auto,2018-01-05,2022-12-10,213328.12,117119.25,0.0775,60,MD,Medical Expenses,F,13 years,>150k,Default,107,Delta Financial,2019-10-04,2024-08-10,Available,Manual
L-101081,B-36385,Student,2021-11-24,2051-06-20,346859.97,44058.08,0.1329,360,AZ,Debt Consolidation,D,7 years,100k-150k,Late (31-120 days),87,Delta Financial,2022-07-15,2024-01-19,Expired,LendingWeb
L-101082,B-84061,Student,2020-02-03,2049-08-29,223482.82,41998.67,0.1062,360,TN,Credit Card Refinancing,B,18 years,>150k,Late (16-30 days),21,Beta Loan Servicers,2020-04-23,2024-06-19,Expired,Legacy
L-101083,B-33494,Personal,2021-12-03,2024-11-17,84948.44,19443.15,0.0796,36,IN,Major Purchase,C,7 years,<50k,Closed,0,Gamma Collections,2023-09-22,2024-05-17,Pending,Manual
L-101084,B-55702,Personal,2022-08-23,2052-03-18,127766.77,112166.41,0.1204,360,ME,Other,B,9 years,100k-150k,Closed,0,Alpha Servicing,2024-12-10,2024-05-20,Available,Manual
L-101085,B-84630,Mortgage,2020-09-20,2030-07-30,141515.03,65197.72,0.0572,120,LA,Major Purchase,C,0 years,50k-100k,Late (16-30 days),19,Alpha Servicing,2022-06-19,2024-06-17,Expired,OriginatePro
L-101086,B-89356,Student,2020-06-14,2030-04-23,54380.69,12298.45,0.1461,120,WI,Medical Expenses,D,4 years,<50k,Fully Paid,0,Beta Loan Servicers,2020-11-08,2024-08-25,Available,Manual
L-101087,B-52837,Personal,2023-10-26,2033-09-03,100394.61,60662.22,0.1241,120,MS,Credit Card Refinancing,D,18 years,50k-100k,Closed,0,Beta Loan Servicers,2024-01-02,2024-04-01,Available,LendingWeb
L-101088,B-46456,Student,2021-05-31,2050-12-25,464805.69,101655.5,0.1033,360,OR,Debt Consolidation,G,0 years,50k-100k,Fully Paid,0,Gamma Collections,2021-10-17,2024-03-25,Available,OriginatePro
L-101089,B-70485,Personal,2022-05-31,2032-04-08,266738.68,153621.33,0.0528,120,PA,Credit Card Refinancing,F,15 years,<50k,Charged Off,141,Alpha Servicing,2025-01-29,2024-04-03,Pending,LendingWeb
L-101090,B-82423,Personal,2020-02-14,2029-12-23,349402.66,145784.42,0.0566,120,CA,Home Improvement,E,17 years,100k-150k,Current,0,Beta Loan Servicers,2021-01-12,2024-03-07,Expired,OriginatePro
L-101091,B-97916,Mortgage,2018-05-18,2023-04-22,-1000.0,47289.8,0.052,60,NE,Home Improvement,F,3 years,<50k,Late (31-120 days),90,Delta Financial,2020-06-17,2024-07-17,Expired,Legacy
L-101092,B-14282,Personal,2019-07-31,2029-06-08,193807.4,109705.33,0.036,120,TN,Debt Consolidation,F,15 years,>150k,Late (31-120 days),47,Delta Financial,2020-05-25,2024-04-02,Pending,OriginatePro
L-101093,B-51751,Auto,2019-09-28,2024-09-01,270597.95,198375.37,0.074,60,AR,Home Improvement,B,17 years,100k-150k,Default,131,Gamma Collections,2020-04-30,2024-08-25,Pending,OriginatePro
L-101094,B-36079,Mortgage,2019-07-01,2024-06-04,313686.2,90033.74,0.0464,60,FL,Credit Card Refinancing,D,18 years,<50k,Late (16-30 days),19,Alpha Servicing,2020-03-22,2024-01-08,Missing,LendingWeb
L-101095,B-63515,Student,2022-12-12,2025-11-26,368361.3,73040.37,0.1381,36,NJ,Credit Card Refinancing,G,0 years,>150k,Closed,0,Delta Financial,2023-06-05,2024-08-20,Pending,LendingWeb
L-101096,B-42653,Auto,2019-12-12,2029-10-20,322668.7,86632.51,0.0394,120,ID,Home Improvement,F,18 years,100k-150k,Closed,0,Delta Financial,2020-07-03,2024-04-01,Missing,LendingWeb
L-101097,B-27276,Auto,2019-06-05,2029-04-13,231934.07,198822.79,0.1259,120,WV,Debt Consolidation,A,14 years,50k-100k,Late (16-30 days),26,Beta Loan Servicers,2020-04-29,2023-01-01,Available,Manual
L-101098,B-64209,Personal,2023-03-10,2026-02-22,416690.04,200440.26,0.1063,36,NY,Credit Card Refinancing,G,8 years,>150k,Current,0,Beta Loan Servicers,2025-11-11,2024-05-02,Expired,LendingWeb
L-101099,B-93862,Mortgage,2022-12-11,2027-11-15,395366.8,187929.21,0.0478,60,NC,Debt Consolidation,B,4 years,100k-150k,Charged Off,41,Gamma Collections,2024-02-08,2024-07-25,Pending,LendingWeb
L-101100,B-76470,Mortgage,2020-10-10,2050-05-06,128306.37,32089.58,0.0988,360,CA,Home Improvement,A,4 years,<50k,Current,0,Alpha Servicing,2021-03-11,2024-08-17,Available,OriginatePro
L-101101,B-55436,Student,2018-07-24,2021-07-08,229935.23,230935.23,0.1289,36,ME,Other,A,20 years,50k-100k,Charged Off,69,Gamma Collections,2018-12-07,2024-05-23,Pending,OriginatePro
,B-88404,Personal,2019-03-25,2048-10-18,55501.71,13342.74,0.1386,360,MO,Other,C,7 years,50k-100k,Charged Off,147,Beta Loan Servicers,2019-10-08,2024-01-12,Pending,OriginatePro
L-101103,B-28919,Auto,2022-03-19,2027-02-21,191557.67,68271.57,0.1273,60,PA,Other,D,6 years,50k-100k,Fully Paid,0,Alpha Servicing,2024-03-26,2024-04-07,Pending,LendingWeb
L-101104,B-49589,Student,2018-03-17,2028-01-24,253590.66,130561.65,0.091,120,PA,Credit Card Refinancing,A,8 years,>150k,Current,0,Beta Loan Servicers,2018-04-26,2024-06-20,Expired,LendingWeb
L-101105,B-19354,Personal,2020-02-16,2049-09-11,250933.42,150342.05,0.1385,360,MT,Major Purchase,F,6 years,50k-100k,Current,115,Delta Financial,2020-11-10,2024-05-06,Expired,Manual
L-101106,B-72149,Personal,2019-11-30,2024-11-03,456464.02,252785.66,0.0321,60,CO,Major Purchase,C,17 years,<50k,Late (16-30 days),28,Beta Loan Servicers,2020-01-27,2024-06-19,Missing,OriginatePro
L-101107,B-87663,Personal,2019-04-25,2022-04-09,164677.26,130382.94,0.1415,36,NE,Home Improvement,A,4 years,100k-150k,Late (31-120 days),179,Delta Financial,2020-01-18,2024-07-08,Expired,OriginatePro
L-101108,B-94640,Student,2019-12-07,2029-10-15,333719.75,288054.97,0.0351,120,MO,Debt Consolidation,C,8 years,<50k,Fully Paid,0,Gamma Collections,2020-04-14,2024-04-07,Available,OriginatePro
L-101109,B-95813,Auto,2018-06-28,2028-05-06,289078.83,225867.15,0.0569,120,HI,Debt Consolidation,G,20 years,<50k,Late (16-30 days),29,Beta Loan Servicers,2018-11-01,2024-03-26,Available,LendingWeb
L-101110,B-48806,Auto,2022-03-06,2027-02-08,435516.45,232893.25,0.0943,60,MT,Credit Card Refinancing,A,3 years,<50k,Charged Off,114,Gamma Collections,2023-10-26,2024-01-13,Pending,LendingWeb
L-101111,B-27506,Auto,2018-06-24,2048-01-18,92942.37,78299.76,0.1399,360,NY,Major Purchase,F,16 years,>150k,Late (16-30 days),29,Gamma Collections,2020-01-08,2024-06-25,Expired,Manual
L-101112,B-46932,Student,2021-06-27,2024-06-11,299917.7,203757.0,0.0561,36,TX,Home Improvement,A,19 years,50k-100k,Fully Paid,0,Delta Financial,2023-11-02,2024-03-06,Available,OriginatePro
L-101113,B-33989,Auto,2021-06-05,2024-05-20,27508.71,6340.1,0.0604,36,IN,Debt Consolidation,C,15 years,<50k,Current,0,Delta Financial,2023-12-05,2024-08-05,Expired,LendingWeb
L-101114,B-85414,Auto,2019-10-21,2024-09-24,59892.36,32320.44,0.0368,60,NV,Major Purchase,D,0 years,50k-100k,Fully Paid,0,Alpha Servicing,2020-01-22,2024-01-12,Missing,OriginatePro
L-101115,B-80679,Personal,2020-03-03,2049-09-27,98333.27,17413.73,0.0686,360,AZ,Credit Card Refinancing,G,5 years,100k-150k,Late (16-30 days),30,Beta Loan Servicers,2021-10-17,2024-01-12,Missing,Manual
L-101116,B-90733,Mortgage,2018-09-13,2021-08-28,228295.42,120354.03,0.0819,36,NJ,Major Purchase,B,7 years,50k-100k,Closed,0,Beta Loan Servicers,2021-04-03,2024-07-22,Missing,OriginatePro
L-101117,B-73393,Student,2018-12-08,2028-10-16,319324.87,257573.27,0.1456,120,WI,Major Purchase,B,12 years,>150k,Current,0,Beta Loan Servicers,2020-03-26,2024-05-25,Available,Legacy
L-101118,B-19749,Mortgage,2019-09-28,2024-09-01,104556.92,29326.86,0.1031,60,CT,Other,E,16 years,50k-100k,Late (31-120 days),78,Delta Financial,2021-11-20,2024-02-17,Expired,LendingWeb
L-101119,B-12593,Student,2023-05-30,2052-12-23,195893.16,121554.47,0.0807,360,SD,Other,C,18 years,50k-100k,Current,0,Alpha Servicing,2025-11-21,2024-05-08,Available,OriginatePro
L-101120,B-71222,Student,2022-08-06,2025-07-21,233018.93,117100.02,0.0433,36,PA,Major Purchase,E,17 years,50k-100k,Charged Off,107,Gamma Collections,2024-07-12,2024-08-06,Available,OriginatePro
L-101121,B-61221,Student,2022-02-18,2051-09-14,269263.96,191440.08,0.1034,360,MN,Medical Expenses,G,3 years,50k-100k,Late (31-120 days),145,Beta Loan Servicers,2023-01-29,2024-03-11,Pending,OriginatePro
L-101122,B-88950,Personal,2022-11-18,2025-11-02,383178.16,264599.57,0.1364,36,PA,Medical Expenses,A,14 years,100k-150k,Fully Paid,0,Delta Financial,2023-05-13,2024-07-14,Pending,Legacy
L-101123,B-67392,Student,2023-06-08,2026-05-23,283405.75,153775.01,0.1014,36,MD,Other,F,15 years,100k-150k,Charged Off,121,Gamma Collections,2024-08-26,2024-05-03,Missing,LendingWeb
L-101124,B-24751,Student,2023-03-08,2028-02-10,148042.75,69086.88,0.1432,60,MI,Home Improvement,D,18 years,<50k,Default,105,Alpha Servicing,2024-01-03,2024-05-11,Available,OriginatePro
L-101125,B-96885,Student,2018-02-10,2027-12-20,482602.03,93921.14,0.1365,120,AZ,Home Improvement,D,4 years,>150k,Current,0,Delta Financial,2019-04-25,2024-05-18,Available,Legacy
L-101126,B-81350,Mortgage,2021-01-13,2030-11-22,182491.78,33487.19,0.0566,120,OK,Medical Expenses,E,17 years,50k-100k,Closed,0,Alpha Servicing,2022-01-15,2024-08-10,Missing,Manual
L-101127,B-44329,Auto,2021-11-24,2051-06-20,492202.76,142369.61,0.0479,360,NH,Credit Card Refinancing,A,1 years,<50k,Late (16-30 days),16,Gamma Collections,2023-12-31,2024-07-25,Expired,Legacy
,B-87617,Personal,2020-04-12,2023-03-28,456024.43,392296.14,0.0765,36,CT,Medical Expenses,C,18 years,50k-100k,Closed,0,Delta Financial,2021-11-17,2024-05-14,Expired,Legacy
L-101129,B-75883,Student,2018-03-21,2021-03-05,267755.65,61475.73,0.1354,36,AZ,Debt Consolidation,A,20 years,50k-100k,Default,126,Alpha Servicing,2018-06-07,2024-04-09,Pending,LendingWeb
L-101130,B-43038,Mortgage,2018-06-27,2048-01-21,244554.24,154610.16,0.1446,360,OK,Major Purchase,G,11 years,50k-100k,Late (31-120 days),40,Delta Financial,2018-12-19,2024-03-04,Pending,LendingWeb
L-101131,B-90121,Student,2023-05-11,2028-04-14,161136.06,70960.48,0.0514,60,ID,Debt Consolidation,E,0 years,100k-150k,Late (16-30 days),19,Gamma Collections,2024-09-02,2024-01-09,Expired,LendingWeb
L-101132,B-72967,Student,2021-05-28,2031-04-06,343943.48,124006.84,0.1017,120,RI,Major Purchase,C,5 years,<50k,Closed,0,Beta Loan Servicers,2022-12-26,2024-04-11,Available,Manual
L-101133,B-20726,Mortgage,2021-03-23,2031-01-30,365683.81,100390.84,0.0499,120,RI,Debt Consolidation,A,7 years,>150k,Late (16-30 days),26,Beta Loan Servicers,2023-12-17,2024-02-28,Available,Manual
L-101134,B-41041,Mortgage,2023-03-13,2052-10-06,82741.2,59401.62,0.0943,360,OH,Other,B,19 years,100k-150k,Charged Off,113,Gamma Collections,2024-10-30,2024-06-06,Missing,LendingWeb
L-101135,B-32323,Personal,2019-07-28,2029-06-05,55194.56,10626.33,0.0903,120,NY,Credit Card Refinancing,E,2 years,>150k,Current,0,Alpha Servicing,2020-08-05,2024-01-17,Available,LendingWeb
L-101136,B-50437,Auto,2020-11-24,2050-06-20,229783.47,72472.79,0.0576,360,MS,Other,B,11 years,50k-100k,Late (31-120 days),143,Gamma Collections,2021-04-17,2024-08-04,Pending,LendingWeb
L-101137,B-84852,Student,2020-03-27,2030-02-03,148245.56,121715.77,0.0544,120,MI,Home Improvement,D,16 years,<50k,Late (16-30 days),19,Alpha Servicing,2021-10-20,2024-04-14,Available,Legacy
L-101138,B-36350,Mortgage,2023-01-01,2022-01-01,216426.39,28124.1,0.0869,60,OH,Home Improvement,G,17 years,<50k,Late (31-120 days),75,Delta Financial,2025-06-13,2024-08-07,Available,LendingWeb
L-101139,B-82725,Student,2020-01-24,2029-12-02,343714.25,120564.22,0.0447,120,VT,Credit Card Refinancing,D,10 years,50k-100k,Late (31-120 days),88,Delta Financial,2022-06-03,2024-01-04,Available,LendingWeb
L-101140,B-65686,Student,2020-02-10,2029-12-19,143212.08,58031.36,0.0405,120,NM,Major Purchase,F,12 years,50k-100k,Charged Off,132,Alpha Servicing,2021-01-22,2024-04-07,Expired,OriginatePro
L-101141,B-87025,Personal,2022-03-21,2051-10-15,134686.6,111093.3,0.0363,360,PA,Medical Expenses,E,0 years,<50k,Current,0,Alpha Servicing,2023-10-17,2024-06-16,Missing,Legacy
L-101142,B-79637,Mortgage,2021-10-26,2026-09-30,52123.83,8756.15,0.1013,60,TX,Medical Expenses,C,9 years,50k-100k,Fully Paid,0,Gamma Collections,2022-12-29,2024-05-24,Pending,Manual
L-101143,B-86393,Personal,2022-11-30,2027-11-04,282714.8,226588.38,0.1289,60,NY,Credit Card Refinancing,F,18 years,100k-150k,Closed,0,Beta Loan Servicers,2025-08-24,2024-02-27,Available,OriginatePro
L-101144,B-28803,Auto,2022-12-12,2052-07-07,366908.4,215508.11,0.1377,360,SD,Debt Consolidation,G,4 years,100k-150k,Charged Off,169,Beta Loan Servicers,2024-10-26,2024-08-03,Expired,Legacy
L-101145,B-53013,Personal,2020-12-11,2030-10-20,406388.17,297446.09,0.1254,120,IN,Major Purchase,D,5 years,>150k,Charged Off,57,Alpha Servicing,2021-07-15,2024-04-21,Available,OriginatePro
L-101146,B-79227,Personal,2023-01-01,2022-01-01,388803.55,5000.0,0.1032,36,NY,Medical Expenses,A,8 years,100k-150k,Closed,33,Alpha Servicing,2025-01-08,2024-03-27,Available,Manual
L-101147,B-71343,Auto,2022-02-26,2032-01-05,78164.45,61683.82,0.141,120,PA,Home Improvement,B,11 years,<50k,Fully Paid,0,Gamma Collections,2024-04-28,2024-01-25,Expired,Legacy
L-101148,B-97678,Personal,2020-03-10,2025-02-12,338300.6,39236.16,0.1193,60,DE,Medical Expenses,B,18 years,<50k,Current,0,Beta Loan Servicers,2022-09-04,2024-03-28,Expired,LendingWeb
L-101149,B-27616,Personal,2021-12-02,2024-11-16,125457.91,55361.25,0.0989,36,VT,Medical Expenses,C,17 years,<50k,Closed,0,Alpha Servicing,2022-02-13,2024-05-11,Available,OriginatePro
L-101150,B-49234,Mortgage,2023-03-04,2028-02-06,203228.16,167586.31,0.1419,60,ND,Major Purchase,B,12 years,>150k,Late (16-30 days),30,Delta Financial,2023-06-22,2024-04-23,Pending,Manual
L-101151,B-84494,Mortgage,2020-05-06,2030-03-15,124787.27,74241.63,0.1145,120,SD,Credit Card Refinancing,E,10 years,>150k,Current,0,Gamma Collections,2022-03-15,2024-05-15,Missing,Legacy
L-101152,B-95283,Personal,2022-04-30,2051-11-24,123507.35,60503.13,0.0523,360,MN,Debt Consolidation,A,12 years,100k-150k,Late (16-30 days),22,Alpha Servicing,2024-04-04,2024-03-27,Missing,Manual
L-101153,B-73721,Mortgage,2023-02-15,2026-01-30,428353.86,229495.64,0.0806,36,WY,Other,D,13 years,<50k,Late (31-120 days),94,Gamma Collections,2023-09-14,2024-02-13,Pending,LendingWeb
L-101154,B-19003,Student,2018-11-10,2021-10-25,-1000.0,267756.65,0.1136,36,MA,Other,B,10 years,100k-150k,Default,98,Alpha Servicing,2019-12-27,2024-02-02,Missing,Legacy
L-101155,B-27743,Student,2020-05-26,2023-05-11,135709.09,66400.44,0.055,36,FL,Medical Expenses,G,3 years,100k-150k,Fully Paid,0,Gamma Collections,2022-05-18,2024-05-15,Available,OriginatePro
L-101156,B-87591,Personal,2020-05-15,2023-04-30,289795.51,162316.25,0.0354,36,NY,Major Purchase,C,19 years,<50k,Charged Off,75,Beta Loan Servicers,2021-11-13,2024-05-20,Expired,LendingWeb
L-101157,B-51930,Personal,2019-04-04,2024-03-08,416423.29,297132.75,0.0945,60,NJ,Home Improvement,G,15 years,<50k,Default,99,Beta Loan Servicers,2019-05-25,2024-07-26,Available,Legacy
L-101158,B-60298,Personal,2018-05-24,2023-04-28,156008.1,41593.58,0.0905,60,ND,Debt Consolidation,E,15 years,50k-100k,Charged Off,151,Delta Financial,2020-04-20,2024-06-17,Missing,OriginatePro
L-101159,B-38108,Student,2021-03-09,2050-10-03,227506.03,173705.42,0.0413,360,VA,Debt Consolidation,E,0 years,<50k,Late (31-120 days),80,Delta Financial,2021-05-01,2024-03-18,Missing,Manual
L-101160,B-27464,Personal,2020-12-19,2025-11-23,485094.77,407025.44,0.0381,60,HI,Home Improvement,A,19 years,<50k,Fully Paid,0,Gamma Collections,2022-04-24,2024-08-05,Available,LendingWeb
L-101161,B-46634,Auto,2018-03-22,2021-03-06,355101.67,176058.82,0.101,36,VA,Credit Card Refinancing,A,18 years,50k-100k,Late (16-30 days),20,Gamma Collections,2020-06-28,2024-04-27,Available,Legacy
L-101162,B-91446,Student,2021-06-21,2024-06-05,477601.99,400649.58,0.0473,36,LA,Medical Expenses,D,0 years,>150k,Late (16-30 days),27,Delta Financial,2022-04-08,2024-07-07,Missing,OriginatePro
L-101163,B-58915,Auto,2023-07-25,2033-06-02,397758.21,98810.19,0.0317,120,VT,Other,F,6 years,50k-100k,Default,56,Alpha Servicing,2025-02-20,2024-01-02,Missing,LendingWeb
L-101164,B-60144,Student,2019-02-11,2048-09-06,111480.55,53500.96,0.0479,360,MT,Major Purchase,F,20 years,50k-100k,Current,0,Beta Loan Servicers,2021-05-18,2024-01-02,Pending,OriginatePro
L-101165,B-61239,Student,2019-07-10,2022-06-24,287764.41,74034.62,0.145,36,PA,Debt Consolidation,A,10 years,>150k,Default,185,Gamma Collections,2019-09-08,2024-01-04,Expired,OriginatePro
L-101166,B-27899,Personal,2018-02-20,2021-02-04,400272.38,109254.47,0.0854,36,IL,Debt Consolidation,F,14 years,50k-100k,Late (16-30 days),17,Alpha Servicing,2018-10-17,2024-07-19,Available,Manual
L-101167,B-19905,Student,2023-07-24,2028-06-27,96890.75,11623.15,0.1288,60,MA,Other,G,8 years,>150k,Closed,0,Alpha Servicing,2025-01-11,2024-02-19,Missing,Legacy
L-101168,B-72123,Auto,2023-02-06,2032-12-15,156664.66,66684.29,0.148,120,GA,Home Improvement,G,9 years,100k-150k,Closed,0,Beta Loan Servicers,2023-09-12,2024-06-05,Available,Manual
L-101169,B-12018,Mortgage,2021-11-03,2026-10-08,111263.55,63439.2,0.1206,60,GA,Other,F,0 years,100k-150k,Late (31-120 days),145,Delta Financial,2024-05-25,2024-03-13,Available,OriginatePro
L-101170,B-98395,Mortgage,2022-09-20,2032-07-29,161324.1,45125.49,0.0457,120,NE,Debt Consolidation,F,14 years,100k-150k,Fully Paid,0,Alpha Servicing,2024-09-12,2024-03-09,Pending,LendingWeb
L-101171,B-86591,Personal,2019-04-04,2048-10-28,23342.41,4309.36,0.099,360,DE,Credit Card Refinancing,E,18 years,<50k,Late (16-30 days),28,Delta Financial,2020-11-07,2024-07-25,Pending,Manual
L-101172,B-43462,Student,2022-10-19,2052-05-14,67816.35,31933.85,0.1499,360,AL,Medical Expenses,E,8 years,100k-150k,Default,97,Alpha Servicing,2024-04-24,2024-04-15,Available,Legacy
L-101173,B-84958,Auto,2023-07-03,2033-05-11,311757.06,172652.0,0.0403,120,MD,Debt Consolidation,A,12 years,50k-100k,Default,186,Beta Loan Servicers,2025-12-02,2024-04-26,Pending,OriginatePro
L-101174,B-46516,Personal,2023-09-20,2053-04-15,138857.41,118811.83,0.0347,360,HI,Debt Consolidation,B,18 years,>150k,Late (31-120 days),101,Delta Financial,2024-04-28,2024-03-23,Available,OriginatePro
L-101175,B-18640,Mortgage,Not A Date,2049-10-21,344728.02,239253.28,0.1339,360,MN,Credit Card Refinancing,A,6 years,50k-100k,Current,0,Alpha Servicing,2020-05-17,2024-01-18,Expired,OriginatePro
L-101176,B-48232,Student,2023-02-01,2028-01-06,298903.13,176277.87,0.0304,60,ND,Medical Expenses,G,18 years,<50k,Current,0,Gamma Collections,2023-07-02,2024-07-26,Available,Legacy
L-101177,B-85975,Auto,2022-04-24,2027-03-29,411097.99,412097.99,0.0893,60,NJ,Other,G,18 years,>150k,Fully Paid,0,Alpha Servicing,2023-06-25,2024-01-18,Pending,LendingWeb
L-101178,B-81214,Auto,2022-10-08,2052-05-03,499987.59,205398.05,0.0349,360,AK,Medical Expenses,G,18 years,100k-150k,Fully Paid,0,Beta Loan Servicers,2023-07-20,2024-07-04,Available,OriginatePro
L-101179,B-68414,Auto,2019-01-29,2022-01-13,162578.68,102379.41,0.0966,36,MS,Other,C,10 years,50k-100k,Current,101,Gamma Collections,2019-07-31,2024-01-07,Pending,Legacy
L-101180,B-18967,Personal,2020-04-13,2030-02-20,382506.37,123238.68,0.0793,120,NH,Credit Card Refinancing,D,18 years,100k-150k,Late (31-120 days),179,Gamma Collections,2022-10-13,2024-07-14,Expired,OriginatePro
L-101181,B-17034,Auto,2018-08-28,2023-08-02,137163.3,84378.74,0.0319,60,FL,Other,G,17 years,<50k,Fully Paid,0,Beta Loan Servicers,2021-04-26,2024-03-21,Missing,Manual
L-101182,B-88179,Personal,2018-01-05,2022-12-10,480681.34,198456.81,0.034,60,MN,Medical Expenses,A,15 years,100k-150k,Fully Paid,0,Gamma Collections,2020-08-18,2024-03-15,Missing,LendingWeb
L-101183,B-93515,Mortgage,2022-08-13,2032-06-21,84085.87,71005.61,0.0713,120,NJ,Debt Consolidation,A,9 years,<50k,Late (16-30 days),25,Alpha Servicing,2024-11-10,2024-03-18,Pending,Legacy
L-101184,B-81952,Auto,2022-09-11,2025-08-26,316029.19,230398.37,0.1469,36,MN,Medical Expenses,A,9 years,>150k,Current,0,Alpha Servicing,2022-12-12,2024-08-20,Missing,OriginatePro
L-101185,B-17258,Personal,2022-10-13,2052-05-08,16648.16,17648.16,0.0974,360,ND,Home Improvement,D,2 years,<50k,Current,0,Beta Loan Servicers,2023-06-05,2024-03-19,Expired,Legacy
L-101186,B-55986,Auto,2019-05-28,2022-05-12,329157.66,102563.41,0.0939,36,MS,Debt Consolidation,D,13 years,>150k,Closed,0,Gamma Collections,2020-02-11,2024-05-10,Expired,Legacy
L-101187,B-50037,Mortgage,2019-08-15,2049-03-10,212386.15,58408.4,0.1061,360,MO,Debt Consolidation,A,19 years,<50k,Late (31-120 days),91,Alpha Servicing,2020-09-22,2024-08-24,Missing,LendingWeb
L-101188,B-74463,Mortgage,2020-11-28,2025-11-02,178112.55,154758.79,0.04,60,NE,Medical Expenses,B,5 years,100k-150k,Closed,0,Alpha Servicing,2023-02-03,2024-03-27,Expired,OriginatePro
L-101189,B-61673,Student,2018-01-16,2047-08-12,424415.49,281333.95,0.0765,360,MN,Other,G,12 years,50k-100k,Closed,0,Beta Loan Servicers,2018-11-24,2024-02-20,Expired,Manual
L-101190,B-81536,Student,2023-09-23,2033-08-01,396102.92,132599.99,0.086,120,CO,Other,B,18 years,<50k,Fully Paid,0,Beta Loan Servicers,2024-10-27,2024-01-02,Expired,Legacy
L-101191,B-76880,Personal,2023-08-13,2053-03-08,496743.75,436559.99,0.0451,360,MA,Credit Card Refinancing,G,6 years,100k-150k,Current,0,Gamma Collections,2025-09-24,2024-07-24,Expired,OriginatePro
L-101192,B-24478,Mortgage,2018-12-22,2028-10-30,396361.8,176879.98,0.0603,120,WV,Credit Card Refinancing,B,11 years,100k-150k,Charged Off,75,Alpha Servicing,2020-03-05,2024-05-26,Pending,Legacy
L-101193,B-26216,Auto,2023-07-13,2028-06-16,275617.48,45269.15,0.0476,60,KS,Debt Consolidation,G,13 years,50k-100k,Late (31-120 days),88,Gamma Collections,2025-07-05,2024-05-17,Missing,Legacy
L-101194,B-79236,Personal,2022-09-16,2025-08-31,496570.85,210606.27,0.1339,36,AK,Credit Card Refinancing,G,3 years,<50k,Current,0,Beta Loan Servicers,2023-01-17,2024-03-27,Pending,LendingWeb
L-101195,B-35699,Personal,2018-12-03,2023-11-07,127331.61,15718.59,0.115,60,AR,Credit Card Refinancing,E,16 years,>150k,Current,0,Beta Loan Servicers,2020-05-24,2024-03-04,Expired,Legacy
L-101196,B-17661,Mortgage,2019-10-31,2022-10-15,499753.74,130593.42,0.1014,36,OK,Medical Expenses,E,19 years,<50k,Current,0,Alpha Servicing,2022-03-05,2024-05-02,Available,OriginatePro
L-101197,B-49035,Student,2019-04-24,2024-03-28,57934.22,37766.57,0.1197,60,PA,Major Purchase,G,20 years,>150k,Current,0,Alpha Servicing,2021-11-14,2024-07-05,Pending,Legacy
L-101198,B-76496,Personal,2019-02-08,2028-12-17,423473.5,257855.57,0.1286,120,MI,Credit Card Refinancing,A,20 years,<50k,Current,0,Beta Loan Servicers,2020-05-31,2024-06-08,Pending,OriginatePro
L-101199,B-25647,Auto,2023-04-20,2028-03-24,281265.3,180233.84,0.1305,60,ND,Other,A,15 years,50k-100k,Closed,0,Delta Financial,2025-01-22,2024-01-23,Missing,Manual
L-101200,B-24673,Student,2019-03-10,2048-10-03,18607.74,12136.11,0.0433,360,SC,Major Purchase,G,4 years,50k-100k,Late (16-30 days),26,Delta Financial,2019-12-22,2024-08-16,Available,OriginatePro
L-101201,B-73591,Personal,2020-07-17,2023-07-02,226467.31,98599.4,0.1336,36,AL,Home Improvement,G,9 years,<50k,Fully Paid,0,Gamma Collections,2022-10-28,2024-06-15,Available,Legacy
L-101202,B-32245,Personal,2021-04-15,2026-03-20,400209.26,83228.62,0.1352,60,ID,Home Improvement,G,3 years,>150k,Charged Off,40,Delta Financial,2023-01-21,2024-07-18,Pending,Manual
L-101203,B-44023,Student,2023-04-18,2026-04-02,197522.1,89672.51,0.1119,36,CA,Major Purchase,E,3 years,50k-100k,Charged Off,124,Beta Loan Servicers,2023-08-17,2024-06-02,Available,Manual
L-101204,B-49084,Mortgage,2022-05-10,2025-04-24,7183.85,6050.2,0.0561,36,MS,Debt Consolidation,G,20 years,100k-150k,Closed,0,Beta Loan Servicers,2023-03-24,2024-04-23,,OriginatePro
L-101205,B-85744,Mortgage,2021-03-27,2031-02-03,254177.66,70232.47,0.0312,120,CT,Other,D,19 years,<50k,Closed,0,Alpha Servicing,2022-03-15,2024-04-02,Missing,Legacy
L-101206,B-58273,Auto,2022-03-25,2051-10-19,361249.1,256819.4,0.1157,360,MO,Other,C,12 years,50k-100k,Late (16-30 days),26,Gamma Collections,2022-12-18,2024-05-18,Available,Legacy
L-101207,B-10411,Personal,2018-03-11,2021-02-23,440829.91,141466.65,-0.04441752917860399,36,KY,Home Improvement,D,16 years,>150k,Closed,0,Alpha Servicing,2019-03-03,2024-08-08,Pending,LendingWeb
L-101208,B-24570,Mortgage,2018-11-09,2048-06-04,454265.65,165176.73,0.0418,360,IA,Medical Expenses,C,18 years,>150k,Charged Off,56,Gamma Collections,2019-12-14,2024-05-05,Expired,Legacy
L-101209,B-98007,Student,2019-10-21,2024-09-24,368504.24,42410.65,0.0655,60,ME,Major Purchase,G,11 years,100k-150k,Default,149,Delta Financial,2020-04-12,2024-01-12,Available,Manual
L-101210,B-99999,Auto,2024-01-01,2028-02-04,35267.34,17634.81,0.0447,60,MO,Credit Card Refinancing,G,20 years,>150k,Charged Off,195,Beta Loan Servicers,2024-08-05,2024-01-07,Available,Manual
L-101211,B-51687,Personal,2020-07-23,2023-07-08,389276.76,315677.69,0.0656,36,CA,Credit Card Refinancing,E,10 years,>150k,Fully Paid,0,Beta Loan Servicers,2021-09-18,2024-01-06,Missing,LendingWeb
L-101212,B-44021,Student,2023-12-04,2053-06-29,490726.26,399844.91,0.0523,360,ND,Credit Card Refinancing,A,14 years,>150k,Default,95,Beta Loan Servicers,2024-01-13,2024-08-21,Expired,OriginatePro
L-101213,B-28850,Student,2018-10-04,2023-09-08,471824.17,125786.75,0.0958,60,MT,Major Purchase,D,4 years,100k-150k,Charged Off,63,Beta Loan Servicers,2021-05-05,2024-07-24,Expired,Legacy
L-101214,B-63272,Auto,2020-12-14,2050-07-10,297704.28,85442.54,0.0369,360,MI,Credit Card Refinancing,G,7 years,100k-150k,Current,0,Gamma Collections,2023-03-31,2024-01-22,Missing,Manual
L-101215,B-36216,Student,2018-12-10,2028-10-18,300109.69,137899.69,0.1442,120,WY,Debt Consolidation,C,6 years,100k-150k,Default,146,Alpha Servicing,2021-02-01,2024-08-17,Expired,Manual
L-101216,B-54433,Personal,2020-11-09,2025-10-14,220985.42,35706.73,0.1145,60,AK,Home Improvement,G,16 years,100k-150k,Late (16-30 days),29,Beta Loan Servicers,2022-04-11,2024-04-28,Expired,OriginatePro
L-101217,B-69695,Mortgage,2020-01-09,2022-12-24,354552.45,85217.73,0.1072,36,NM,Debt Consolidation,A,2 years,>150k,Closed,0,Gamma Collections,2021-12-05,2024-08-14,Available,Manual
L-101218,B-23973,Student,2019-11-05,2022-10-20,390821.72,88361.55,0.136,36,MS,Debt Consolidation,C,8 years,>150k,Charged Off,172,Beta Loan Servicers,2020-01-07,2024-06-06,Available,Manual
L-101219,B-85836,Auto,2020-04-29,2025-04-03,97654.32,79958.48,0.1196,60,OR,Medical Expenses,A,3 years,100k-150k,Late (16-30 days),26,Delta Financial,2021-02-28,2024-08-27,Available,Legacy
L-101220,B-65352,Auto,2018-10-20,2048-05-15,234953.79,190229.71,0.0323,360,IN,Debt Consolidation,D,6 years,>150k,Closed,0,Alpha Servicing,2021-05-16,2024-06-22,Available,Legacy
L-101221,B-48168,Mortgage,2020-05-04,2025-04-08,209568.07,97883.04,0.0605,60,LA,Major Purchase,E,7 years,<50k,Closed,0,Delta Financial,2020-11-13,2024-05-26,Expired,Manual
L-101222,B-41675,Auto,2020-06-29,2023-06-14,372009.3,262261.22,0.069,36,AR,Home Improvement,C,19 years,100k-150k,Current,0,Beta Loan Servicers,2022-08-23,2024-04-05,Expired,OriginatePro
L-101223,B-74652,Mortgage,2018-12-23,2023-11-27,447929.8,87032.02,0.40909203536573835,60,MN,Other,A,9 years,>150k,Current,0,Beta Loan Servicers,2021-05-21,2024-07-23,Expired,Manual
L-101224,B-61790,Personal,2019-12-05,2049-06-30,432191.25,234408.35,0.0664,360,IN,Medical Expenses,D,8 years,100k-150k,Current,0,Delta Financial,2022-01-13,2024-01-17,Expired,LendingWeb
L-101225,B-10365,Student,2023-07-22,2033-05-30,378000.99,293778.6,0.0326,120,AZ,Medical Expenses,A,3 years,50k-100k,Charged Off,42,Beta Loan Servicers,2024-02-27,2024-02-12,Pending,OriginatePro
L-101226,B-91224,Auto,2021-02-18,2030-12-28,273395.88,227218.17,0.1002,120,ID,Home Improvement,C,6 years,50k-100k,Late (16-30 days),18,Alpha Servicing,2021-09-07,2024-04-12,Available,Legacy
L-101227,B-30180,Personal,2021-09-19,2031-07-29,427485.97,63055.74,0.1042,120,WA,Home Improvement,C,9 years,100k-150k,Closed,0,Alpha Servicing,2022-06-07,2024-07-19,Pending,OriginatePro
L-101228,B-91760,Mortgage,2020-10-02,2025-09-06,438197.78,147074.34,0.0596,60,HI,Medical Expenses,D,4 years,<50k,Closed,0,Alpha Servicing,2021-10-22,2024-04-04,Missing,LendingWeb
L-101229,B-45418,Auto,2019-10-25,2022-10-09,224943.85,82480.57,0.1018,36,MA,Medical Expenses,E,19 years,50k-100k,Current,0,Alpha Servicing,2020-04-18,2024-04-16,Expired,OriginatePro
L-101230,B-19863,Student,2023-02-27,2033-01-05,296059.08,95415.15,0.0379,120,AL,Major Purchase,B,19 years,100k-150k,Fully Paid,0,Alpha Servicing,2024-10-28,2024-04-15,Pending,Legacy
L-101231,B-86802,Mortgage,2020-01-11,2049-08-06,225937.58,149659.36,0.042,360,MS,Home Improvement,F,12 years,50k-100k,Default,101,Delta Financial,2021-01-01,2024-03-22,Expired,LendingWeb
L-101232,B-60213,Auto,2019-08-05,2022-07-20,445726.34,196377.56,0.0838,36,WY,Home Improvement,A,0 years,50k-100k,Fully Paid,0,Gamma Collections,2020-07-22,2024-03-09,Available,OriginatePro
L-101233,B-31786,Auto,2018-09-15,2028-07-24,347086.2,273520.54,0.0726,120,MA,Debt Consolidation,C,6 years,50k-100k,Current,0,Alpha Servicing,2019-08-17,2023-01-01,Available,Manual
L-101234,B-73584,Student,2019-07-27,2029-06-04,235738.19,207227.97,0.0749,120,WV,Credit Card Refinancing,G,4 years,50k-100k,Current,0,Beta Loan Servicers,2021-08-20,2024-05-21,Pending,Legacy
L-101235,B-87424,Mortgage,2018-01-31,2027-12-10,386972.08,188254.96,0.035,120,NY,Other,D,18 years,50k-100k,Late (16-30 days),30,Beta Loan Servicers,2020-04-15,2024-03-19,Expired,LendingWeb
L-101236,B-22487,Personal,2018-08-23,2023-07-28,173445.19,116751.04,0.1099,60,NV,Credit Card Refinancing,A,16 years,100k-150k,Fully Paid,0,Gamma Collections,2020-10-13,2024-04-27,Missing,LendingWeb
L-101237,B-67310,Student,2019-07-07,2049-01-30,395325.37,45221.89,0.0909,360,MT,Major Purchase,B,18 years,50k-100k,Late (31-120 days),109,Beta Loan Servicers,2022-01-04,2024-06-24,Pending,Legacy
L-101238,B-86756,Student,Not A Date,2024-10-27,90443.69,71962.53,0.031,60,CT,Medical Expenses,B,11 years,>150k,Late (16-30 days),28,Gamma Collections,2021-03-24,2024-03-18,Expired,OriginatePro
,B-87199,Personal,2020-01-09,2022-12-24,49866.64,42716.32,0.1252,36,KS,Credit Card Refinancing,A,9 years,50k-100k,Charged Off,33,Alpha Servicing,2021-10-20,2024-07-13,Missing,Manual
L-101240,B-15211,Mortgage,2022-08-06,2052-03-01,5122.13,4276.2,0.137,360,AR,Medical Expenses,C,13 years,50k-100k,Late (16-30 days),17,Delta Financial,2025-01-08,2024-05-21,Available,Legacy
L-101241,B-40356,Auto,2018-07-24,2021-07-08,289585.81,85858.79,0.1216,36,OH,Medical Expenses,B,4 years,50k-100k,Late (31-120 days),149,Alpha Servicing,2018-11-19,2024-04-13,Available,Legacy
L-101242,B-65033,Auto,2023-12-07,2028-11-10,233394.78,146399.37,0.0684,60,LA,Major Purchase,A,13 years,<50k,Default,142,Beta Loan Servicers,2025-02-09,2024-05-07,Pending,Legacy
L-101243,B-11930,Personal,2020-07-23,2050-02-16,90864.75,28813.35,0.0408,360,NV,Other,B,7 years,<50k,Late (16-30 days),29,Beta Loan Servicers,2022-11-05,2024-07-04,Available,LendingWeb
L-101244,B-47108,Auto,2022-11-18,2032-09-26,72922.36,18962.71,0.0419,120,MN,Credit Card Refinancing,G,9 years,<50k,Fully Paid,0,Beta Loan Servicers,2024-04-01,2024-03-15,Expired,Manual
L-101245,B-78597,Personal,2023-05-07,2052-11-30,447676.32,314108.28,0.0806,360,VT,Home Improvement,G,8 years,100k-150k,Late (16-30 days),25,Alpha Servicing,2025-09-21,2024-05-14,Available,Manual
L-101246,B-52964,Personal,2019-02-14,2048-09-09,14787.55,2502.56,0.1315,360,SC,Medical Expenses,E,6 years,50k-100k,Late (31-120 days),77,Alpha Servicing,2021-09-04,2024-03-10,Missing,Manual
L-101247,B-50324,Personal,2020-12-30,2023-12-15,385448.31,90416.39,0.0622,36,NV,Credit Card Refinancing,G,6 years,>150k,Charged Off,96,Delta Financial,2022-09-04,2024-01-06,Pending,LendingWeb
L-101248,B-80263,Personal,2020-07-12,2050-02-05,421823.01,88351.83,0.0971,360,AZ,Credit Card Refinancing,F,14 years,50k-100k,Late (16-30 days),24,Delta Financial,2022-09-01,2024-05-03,Available,Legacy
L-101249,B-88069,Personal,2020-07-19,2030-05-28,314781.62,110287.47,0.119,120,LA,Home Improvement,A,12 years,100k-150k,Late (16-30 days),21,Alpha Servicing,2022-12-21,2024-01-19,Missing,Manual
L-101250,B-79944,Auto,2020-12-08,2050-07-04,29705.92,14585.1,0.1077,360,NE,Other,A,9 years,50k-100k,Default,160,Gamma Collections,2021-10-16,2024-04-15,Available,Manual
L-101251,B-59175,Auto,2023-01-23,2032-12-01,439842.78,440842.78,0.0797,120,NJ,Home Improvement,F,12 years,50k-100k,Default,172,Alpha Servicing,2024-03-04,2024-05-23,Available,LendingWeb
L-101252,B-77833,Auto,2018-09-02,2023-08-07,229141.68,192387.87,0.05,60,DE,Debt Consolidation,G,16 years,100k-150k,Late (31-120 days),41,Delta Financial,2020-07-28,2024-07-01,Pending,OriginatePro
L-101253,B-57623,Student,2022-10-21,2025-10-05,172043.16,22228.66,0.1147,36,NH,Credit Card Refinancing,D,18 years,50k-100k,Late (16-30 days),16,Delta Financial,2024-03-28,2024-08-22,Missing,Legacy
L-101254,B-63025,Student,2019-05-08,2024-04-11,95603.01,23587.94,0.0792,60,NM,Medical Expenses,F,8 years,<50k,Charged Off,35,Delta Financial,2020-11-08,2024-07-11,Missing,LendingWeb
L-101255,B-98637,Auto,2022-05-06,2051-11-30,376957.79,210385.01,0.0545,360,UT,Home Improvement,F,16 years,>150k,Default,37,Gamma Collections,2024-08-30,2024-06-28,Available,LendingWeb
L-101256,B-84842,Mortgage,2019-07-24,2022-07-08,348762.31,51249.28,0.1077,36,OK,Major Purchase,G,2 years,>150k,Fully Paid,0,Delta Financial,2019-09-22,2024-07-13,Missing,OriginatePro
L-101257,B-18020,Auto,2022-07-06,2027-06-10,291050.81,253134.42,0.1376,60,AL,Major Purchase,B,18 years,50k-100k,Closed,0,Alpha Servicing,2024-06-24,2024-03-16,Available,OriginatePro
L-101258,B-64877,Personal,2020-04-15,2025-03-20,234507.02,109287.99,0.1397,60,AL,Medical Expenses,D,9 years,100k-150k,Late (16-30 days),22,Gamma Collections,2020-10-23,2024-01-07,Missing,Legacy
L-101259,B-98417,Mortgage,2021-08-31,2031-07-10,345108.5,211132.87,0.1131,120,DE,Credit Card Refinancing,C,18 years,>150k,Default,37,Delta Financial,2023-06-05,2024-03-03,Pending,Manual
L-101260,B-34884,Auto,2022-02-15,2031-12-25,498135.91,261223.24,0.145,120,LA,Home Improvement,E,16 years,100k-150k,Fully Paid,0,Beta Loan Servicers,2024-06-25,2024-01-23,Missing,Legacy
L-101261,B-71067,Auto,2022-08-24,2052-03-19,253488.98,213422.11,0.0764,360,MO,Other,C,7 years,<50k,Late (31-120 days),196,Alpha Servicing,2023-01-06,2024-07-21,Pending,OriginatePro
L-101262,B-95727,Auto,2021-09-07,2024-08-22,103858.01,47672.35,0.0356,36,NM,Debt Consolidation,E,4 years,>150k,Fully Paid,0,Gamma Collections,2021-11-19,2023-01-01,Missing,Legacy
L-101263,B-77263,Auto,2023-10-22,2026-10-06,229859.49,96929.2,0.0934,36,RI,Major Purchase,E,5 years,100k-150k,Closed,0,Gamma Collections,2026-04-01,2024-06-25,Available,Legacy
L-101264,B-69984,Mortgage,2023-10-16,2033-08-24,475947.69,117597.43,0.1076,120,SD,Credit Card Refinancing,A,2 years,>150k,Charged Off,31,Delta Financial,2026-07-01,2024-02-24,Expired,Legacy
L-101265,B-32477,Student,2022-07-22,2052-02-15,70553.69,38520.58,0.0936,360,AK,Home Improvement,E,3 years,>150k,Current,0,Beta Loan Servicers,2025-03-22,2024-07-07,Pending,LendingWeb
L-101266,B-45300,Mortgage,2021-08-28,2051-03-24,316955.96,78321.19,0.0604,360,ND,Other,G,15 years,<50k,Current,0,Beta Loan Servicers,2021-10-08,2024-05-26,Missing,LendingWeb
L-101267,B-31273,Personal,2020-05-30,2049-12-24,300352.02,170736.16,0.1427,360,GA,Home Improvement,D,11 years,50k-100k,Current,0,Beta Loan Servicers,2022-01-14,2024-05-19,Expired,Manual
L-101268,B-17706,Mortgage,2022-03-24,2051-10-18,5380.74,4490.94,0.0652,360,MO,Credit Card Refinancing,B,9 years,<50k,Late (31-120 days),121,Beta Loan Servicers,2024-04-07,2024-07-09,Available,Manual
L-101269,B-58131,Personal,2018-03-08,2023-02-10,437483.46,333211.57,0.0626,60,NC,Medical Expenses,B,3 years,100k-150k,Closed,0,Delta Financial,2019-08-30,2024-04-17,Pending,LendingWeb
L-101270,B-62437,Student,2019-09-16,2024-08-20,-1000.0,136795.12,0.0346,60,MT,Major Purchase,E,19 years,>150k,Late (31-120 days),180,Alpha Servicing,2020-02-25,2024-06-19,Pending,Manual
L-101271,B-97369,Mortgage,2019-07-07,2022-06-21,475901.35,118402.45,0.0929,36,ID,Home Improvement,D,18 years,50k-100k,Current,0,Delta Financial,2020-10-05,2024-07-03,Expired,Manual
L-101272,B-33189,Mortgage,2021-11-13,2051-06-09,307085.05,175654.75,0.1368,360,RI,Other,G,4 years,50k-100k,Late (16-30 days),21,Delta Financial,2024-05-16,2024-07-18,Expired,Manual
L-101273,B-69105,Mortgage,2022-03-05,2051-09-29,11116.87,2191.52,0.0606,360,ID,Debt Consolidation,E,8 years,50k-100k,Current,0,Gamma Collections,2022-10-25,2024-04-25,Available,OriginatePro
L-101274,B-26522,Student,2018-02-10,2021-01-25,7187.42,1101.1,0.0657,36,TN,Other,F,14 years,>150k,Late (16-30 days),29,Alpha Servicing,2020-05-31,2024-05-24,Missing,Legacy
L-101275,B-47256,Auto,2020-06-10,2030-04-19,63513.34,16723.07,0.1274,120,NY,Credit Card Refinancing,B,20 years,>150k,Late (16-30 days),16,Delta Financial,2022-04-30,2024-06-27,Expired,LendingWeb
L-101276,B-30941,Mortgage,2021-04-30,2024-04-14,168105.73,147209.65,0.1079,36,AR,Medical Expenses,B,7 years,100k-150k,Closed,0,Beta Loan Servicers,2021-06-30,2024-08-14,Expired,Legacy
L-101277,B-91577,Personal,2022-06-30,2027-06-04,458109.98,254117.28,0.1472,60,WY,Medical Expenses,G,1 years,100k-150k,Default,167,Beta Loan Servicers,2025-01-15,2024-01-03,Expired,LendingWeb
L-101278,B-42244,Auto,2023-01-12,2052-08-07,207474.87,176178.91,0.0817,360,MI,Major Purchase,B,20 years,100k-150k,Closed,0,Alpha Servicing,2023-12-25,2024-04-26,Pending,Manual
L-101279,B-43767,Auto,2019-11-01,2029-09-09,116641.47,-500.0,0.0533,120,TX,Medical Expenses,C,12 years,<50k,Current,0,Alpha Servicing,2021-04-22,2024-08-16,Missing,OriginatePro
L-101118,B-19604,Student,2021-12-03,2024-11-17,116749.09,19722.28,0.0991,36,TX,Home Improvement,A,4 years,100k-150k,Closed,0,Alpha Servicing,2023-08-29,2024-04-17,Expired,OriginatePro
L-101281,B-37520,Student,2018-06-15,2023-05-20,152643.64,37715.01,0.0653,60,MD,Credit Card Refinancing,G,14 years,100k-150k,Charged Off,186,Alpha Servicing,2020-09-20,2024-05-16,Expired,Legacy
L-101282,B-68186,Student,2019-06-12,2024-05-16,161030.55,24565.39,0.1462,60,AL,Other,G,15 years,>150k,Late (31-120 days),50,Alpha Servicing,2021-09-24,2024-08-21,Available,LendingWeb
L-101283,B-21773,Student,2020-09-05,2025-08-10,432619.6,248527.67,0.0394,60,MN,Major Purchase,B,8 years,<50k,Charged Off,49,Gamma Collections,2022-03-10,2024-01-12,Pending,Legacy
L-101284,B-22509,Personal,2023-01-25,2032-12-03,139268.01,103143.75,0.0771,120,MS,Home Improvement,E,3 years,>150k,Current,0,Delta Financial,2025-06-13,2024-08-01,Available,LendingWeb
L-101285,B-11482,Mortgage,2018-02-21,2027-12-31,162871.94,56908.53,0.0947,120,AK,Home Improvement,E,17 years,50k-100k,Late (16-30 days),17,Alpha Servicing,2020-02-18,2024-04-19,Expired,Manual
L-101286,B-31013,Auto,2020-09-04,2030-07-14,458092.58,245166.81,0.0779,120,LA,Other,F,0 years,>150k,Charged Off,169,Alpha Servicing,2021-03-08,2024-07-11,Missing,LendingWeb
L-101287,B-21867,Student,2021-03-03,2050-09-27,356100.52,94479.62,0.0544,360,KS,Credit Card Refinancing,F,13 years,50k-100k,Late (16-30 days),16,Beta Loan Servicers,2022-12-12,2024-08-10,Pending,Legacy
L-101288,B-75947,Auto,2022-11-05,2052-05-31,26072.89,17621.82,0.1026,360,NM,Debt Consolidation,E,5 years,<50k,Fully Paid,0,Alpha Servicing,2024-08-09,2024-02-18,Pending,OriginatePro
L-101289,B-20336,Auto,2020-03-28,2025-03-02,406324.65,163691.08,0.0415,60,OH,Credit Card Refinancing,E,10 years,<50k,Late (31-120 days),72,Delta Financial,2020-12-29,2024-03-22,Available,Legacy
L-101290,B-87856,Student,2018-05-13,2028-03-21,497126.52,367364.72,0.1107,120,HI,Home Improvement,A,10 years,50k-100k,Charged Off,151,Alpha Servicing,2019-10-12,2024-08-09,Pending,LendingWeb
L-101291,B-48832,Student,2018-08-21,2023-07-26,459674.27,375241.3,0.0396,60,WI,Debt Consolidation,C,12 years,<50k,Closed,0,Gamma Collections,2020-10-05,2024-04-19,Pending,Manual
L-101292,B-73690,Student,2022-07-30,2027-07-04,437025.91,106565.09,0.0692,60,WI,Medical Expenses,D,0 years,100k-150k,Late (16-30 days),16,Beta Loan Servicers,2024-10-04,2024-07-03,Pending,Legacy
L-101293,B-27005,Personal,2023-06-15,2053-01-08,7939.14,6553.6,0.092,360,AR,Credit Card Refinancing,G,1 years,>150k,Late (16-30 days),16,Delta Financial,2024-08-23,2024-04-14,Available,LendingWeb
L-101294,B-15769,Mortgage,2023-12-15,2026-11-29,325254.78,144135.96,0.1305,36,SC,Medical Expenses,E,3 years,<50k,Closed,0,Beta Loan Servicers,2025-09-05,2024-01-19,Available,OriginatePro
L-101295,B-17694,Mortgage,2018-04-29,2023-04-03,185594.05,22019.69,0.0615,60,HI,Other,B,14 years,100k-150k,Charged Off,150,Gamma Collections,2019-01-20,2024-02-19,Missing,Manual
L-101296,B-15460,Auto,2023-12-25,2053-07-20,26283.97,20775.7,0.0856,360,NY,Credit Card Refinancing,F,10 years,100k-150k,Closed,0,Gamma Collections,2025-10-30,2024-03-02,Pending,LendingWeb
L-101297,B-82985,Personal,2021-03-14,2031-01-21,116438.88,20079.93,0.0969,120,SD,Medical Expenses,A,17 years,>150k,Late (31-120 days),192,Gamma Collections,2022-10-07,2024-04-10,Pending,LendingWeb
L-101298,B-62184,Student,2019-10-05,2024-09-08,300573.39,194970.84,0.0479,60,NY,Medical Expenses,D,1 years,100k-150k,Fully Paid,0,Delta Financial,2020-11-27,2024-01-08,Expired,Legacy
L-101299,B-65050,Mortgage,2021-06-22,2051-01-16,20089.26,2177.43,0.0839,360,SD,Home Improvement,G,13 years,>150k,Current,0,Beta Loan Servicers,2022-02-08,2024-06-26,Available,LendingWeb
L-101300,B-76056,Personal,2018-04-22,2021-04-06,190357.12,49347.84,0.0305,36,NH,Home Improvement,F,20 years,<50k,Default,158,Alpha Servicing,2019-04-10,2024-07-02,Pending,Manual
L-101301,B-84983,Auto,2022-03-10,2027-02-12,93725.16,32033.17,0.0551,60,PA,Credit Card Refinancing,C,14 years,100k-150k,Current,0,Delta Financial,2023-01-04,2024-06-07,Available,LendingWeb
L-101302,B-71281,Auto,2021-07-31,2051-02-24,65938.58,55840.79,0.0396,360,TN,Medical Expenses,F,18 years,>150k,Default,107,Delta Financial,2023-04-16,2024-04-14,Pending,Manual
L-101303,B-26129,Mortgage,2020-03-08,2030-01-15,358174.12,177624.61,0.1053,120,OK,Major Purchase,D,17 years,<50k,Late (31-120 days),150,Alpha Servicing,2022-06-06,2024-03-08,Expired,Manual
L-101304,B-21626,Personal,2020-09-27,2023-09-12,403826.8,5000.0,0.0523,36,AK,Medical Expenses,C,13 years,>150k,Closed,19,Beta Loan Servicers,2023-03-16,2024-03-23,,OriginatePro
L-101305,B-99471,Mortgage,2020-05-11,2049-12-05,148102.43,19539.82,0.1342,360,FL,Credit Card Refinancing,B,5 years,>150k,Closed,0,Delta Financial,2021-06-30,2024-03-09,Missing,Manual
L-101306,B-72049,Mortgage,2019-10-16,2024-09-19,361860.38,287307.35,0.1082,60,AZ,Home Improvement,B,5 years,<50k,Charged Off,55,Gamma Collections,2021-10-20,2024-01-03,Expired,OriginatePro
L-101307,B-39878,Mortgage,2023-10-16,2033-08-24,150200.87,40544.36,0.0656,120,TX,Debt Consolidation,E,18 years,50k-100k,Charged Off,33,Delta Financial,2024-10-19,2024-06-28,Available,LendingWeb
L-101308,B-45222,Personal,2019-06-04,2048-12-28,33501.58,28167.62,0.0688,360,OR,Other,E,19 years,<50k,Late (16-30 days),24,Beta Loan Servicers,2019-11-08,2024-01-01,Expired,LendingWeb
L-101309,B-42224,Mortgage,2019-09-26,2024-08-30,387861.12,172984.81,0.1051,60,WY,Home Improvement,B,15 years,>150k,Default,150,Beta Loan Servicers,2020-05-21,2024-02-14,Available,Manual
L-101310,B-62665,Personal,2023-05-13,2026-04-27,463128.99,210427.23,0.0549,36,MS,Debt Consolidation,B,12 years,<50k,Late (31-120 days),188,Gamma Collections,2023-12-02,2024-05-05,Pending,Legacy
L-101311,B-14927,Student,2021-05-03,2024-04-17,70476.83,35016.21,0.0322,36,TN,Major Purchase,D,11 years,50k-100k,Default,147,Delta Financial,2021-10-21,2024-06-19,Available,Manual
L-101312,B-30958,Auto,2018-06-13,2023-05-18,354761.3,-500.0,0.091,60,MN,Other,G,12 years,100k-150k,Default,49,Gamma Collections,2020-02-20,2024-08-09,Pending,Manual
L-101313,B-94631,Mortgage,2019-03-04,2024-02-06,490565.39,323373.96,0.0985,60,NY,Other,E,17 years,100k-150k,Closed,0,Alpha Servicing,2019-12-22,2024-07-02,Pending,LendingWeb
L-101314,B-11862,Personal,2020-04-30,2025-04-04,412655.3,297137.42,0.0824,60,IN,Home Improvement,B,7 years,100k-150k,Default,56,Beta Loan Servicers,2020-09-10,2024-03-23,Available,Legacy
L-101315,B-53194,Personal,2021-10-22,2026-09-26,129481.53,13371.17,0.0388,60,UT,Major Purchase,D,5 years,50k-100k,Late (16-30 days),29,Gamma Collections,2024-07-09,2024-08-10,Missing,OriginatePro
L-101316,B-54696,Student,2023-03-04,2052-09-27,36785.92,18787.06,0.0901,360,GA,Home Improvement,B,14 years,>150k,Current,0,Gamma Collections,2025-02-04,2024-05-03,Expired,Legacy
L-101317,B-60386,Auto,2020-03-29,2030-02-05,289889.6,114814.34,0.0667,120,WV,Medical Expenses,E,17 years,100k-150k,Default,37,Gamma Collections,2021-10-07,2024-07-22,Expired,LendingWeb
L-101318,B-84366,Student,2020-02-29,2025-02-02,485677.28,381282.32,0.133,60,NH,Home Improvement,B,12 years,<50k,Current,0,Alpha Servicing,2021-11-07,2024-03-14,Available,Manual
L-101319,B-62530,Mortgage,2018-01-31,2021-01-15,212253.86,81731.09,0.0682,36,NH,Other,E,13 years,100k-150k,Late (31-120 days),158,Delta Financial,2019-01-26,2024-06-25,Pending,Manual
L-101320,B-56145,Auto,2019-12-07,2029-10-15,237778.84,76012.6,0.0308,120,MO,Medical Expenses,D,10 years,>150k,Closed,0,Beta Loan Servicers,2020-10-30,2024-01-12,Available,Manual
L-101321,B-60150,Personal,2020-11-11,2030-09-20,57723.13,13859.33,0.0608,120,MD,Credit Card Refinancing,A,16 years,>150k,Late (31-120 days),32,Beta Loan Servicers,2023-03-11,2024-04-07,Expired,Manual
L-101322,B-12226,Mortgage,2021-07-27,2051-02-20,434295.17,-500.0,0.0843,360,KS,Major Purchase,B,1 years,100k-150k,Closed,0,Gamma Collections,2022-01-30,2024-04-17,Expired,Legacy
L-101323,B-32722,Auto,2021-09-25,2024-09-09,272575.89,187725.08,0.0568,36,RI,Credit Card Refinancing,F,2 years,50k-100k,Late (31-120 days),179,Alpha Servicing,2023-06-14,2024-07-21,Available,Manual
L-101324,B-88168,Student,2023-06-18,2028-05-22,421146.32,155532.83,0.0483,60,LA,Debt Consolidation,B,11 years,>150k,Charged Off,100,Alpha Servicing,2024-05-18,2024-06-02,Expired,OriginatePro
L-101325,B-56391,Student,2023-07-09,2033-05-17,493989.28,434189.98,0.0317,120,MA,Major Purchase,F,20 years,50k-100k,Charged Off,95,Alpha Servicing,2026-02-02,2024-06-19,Available,OriginatePro
L-101326,B-96227,Student,2018-01-05,2022-12-10,360027.4,108288.94,0.0477,60,AZ,Home Improvement,A,11 years,50k-100k,Late (31-120 days),164,Gamma Collections,2019-10-22,2024-01-15,Missing,LendingWeb
L-101327,B-30128,Auto,2020-07-20,2023-07-05,283943.08,128346.48,0.0852,36,ME,Medical Expenses,D,14 years,100k-150k,Charged Off,124,Alpha Servicing,2022-06-22,2024-05-03,Expired,LendingWeb
L-101328,B-78508,Mortgage,2020-04-05,2023-03-21,252925.83,177981.8,0.0455,36,RI,Credit Card Refinancing,G,20 years,>150k,Fully Paid,0,Gamma Collections,2020-08-21,2024-07-06,Missing,OriginatePro
L-101329,B-32061,Student,2018-05-08,2028-03-16,362672.93,145575.14,0.1047,120,LA,Home Improvement,D,13 years,>150k,Late (31-120 days),163,Beta Loan Servicers,2018-09-16,2024-08-07,Available,Manual
L-100715,B-62803,Mortgage,2020-05-25,2023-05-10,188907.58,167255.15,0.0936,36,WI,Debt Consolidation,D,17 years,50k-100k,Late (31-120 days),68,Delta Financial,2022-10-15,2024-06-27,Pending,LendingWeb
L-101331,B-64305,Auto,2022-09-18,2027-08-23,121605.45,56927.71,0.0473,60,TN,Major Purchase,A,14 years,<50k,Late (16-30 days),30,Beta Loan Servicers,2023-06-08,2024-08-22,Available,Legacy
L-101332,B-66152,Personal,2021-01-22,2050-08-18,32536.27,26382.28,0.0637,360,NJ,Major Purchase,E,10 years,100k-150k,Current,0,Delta Financial,2022-04-27,2024-08-11,Pending,OriginatePro
L-101333,B-87771,Auto,2018-06-12,2048-01-06,375728.75,176673.34,0.038,360,PA,Debt Consolidation,C,15 years,<50k,Charged Off,179,Gamma Collections,2019-07-25,2024-07-06,Expired,OriginatePro
L-101334,B-76260,Personal,2023-09-28,2053-04-23,208457.33,108418.43,0.1333,360,AK,Other,D,12 years,<50k,Late (16-30 days),19,Delta Financial,2025-09-24,2024-02-06,Available,Legacy
L-101335,B-92842,Personal,2018-12-28,2021-12-12,81569.72,45161.72,0.1247,36,ND,Other,D,20 years,<50k,Charged Off,65,Alpha Servicing,2020-11-21,2024-08-01,Expired,Manual
L-101336,B-88117,Auto,2019-05-01,2022-04-15,230067.39,47293.6,0.0877,36,GA,Medical Expenses,E,4 years,>150k,Charged Off,186,Beta Loan Servicers,2020-01-15,2024-05-23,Expired,LendingWeb
L-101337,B-89622,Student,2018-07-09,2023-06-13,358354.82,359354.82,0.0889,60,NJ,Medical Expenses,E,13 years,50k-100k,Late (16-30 days),21,Gamma Collections,2020-07-15,2024-08-01,Expired,Manual
L-101338,B-40949,Auto,2019-12-01,2024-11-04,54574.27,19833.15,0.1059,60,UT,Credit Card Refinancing,D,1 years,100k-150k,Current,109,Alpha Servicing,2021-06-20,2024-08-20,Missing,LendingWeb
L-101339,B-46720,Personal,2018-07-03,2028-05-11,186984.02,94853.38,0.0551,120,CA,Credit Card Refinancing,A,9 years,>150k,Current,0,Alpha Servicing,2020-09-10,2024-03-08,,Legacy
L-101340,B-36011,Student,2022-12-24,2025-12-08,165528.18,115876.61,0.1283,36,WY,Medical Expenses,E,2 years,<50k,Charged Off,194,Delta Financial,2025-07-10,2024-08-20,Expired,Legacy
L-101341,B-28628,Mortgage,2021-05-24,2031-04-02,181794.45,92697.44,0.0616,120,NM,Medical Expenses,G,9 years,<50k,Closed,0,Beta Loan Servicers,2023-10-10,2024-07-24,Expired,LendingWeb
L-101342,B-12837,Auto,2022-11-05,2027-10-10,469127.7,277031.54,0.0876,60,WI,Major Purchase,E,6 years,<50k,Late (31-120 days),180,Delta Financial,2023-12-14,2024-08-23,Missing,OriginatePro
L-101343,B-96841,Student,2020-08-14,2023-07-30,256976.76,223411.88,0.1229,36,IN,Other,A,4 years,<50k,Late (31-120 days),174,Gamma Collections,2023-04-14,2024-05-21,Missing,OriginatePro
L-101344,B-39706,Mortgage,2021-05-14,2024-04-28,191078.06,170849.04,0.0747,36,OK,Credit Card Refinancing,F,8 years,50k-100k,Charged Off,141,Delta Financial,2021-07-07,2024-08-07,Pending,LendingWeb
L-101345,B-60371,Student,2020-11-08,2050-06-04,92459.56,18294.55,0.1192,360,OR,Credit Card Refinancing,E,9 years,<50k,Fully Paid,0,Delta Financial,2021-09-08,2024-02-14,Available,Manual
L-101346,B-10385,Personal,2018-02-23,2023-01-28,449292.12,72577.78,0.1097,60,MT,Medical Expenses,E,2 years,100k-150k,Current,0,Beta Loan Servicers,2020-06-08,2024-05-27,Pending,Manual
L-101347,B-60672,Auto,2020-11-11,2025-10-16,348527.45,260938.69,0.0645,60,WV,Home Improvement,E,4 years,>150k,Late (31-120 days),194,Beta Loan Servicers,2021-07-05,2024-01-26,Missing,Manual
L-101348,B-93154,Personal,2018-05-02,2047-11-26,355004.69,88655.91,0.0969,360,IL,Major Purchase,D,14 years,>150k,Current,0,Delta Financial,2019-07-31,2024-07-14,Available,Legacy
L-101349,B-28291,Personal,2022-06-03,2027-05-08,142553.0,106778.78,0.1406,60,FL,Home Improvement,B,7 years,100k-150k,Charged Off,181,Alpha Servicing,2022-09-15,2024-04-24,Expired,Manual
L-101350,B-82578,Mortgage,2022-09-21,2052-04-16,182251.29,126171.75,0.0413,360,NH,Medical Expenses,A,10 years,50k-100k,Fully Paid,0,Gamma Collections,2023-07-30,2024-07-04,Pending,LendingWeb
L-101351,B-13526,Mortgage,2020-05-15,2025-04-19,389547.71,148172.06,-0.029762102406465204,60,MT,Credit Card Refinancing,D,9 years,50k-100k,Closed,0,Delta Financial,2022-09-25,2024-01-04,Expired,OriginatePro
L-101352,B-99999,Mortgage,2024-01-01,2027-03-09,37909.76,5000.0,0.1201,60,WV,Other,D,19 years,100k-150k,Closed,180,Beta Loan Servicers,2024-02-17,2024-03-16,Expired,Manual
L-101353,B-44433,Auto,2021-05-08,2024-04-22,18031.28,15179.37,0.1462,36,OK,Credit Card Refinancing,A,5 years,100k-150k,Late (31-120 days),47,Beta Loan Servicers,2023-10-06,2024-05-25,Pending,LendingWeb
L-101354,B-82001,Student,2023-05-25,2028-04-28,94381.13,78193.25,0.0574,60,AL,Credit Card Refinancing,D,7 years,50k-100k,Current,0,Gamma Collections,2026-01-26,2024-06-09,Expired,Legacy
L-101355,B-58993,Student,2021-04-12,2026-03-17,78664.37,13706.16,0.0613,60,PA,Major Purchase,E,16 years,>150k,Charged Off,112,Beta Loan Servicers,2021-07-16,2024-03-28,Available,LendingWeb
L-101356,B-11830,Personal,Not A Date,2026-02-17,223202.07,138498.04,0.081,60,NC,Home Improvement,A,16 years,100k-150k,Charged Off,44,Alpha Servicing,2021-07-25,2024-08-08,Available,LendingWeb
L-101357,B-37017,Auto,2021-08-22,2024-08-06,469467.77,140904.42,0.082,36,OH,Major Purchase,B,20 years,<50k,Closed,0,Alpha Servicing,2023-01-31,2024-02-18,Expired,Legacy
L-101358,B-15942,Student,2023-11-19,2033-09-27,214506.12,43566.01,0.1213,120,AR,Major Purchase,F,17 years,<50k,Late (16-30 days),29,Delta Financial,2026-04-08,2024-04-08,Available,LendingWeb
L-101359,B-44508,Mortgage,2020-03-14,2023-02-27,205100.97,29172.55,0.0534,36,ID,Medical Expenses,D,10 years,100k-150k,Fully Paid,0,Alpha Servicing,2022-03-05,2024-06-27,Missing,OriginatePro
L-101360,B-47788,Auto,2019-01-28,2028-12-06,395189.36,48152.56,0.0791,120,AZ,Debt Consolidation,C,2 years,100k-150k,Late (31-120 days),181,Beta Loan Servicers,2019-03-18,2024-02-28,Expired,Manual
L-101361,B-42748,Mortgage,2023-10-29,2028-10-02,68718.87,53759.08,0.0633,60,AZ,Credit Card Refinancing,B,18 years,50k-100k,Late (16-30 days),26,Beta Loan Servicers,2024-01-15,2024-06-13,Missing,Legacy
L-101362,B-22531,Auto,2018-11-06,2021-10-21,380291.51,115920.76,0.0668,36,IA,Medical Expenses,A,6 years,50k-100k,Fully Paid,0,Beta Loan Servicers,2019-12-13,2024-03-17,Expired,Legacy
L-101363,B-38138,Mortgage,2020-09-23,2030-08-02,171089.86,134807.64,0.1115,120,MI,Home Improvement,B,9 years,50k-100k,Charged Off,133,Gamma Collections,2022-12-23,2024-05-20,Expired,Manual
L-101364,B-10652,Mortgage,2020-12-16,2050-07-12,217552.39,68332.8,0.1195,360,WA,Medical Expenses,C,7 years,>150k,Closed,0,Delta Financial,2022-10-28,2024-08-21,Missing,LendingWeb
L-101365,B-96752,Personal,2019-12-28,2049-07-23,416036.86,160161.34,0.1302,360,CO,Credit Card Refinancing,F,5 years,>150k,Default,125,Gamma Collections,2021-08-25,2024-02-09,Expired,Manual
L-101366,B-30670,Personal,2020-10-05,2023-09-20,311696.32,135040.73,0.066,36,LA,Major Purchase,G,11 years,50k-100k,Late (16-30 days),22,Gamma Collections,2021-04-16,2024-05-15,Pending,Manual
L-101367,B-66924,Personal,2020-08-13,2030-06-22,108147.27,61043.53,0.1127,120,NE,Home Improvement,G,20 years,100k-150k,Fully Paid,0,Beta Loan Servicers,2021-02-16,2024-05-07,Expired,Manual
L-101368,B-87645,Mortgage,2021-05-04,2024-04-18,172683.61,28568.25,0.1069,36,TN,Other,D,6 years,50k-100k,Late (31-120 days),100,Beta Loan Servicers,2024-01-21,2024-05-14,Pending,Manual
L-101369,B-42289,Auto,2022-08-19,2025-08-03,199681.71,105975.06,0.0655,36,NM,Medical Expenses,F,7 years,<50k,Default,55,Gamma Collections,2025-02-15,2024-04-22,Available,Legacy
L-101370,B-61596,Mortgage,2023-03-07,2026-02-19,19467.33,2306.82,0.1268,36,NM,Home Improvement,D,1 years,>150k,Fully Paid,0,Beta Loan Servicers,2025-06-07,2024-01-04,Pending,Manual
L-101371,B-73173,Auto,2019-07-28,2049-02-20,367298.17,205346.37,0.0441,360,DE,Credit Card Refinancing,D,6 years,100k-150k,Closed,0,Delta Financial,2020-10-06,2024-03-11,Pending,OriginatePro
L-101372,B-85779,Mortgage,2022-05-11,2032-03-19,175513.97,74482.44,0.1401,120,IL,Medical Expenses,A,14 years,50k-100k,Fully Paid,0,Gamma Collections,2022-06-21,2024-04-13,Pending,Legacy
L-101373,B-97525,Auto,2020-01-14,2049-08-09,352745.36,143431.26,0.0651,360,NJ,Debt Consolidation,E,13 years,>150k,Fully Paid,0,Alpha Servicing,2021-04-09,2024-04-07,Pending,OriginatePro
L-101374,B-88653,Auto,2018-05-15,2021-04-29,478186.62,88918.29,0.072,36,WY,Medical Expenses,A,3 years,>150k,Closed,0,Beta Loan Servicers,2020-01-16,2024-05-24,Available,Legacy
L-101375,B-35518,Mortgage,2020-08-06,2030-06-15,486171.09,132411.29,0.1401,120,NE,Major Purchase,F,6 years,100k-150k,Charged Off,56,Gamma Collections,2020-10-21,2024-05-03,Available,Legacy
L-101376,B-66906,Student,2023-01-01,2022-01-01,41587.15,12510.93,0.0953,36,CT,Major Purchase,A,9 years,<50k,Closed,0,Alpha Servicing,2020-08-22,2024-05-21,Missing,Legacy
L-101377,B-29729,Student,2022-09-05,2025-08-20,205078.18,109805.62,0.034,36,CA,Medical Expenses,E,1 years,50k-100k,Late (31-120 days),67,Alpha Servicing,2025-02-16,2024-04-09,Pending,LendingWeb
L-101378,B-82550,Personal,2019-10-01,2022-09-15,108717.29,28047.48,0.0811,36,VT,Major Purchase,E,3 years,>150k,Closed,0,Alpha Servicing,2020-05-28,2024-07-02,Available,LendingWeb
L-101379,B-72986,Auto,2018-12-20,2048-07-15,62423.03,50033.56,0.1239,360,CT,Medical Expenses,F,9 years,<50k,Late (16-30 days),20,Delta Financial,2020-12-04,2024-01-06,Available,LendingWeb
L-101380,B-22060,Auto,2019-06-27,2049-01-20,426286.77,144621.69,0.0464,360,NY,Other,A,19 years,50k-100k,Default,152,Gamma Collections,2020-12-10,2024-07-10,Expired,OriginatePro
L-101381,B-89324,Auto,2020-09-05,2023-08-21,23567.07,14369.35,0.0662,36,DE,Other,D,3 years,100k-150k,Late (16-30 days),19,Beta Loan Servicers,2021-02-03,2024-06-10,Available,Legacy
L-101382,B-41125,Auto,2021-10-06,2026-09-10,169090.64,72501.28,0.1096,60,TX,Home Improvement,D,2 years,>150k,Charged Off,95,Gamma Collections,2022-10-16,2024-03-11,Missing,Manual
L-101383,B-50879,Auto,2018-01-09,2022-12-14,318333.31,103902.9,0.1165,60,CA,Other,D,18 years,100k-150k,Charged Off,165,Gamma Collections,2019-04-20,2024-07-20,Pending,OriginatePro
L-101384,B-17648,Auto,2022-02-21,2025-02-05,297469.3,179354.49,0.1177,36,NV,Major Purchase,C,12 years,50k-100k,Late (31-120 days),124,Gamma Collections,2024-09-15,2024-03-28,Missing,Manual
L-101385,B-93643,Auto,2023-02-10,2028-01-15,197909.56,40891.13,0.1084,60,MT,Credit Card Refinancing,A,8 years,>150k,Closed,0,Alpha Servicing,2024-07-11,2024-01-22,Available,Legacy
L-101386,B-48543,Personal,2019-04-01,2024-03-05,7521.35,5676.58,0.0911,60,NE,Home Improvement,C,1 years,>150k,Closed,0,Alpha Servicing,2021-10-14,2024-01-01,Expired,Manual
L-101387,B-80974,Auto,2021-01-18,2024-01-03,245501.43,129879.81,0.0309,36,NE,Home Improvement,B,16 years,<50k,Current,0,Gamma Collections,2023-07-28,2024-03-05,Missing,OriginatePro
L-101388,B-82379,Mortgage,2020-01-12,2024-12-16,280252.87,91678.22,0.0943,60,NM,Credit Card Refinancing,G,4 years,50k-100k,Late (31-120 days),186,Gamma Collections,2020-03-14,2024-01-09,Available,Legacy
L-101389,B-82645,Personal,2023-01-27,2026-01-11,117945.65,95763.08,0.0422,36,DE,Home Improvement,C,0 years,100k-150k,Late (16-30 days),21,Delta Financial,2025-10-02,2024-03-06,Missing,Legacy
L-101390,B-67236,Personal,2023-01-01,2022-01-01,478468.75,260870.56,0.0349,120,WI,Major Purchase,E,7 years,<50k,Late (16-30 days),30,Alpha Servicing,2021-10-14,2024-02-01,Pending,Legacy
L-101391,B-91534,Personal,2021-09-11,2026-08-16,154134.73,91033.75,0.1346,60,FL,Medical Expenses,G,3 years,100k-150k,Late (31-120 days),151,Delta Financial,2024-01-08,2023-01-01,Missing,Legacy
L-101392,B-32975,Auto,2023-09-20,2028-08-24,16173.55,4489.95,0.0713,60,OK,Other,F,0 years,50k-100k,Default,173,Alpha Servicing,2025-09-02,2024-03-04,Missing,Manual
L-101393,B-42844,Mortgage,2022-07-07,2025-06-21,162873.57,59537.94,0.0688,36,MN,Major Purchase,G,11 years,100k-150k,Fully Paid,0,Alpha Servicing,2024-02-14,2024-05-06,Available,Manual
L-101394,B-89002,Student,2018-07-20,2028-05-28,182846.62,40698.18,0.1029,120,OH,Major Purchase,A,12 years,<50k,Fully Paid,0,Alpha Servicing,2019-09-20,2024-06-14,Expired,OriginatePro
L-101395,B-40609,Student,2021-01-24,2030-12-03,224805.83,30255.5,0.0779,120,GA,Major Purchase,D,2 years,50k-100k,Default,200,Alpha Servicing,2021-12-26,2024-01-05,Pending,OriginatePro
L-101396,B-93233,Auto,2023-09-29,2033-08-07,101253.38,68681.05,0.1039,120,HI,Other,E,12 years,100k-150k,Late (31-120 days),108,Delta Financial,2025-12-29,2024-08-28,Missing,LendingWeb
L-101397,B-11199,Personal,2020-01-25,2024-12-29,373253.58,306352.84,0.0509,60,MD,Medical Expenses,A,1 years,100k-150k,Current,0,Delta Financial,2022-02-19,2024-03-10,Available,LendingWeb
L-101108,B-54827,Mortgage,2022-06-20,2025-06-04,167175.94,61926.86,0.085,36,PA,Debt Consolidation,D,5 years,>150k,Charged Off,127,Alpha Servicing,2023-01-02,2024-05-06,Pending,Manual
L-101399,B-18052,Mortgage,2020-05-22,2025-04-26,330293.69,197008.98,0.0706,60,RI,Credit Card Refinancing,C,5 years,50k-100k,Closed,0,Alpha Servicing,2021-05-16,2024-03-17,Expired,OriginatePro
L-101400,B-16041,Personal,2018-03-24,2023-02-26,304524.93,126027.03,0.1386,60,VT,Medical Expenses,E,2 years,>150k,Late (16-30 days),17,Delta Financial,2019-02-19,2024-03-20,Missing,OriginatePro
L-101401,B-13465,Personal,2018-12-23,2048-07-18,234685.31,197625.91,0.0512,360,DE,Credit Card Refinancing,F,7 years,50k-100k,Default,128,Beta Loan Servicers,2020-05-22,2024-01-13,Missing,OriginatePro
L-101402,B-56524,Auto,2020-06-01,2023-05-17,420305.75,239194.13,0.09,36,MD,Medical Expenses,G,11 years,<50k,Late (16-30 days),18,Alpha Servicing,2021-09-02,2024-02-22,Available,Legacy
L-101403,B-85557,Mortgage,2020-09-24,2025-08-29,189967.54,53296.22,0.1025,60,CO,Medical Expenses,A,0 years,<50k,Fully Paid,0,Alpha Servicing,2021-04-30,2024-06-14,Available,Manual
L-101404,B-29165,Mortgage,2021-10-26,2051-05-22,359193.33,230462.84,0.114,360,CA,Medical Expenses,F,11 years,100k-150k,Charged Off,110,Alpha Servicing,2023-12-09,2024-08-19,Missing,OriginatePro
L-101405,B-10061,Personal,2021-11-10,2026-10-15,72674.63,20891.5,0.1455,60,TN,Other,D,14 years,<50k,Late (31-120 days),115,Delta Financial,2022-10-02,2024-08-24,Pending,OriginatePro
L-101406,B-68187,Auto,2019-04-30,2029-03-08,472765.55,180688.63,0.1113,120,VT,Debt Consolidation,A,14 years,>150k,Default,138,Delta Financial,2020-05-12,2024-01-12,Missing,Manual
L-101407,B-94948,Student,2018-10-02,2023-09-06,18118.84,10153.78,0.0965,60,VT,Other,C,15 years,<50k,Default,200,Alpha Servicing,2021-01-25,2024-01-05,Missing,OriginatePro
L-101408,B-19076,Auto,2022-05-20,2051-12-14,314901.47,202734.24,0.083,360,MO,Other,G,15 years,>150k,Late (16-30 days),21,Beta Loan Servicers,2022-11-04,2024-03-07,Expired,Legacy
L-101409,B-80667,Personal,2019-09-29,2022-09-13,435157.33,175299.06,0.1063,36,WA,Credit Card Refinancing,F,16 years,100k-150k,Default,87,Delta Financial,2020-01-22,2024-02-10,Missing,LendingWeb
L-101410,B-35239,Auto,2018-06-14,2021-05-29,469785.06,138996.7,0.1296,36,WY,Home Improvement,E,17 years,50k-100k,Closed,0,Beta Loan Servicers,2020-07-02,2024-02-07,Missing,LendingWeb
L-101411,B-67324,Personal,2023-08-20,2053-03-15,193094.76,51547.31,0.1465,360,WI,Medical Expenses,F,8 years,<50k,Default,199,Beta Loan Servicers,2025-12-17,2024-08-14,Pending,Legacy
L-101412,B-54672,Mortgage,2023-11-16,2028-10-20,25415.84,4541.54,0.063,60,AK,Major Purchase,G,11 years,50k-100k,Fully Paid,0,Delta Financial,2025-01-21,2024-05-06,Expired,Manual
L-101413,B-38878,Personal,2018-09-18,2023-08-23,246486.62,220541.08,0.0679,60,MN,Home Improvement,G,7 years,>150k,Closed,0,Gamma Collections,2020-09-05,2024-07-11,Expired,Manual
L-101414,B-63835,Personal,2023-12-07,2053-07-02,258098.1,147359.68,0.0492,360,LA,Medical Expenses,C,11 years,<50k,Current,0,Gamma Collections,2025-02-25,2024-03-11,Available,Manual
L-101415,B-85837,Mortgage,2022-09-12,2032-07-21,194623.37,164076.73,0.133,120,GA,Other,A,13 years,50k-100k,Closed,0,Delta Financial,2025-03-26,2024-07-23,Expired,OriginatePro
L-101416,B-88286,Mortgage,2021-08-01,2024-07-16,308875.03,175269.72,0.0559,36,UT,Credit Card Refinancing,G,4 years,<50k,Late (16-30 days),25,Alpha Servicing,2022-07-05,2024-07-28,Pending,Legacy
L-101417,B-34385,Mortgage,2020-03-13,2030-01-20,447024.89,209733.02,0.1481,120,VT,Other,F,0 years,100k-150k,Late (31-120 days),157,Delta Financial,2022-09-07,2024-03-12,Available,LendingWeb
L-101418,B-95909,Auto,2023-02-23,2026-02-07,105787.84,65565.62,0.0936,36,CO,Credit Card Refinancing,D,17 years,50k-100k,Closed,0,Beta Loan Servicers,2023-10-08,2024-08-21,Missing,Legacy
L-101419,B-84368,Personal,2021-07-21,2024-07-05,360295.03,149798.43,0.078,36,WA,Major Purchase,A,12 years,50k-100k,Default,192,Beta Loan Servicers,2023-07-08,2024-03-28,Expired,OriginatePro
L-101420,B-10569,Auto,2018-10-03,2023-09-07,442224.02,336246.38,0.0332,60,AR,Other,F,16 years,100k-150k,Charged Off,99,Beta Loan Servicers,2019-12-04,2024-05-25,Missing,OriginatePro
L-101421,B-37854,Student,2023-01-23,2052-08-18,16355.78,11972.22,0.05,360,VT,Medical Expenses,E,12 years,>150k,Fully Paid,0,Alpha Servicing,2025-02-05,2024-04-13,Available,LendingWeb
L-101422,B-93901,Personal,2021-03-17,2050-10-11,438970.5,254390.06,0.0329,360,MS,Major Purchase,C,18 years,<50k,Current,0,Beta Loan Servicers,2021-09-12,2024-05-20,Pending,Legacy
L-101423,B-83914,Mortgage,2022-03-13,2025-02-25,-1000.0,361770.35,0.135,36,CA,Debt Consolidation,C,9 years,>150k,Current,0,Delta Financial,2023-03-31,2024-01-18,Available,OriginatePro
L-101424,B-78671,Auto,2021-03-16,2031-01-23,320838.4,47805.21,0.0374,120,KS,Debt Consolidation,C,12 years,>150k,Charged Off,118,Alpha Servicing,2023-03-19,2024-04-27,Pending,OriginatePro
L-101425,B-78477,Auto,2021-01-29,2026-01-03,241269.35,112543.75,0.0723,60,AR,Home Improvement,A,19 years,<50k,Current,0,Delta Financial,2022-08-10,2024-06-13,Pending,Manual
L-101426,B-24416,Student,2023-01-21,2032-11-29,-1000.0,19884.96,0.103,120,GA,Major Purchase,G,3 years,>150k,Charged Off,165,Beta Loan Servicers,2024-06-29,2024-02-14,Available,Legacy
L-101427,B-57947,Student,2022-10-04,2052-04-29,60847.26,33770.24,0.0864,360,MO,Major Purchase,C,18 years,50k-100k,Fully Paid,0,Beta Loan Servicers,2023-04-15,2024-07-03,Expired,Legacy
L-101428,B-52054,Auto,2021-09-25,2026-08-30,190587.36,58027.51,0.1072,60,CA,Medical Expenses,C,13 years,100k-150k,Default,69,Gamma Collections,2022-07-04,2024-06-08,Missing,OriginatePro
L-101429,B-47000,Mortgage,2022-05-08,2051-12-02,331431.79,58136.94,0.1387,360,VT,Major Purchase,C,17 years,<50k,Current,0,Gamma Collections,2023-12-11,2024-05-14,Expired,Manual
L-101430,B-89266,Mortgage,2018-01-18,2022-12-23,8197.74,5992.17,0.0709,60,HI,Major Purchase,B,15 years,>150k,Default,182,Beta Loan Servicers,2018-11-05,2024-06-03,Pending,Legacy
L-101431,B-31575,Personal,2019-05-31,2029-04-08,471976.97,208224.57,0.1462,120,AL,Medical Expenses,D,6 years,<50k,Charged Off,175,Delta Financial,2019-11-05,2024-01-21,Expired,OriginatePro
L-101432,B-82819,Mortgage,2023-06-05,2052-12-29,237225.64,198292.9,0.144,360,DE,Debt Consolidation,G,16 years,100k-150k,Late (16-30 days),21,Beta Loan Servicers,2025-06-13,2024-08-21,Expired,OriginatePro
L-101433,B-10143,Auto,2018-02-05,2047-09-01,454163.01,98617.63,0.0358,360,GA,Other,G,8 years,50k-100k,Late (16-30 days),20,Gamma Collections,2019-07-20,2024-04-22,Available,LendingWeb
L-101434,B-96330,Student,2023-01-06,2052-08-01,51498.15,30653.49,0.1414,360,VA,Major Purchase,A,18 years,>150k,Current,0,Delta Financial,2024-02-13,2024-07-12,Expired,Manual
L-101435,B-69671,Student,2021-04-27,2024-04-11,305591.55,207418.29,0.0753,36,KS,Home Improvement,C,8 years,<50k,Current,0,Gamma Collections,2021-10-29,2024-03-27,Pending,OriginatePro
L-101436,B-98403,Student,2022-02-02,2027-01-07,391264.01,234490.15,0.1449,60,ID,Home Improvement,G,2 years,<50k,Closed,0,Gamma Collections,2022-11-08,2024-01-15,Available,LendingWeb
L-101437,B-47291,Student,2020-09-23,2050-04-19,29784.08,5695.14,0.0891,360,SD,Medical Expenses,A,2 years,100k-150k,Current,0,Alpha Servicing,2020-12-06,2024-02-13,Missing,Manual
L-101438,B-11168,Auto,2023-08-27,2026-08-11,71602.41,27131.53,0.0986,36,IN,Other,C,14 years,100k-150k,Charged Off,147,Beta Loan Servicers,2024-05-08,2024-06-10,Missing,LendingWeb
L-101439,B-74486,Auto,2020-02-05,2023-01-20,145425.58,61418.42,0.0984,36,KY,Major Purchase,B,16 years,>150k,Fully Paid,0,Delta Financial,2022-07-27,2024-05-22,Missing,OriginatePro
L-101440,B-13007,Mortgage,2019-01-11,2048-08-06,347873.27,262237.11,0.0789,360,MS,Home Improvement,G,16 years,50k-100k,Late (31-120 days),131,Gamma Collections,2019-11-07,2024-03-24,Expired,OriginatePro
L-101441,B-48023,Auto,2018-06-11,2021-05-26,346157.02,238055.63,0.1089,36,AK,Medical Expenses,D,1 years,<50k,Late (31-120 days),127,Alpha Servicing,2019-06-03,2024-02-19,Available,LendingWeb
L-101442,B-46674,Mortgage,2019-08-10,2049-03-05,439318.76,184740.35,0.1082,360,WA,Debt Consolidation,F,6 years,50k-100k,Late (31-120 days),138,Beta Loan Servicers,2020-10-03,2024-04-26,Available,Legacy
L-101443,B-17630,Auto,2018-06-04,2021-05-19,265530.06,152985.39,0.0582,36,OK,Major Purchase,E,3 years,<50k,Closed,0,Gamma Collections,2020-11-24,2024-01-06,Missing,LendingWeb
L-101444,B-46527,Auto,2021-10-04,2026-09-08,314371.68,44155.98,0.1188,60,AR,Credit Card Refinancing,F,7 years,>150k,Default,139,Alpha Servicing,2022-07-09,2024-07-13,Missing,Legacy
L-101445,B-77088,Auto,2019-07-29,2024-07-02,338817.66,150188.21,0.038,60,WI,Medical Expenses,C,14 years,100k-150k,Current,99,Delta Financial,2022-01-11,2024-01-28,Pending,OriginatePro
L-101446,B-19653,Auto,2018-05-29,2028-04-06,342035.92,293296.53,0.1109,120,WV,Home Improvement,A,19 years,>150k,Default,82,Delta Financial,2020-03-22,2024-05-05,Available,Legacy
L-101447,B-50425,Mortgage,2022-09-26,2027-08-31,239813.56,102293.31,0.1336,60,TN,Debt Consolidation,G,3 years,>150k,Closed,0,Delta Financial,2024-01-06,2024-08-23,Available,Manual
L-101448,B-72746,Student,2019-05-29,2024-05-02,207537.69,59968.02,0.0954,60,TX,Other,C,0 years,<50k,Fully Paid,0,Delta Financial,2021-12-14,2024-03-15,Expired,OriginatePro
L-101449,B-87610,Mortgage,2020-01-24,2049-08-19,218966.42,99647.8,0.1297,360,NC,Debt Consolidation,E,6 years,>150k,Fully Paid,0,Delta Financial,2020-05-20,2024-07-27,Pending,OriginatePro
L-101450,B-34544,Auto,2023-03-15,2033-01-21,292486.18,85835.92,0.0682,120,OH,Debt Consolidation,B,10 years,100k-150k,Charged Off,153,Delta Financial,2024-08-02,2024-03-14,Pending,Manual
L-101451,B-59831,Personal,2018-04-13,2023-03-18,456506.8,180542.05,0.119,60,AK,Credit Card Refinancing,A,2 years,100k-150k,Current,0,Delta Financial,2018-09-01,2024-07-11,Expired,OriginatePro
L-101452,B-84928,Auto,2019-07-24,2029-06-01,434364.27,165377.72,0.0411,120,OH,Major Purchase,A,20 years,<50k,Closed,0,Gamma Collections,2021-02-11,2024-07-02,Available,LendingWeb
L-101453,B-15713,Auto,2020-01-23,2029-12-01,138536.01,91877.75,0.0517,120,NH,Medical Expenses,G,15 years,100k-150k,Fully Paid,0,Delta Financial,2020-04-12,2024-04-21,Available,OriginatePro
L-101454,B-87286,Mortgage,2018-03-15,2021-02-27,55329.3,44360.31,0.0708,36,AL,Debt Consolidation,F,16 years,>150k,Closed,0,Alpha Servicing,2019-09-01,2024-05-06,Available,Manual
L-101455,B-96712,Personal,2019-09-04,2024-08-08,85215.22,66534.82,0.079,60,IN,Debt Consolidation,F,17 years,<50k,Default,74,Alpha Servicing,2019-10-17,2024-08-21,Missing,Legacy
L-101456,B-27839,Personal,2019-12-09,2049-07-04,327348.09,143633.67,0.0611,360,OR,Major Purchase,C,7 years,>150k,Closed,0,Gamma Collections,2020-02-02,2024-06-16,Available,LendingWeb
L-101457,B-49986,Student,2022-02-14,2051-09-10,340753.22,281684.93,0.0607,360,WA,Major Purchase,E,15 years,50k-100k,Late (31-120 days),196,Gamma Collections,2022-11-30,2024-06-08,Pending,LendingWeb
L-101458,B-18596,Personal,2022-04-09,2051-11-03,448680.11,394904.23,0.1095,360,NE,Credit Card Refinancing,G,16 years,50k-100k,Fully Paid,0,Gamma Collections,2023-10-09,2024-04-26,Pending,OriginatePro
L-101459,B-96684,Personal,2022-10-24,2027-09-28,428064.62,327769.08,0.0559,60,MT,Credit Card Refinancing,E,10 years,50k-100k,Late (16-30 days),16,Delta Financial,2024-03-21,2024-06-17,Expired,Legacy
L-101460,B-76570,Personal,2020-09-25,2025-08-30,387704.08,240514.36,0.1226,60,SC,Medical Expenses,B,20 years,100k-150k,Late (31-120 days),93,Delta Financial,2022-06-28,2024-06-28,Available,LendingWeb
L-101461,B-13116,Personal,2021-07-31,2024-07-15,183783.19,124344.91,0.1015,36,OH,Credit Card Refinancing,D,14 years,50k-100k,Fully Paid,0,Alpha Servicing,2021-10-21,2024-08-07,Pending,OriginatePro
L-101462,B-89103,Mortgage,2018-07-07,2048-01-31,226184.11,188126.97,0.0888,360,GA,Medical Expenses,C,8 years,100k-150k,Fully Paid,0,Alpha Servicing,2019-04-10,2024-01-03,Expired,OriginatePro
L-101463,B-53919,Personal,2019-03-27,2029-02-02,24033.52,4953.89,0.1137,120,AL,Credit Card Refinancing,C,0 years,50k-100k,Charged Off,55,Gamma Collections,2019-11-26,2024-06-08,Available,OriginatePro
L-101464,B-70816,Personal,2023-01-01,2022-01-01,376545.41,224553.77,0.1299,60,MI,Home Improvement,A,3 years,<50k,Late (16-30 days),19,Gamma Collections,2022-04-21,2024-01-09,Missing,Manual
L-101465,B-56919,Mortgage,2023-03-03,2033-01-09,78748.63,35224.65,0.1111,120,ID,Other,C,3 years,<50k,Charged Off,124,Delta Financial,2023-11-16,2024-04-18,Pending,LendingWeb
L-101466,B-48345,Personal,2018-11-25,2028-10-03,317800.77,141456.65,0.0349,120,RI,Other,A,18 years,50k-100k,Late (31-120 days),55,Alpha Servicing,2020-04-26,2024-05-12,Pending,LendingWeb
L-101467,B-99687,Mortgage,2023-02-02,2026-01-17,462284.12,200771.48,0.0869,36,OH,Debt Consolidation,D,14 years,50k-100k,Late (16-30 days),23,Gamma Collections,2024-04-01,2024-02-27,Missing,Legacy
L-101468,B-97529,Personal,2023-05-03,2033-03-11,481844.74,325396.23,0.1215,120,WV,Home Improvement,G,13 years,100k-150k,Current,0,Beta Loan Servicers,2025-07-12,2024-07-01,Pending,Legacy
L-101469,B-76999,Student,2022-05-26,2027-04-30,11987.23,7158.16,0.0371,60,OR,Home Improvement,A,19 years,>150k,Late (16-30 days),16,Beta Loan Servicers,2025-01-25,2024-06-03,Expired,Manual
L-101470,B-17774,Personal,2021-10-06,2024-09-20,357577.08,242037.8,0.1286,36,OH,Home Improvement,G,4 years,>150k,Default,89,Alpha Servicing,2024-07-02,2024-03-25,Missing,LendingWeb
L-101471,B-40035,Auto,2021-06-17,2031-04-26,425853.49,73400.62,0.065,120,GA,Debt Consolidation,B,11 years,50k-100k,Default,107,Gamma Collections,2021-09-02,2024-03-18,Missing,OriginatePro
L-101472,B-24033,Mortgage,2020-11-11,2025-10-16,238333.42,170095.45,0.083,60,NJ,Home Improvement,E,19 years,<50k,Current,0,Gamma Collections,2021-10-06,2024-01-24,Pending,LendingWeb
L-101473,B-35438,Auto,2023-11-06,2028-10-10,325213.89,97234.16,0.136,60,MS,Home Improvement,G,2 years,<50k,Fully Paid,0,Beta Loan Servicers,2025-10-16,2024-08-16,Available,Legacy
L-101474,B-52033,Auto,2022-07-30,2027-07-04,343243.37,65818.23,0.1108,60,NJ,Medical Expenses,B,12 years,100k-150k,Closed,0,Alpha Servicing,2025-03-17,2023-01-01,Missing,Legacy
L-101475,B-66015,Mortgage,2018-12-08,2021-11-22,366921.37,180282.2,0.1284,36,GA,Home Improvement,A,18 years,50k-100k,Default,176,Alpha Servicing,2021-03-22,2024-06-15,Missing,Manual
L-101476,B-67035,Student,2019-04-12,2022-03-27,182697.51,100831.49,0.1119,36,NY,Debt Consolidation,D,20 years,100k-150k,Late (31-120 days),183,Alpha Servicing,2020-05-28,2024-04-02,Pending,LendingWeb
L-101477,B-51654,Auto,2018-02-12,2023-01-17,7909.81,5702.11,0.0753,60,ND,Home Improvement,E,15 years,<50k,Late (16-30 days),27,Gamma Collections,2019-12-27,2024-06-02,Missing,LendingWeb
L-101478,B-75929,Student,2023-01-28,2052-08-23,28379.29,17562.79,0.0357,360,AL,Medical Expenses,G,6 years,100k-150k,Default,148,Gamma Collections,2023-12-28,2024-02-18,Missing,OriginatePro
L-101479,B-65569,Auto,2018-07-02,2021-06-16,444889.58,339932.83,0.1098,36,NH,Home Improvement,A,1 years,100k-150k,Current,0,Beta Loan Servicers,2019-04-08,2024-05-13,Available,Legacy
L-101480,B-81498,Personal,2019-10-17,2024-09-20,6446.39,1856.67,0.1089,60,HI,Credit Card Refinancing,G,7 years,50k-100k,Current,0,Beta Loan Servicers,2021-10-17,2024-02-25,Expired,Legacy
L-101481,B-93515,Student,2020-06-29,2050-01-23,421342.57,122209.24,0.0978,360,TX,Other,A,20 years,>150k,Late (16-30 days),27,Delta Financial,2022-04-04,2024-01-15,Pending,Manual
L-101482,B-66152,Student,2020-01-25,2023-01-09,26157.16,10014.81,0.0397,36,VT,Other,A,1 years,>150k,Current,117,Delta Financial,2020-06-19,2024-07-08,Pending,LendingWeb
L-101483,B-13615,Personal,2019-03-03,2024-02-05,112262.34,11802.79,0.0746,60,WI,Debt Consolidation,G,18 years,<50k,Charged Off,98,Gamma Collections,2020-04-06,2024-05-12,Expired,Manual
L-101484,B-28581,Student,2021-11-10,2031-09-19,197795.23,37958.28,0.0523,120,NV,Major Purchase,A,7 years,>150k,Default,60,Delta Financial,2024-01-17,2024-03-28,Expired,OriginatePro
L-101485,B-86631,Personal,2022-06-30,2025-06-14,71563.65,30155.49,0.1295,36,WY,Major Purchase,E,7 years,<50k,Late (31-120 days),124,Delta Financial,2023-02-27,2024-08-04,Missing,Manual
L-101486,B-47551,Auto,2019-11-11,2024-10-15,112620.63,70300.21,0.1161,60,ME,Other,D,2 years,100k-150k,Late (31-120 days),131,Delta Financial,2020-06-08,2024-08-14,Missing,OriginatePro
L-101487,B-10111,Personal,2019-03-29,2022-03-13,403740.33,174769.81,0.0416,36,MD,Home Improvement,F,3 years,100k-150k,Late (16-30 days),20,Beta Loan Servicers,2019-08-21,2024-07-18,Expired,OriginatePro
L-101488,B-64481,Personal,2023-05-17,2026-05-01,421650.86,173146.08,0.0753,36,OR,Major Purchase,E,16 years,>150k,Current,0,Beta Loan Servicers,2024-07-06,2024-04-01,Available,LendingWeb
L-101489,B-80947,Mortgage,2023-06-16,2028-05-20,203774.46,57385.04,0.1312,60,WI,Credit Card Refinancing,E,5 years,50k-100k,Closed,0,Alpha Servicing,2025-05-23,2024-03-16,Available,Manual
L-101490,B-53231,Mortgage,2021-02-21,2024-02-06,26622.1,8289.53,0.0753,36,UT,Home Improvement,E,3 years,<50k,Charged Off,146,Beta Loan Servicers,2021-08-01,2024-03-09,Expired,Legacy
L-101491,B-77973,Mortgage,2018-03-25,2021-03-09,270554.41,5000.0,0.1,36,MT,Other,A,15 years,100k-150k,Closed,0,Delta Financial,2019-10-14,2024-05-27,Expired,LendingWeb
L-101492,B-86236,Student,2018-08-21,2028-06-29,84808.81,67389.0,0.0428,120,DE,Debt Consolidation,C,17 years,>150k,Closed,0,Gamma Collections,2019-11-21,2024-06-17,Available,Legacy
L-101493,B-11233,Student,2018-11-12,2048-06-07,109573.36,81153.42,0.1325,360,VA,Credit Card Refinancing,D,7 years,<50k,Default,82,Alpha Servicing,2019-06-02,2024-08-12,Pending,Manual
L-101494,B-99999,Student,2024-01-01,2048-09-23,300358.33,176322.94,0.0562,360,OK,Medical Expenses,A,2 years,50k-100k,Charged Off,182,Alpha Servicing,2020-05-04,2024-03-23,Available,Legacy
L-101495,B-37155,Auto,2023-08-09,2026-07-24,215879.03,106860.4,0.0526,36,UT,Other,B,3 years,>150k,Late (16-30 days),28,Beta Loan Servicers,2024-11-12,2024-02-26,Missing,Legacy
L-101496,B-71630,Personal,2021-01-01,2023-12-17,378384.92,51584.15,0.1127,36,AR,Home Improvement,D,5 years,100k-150k,Fully Paid,0,Gamma Collections,2022-02-15,2024-06-17,Missing,LendingWeb
L-101497,B-65194,Mortgage,2019-05-22,2024-04-25,243505.4,78594.13,0.1179,60,RI,Other,B,4 years,100k-150k,Closed,0,Gamma Collections,2019-10-07,2024-08-26,Pending,Legacy
L-101498,B-88669,Mortgage,2021-08-14,2024-07-29,316528.39,245130.41,0.1384,36,KY,Major Purchase,G,13 years,50k-100k,Current,0,Beta Loan Servicers,2023-09-06,2024-04-13,Available,Legacy
L-101499,B-81041,Student,2020-08-13,2030-06-22,182213.71,32458.51,0.0549,120,WY,Medical Expenses,C,10 years,50k-100k,Current,0,Gamma Collections,2021-10-15,2024-04-25,,OriginatePro
L-101500,B-11137,Student,2022-06-27,2032-05-05,388709.19,232218.72,0.1081,120,NV,Other,F,9 years,100k-150k,Closed,0,Delta Financial,2022-12-12,2024-05-24,Available,OriginatePro
L-101501,B-24104,Student,2023-06-04,2028-05-08,167667.91,143618.7,0.1411,60,XX,Major Purchase,E,2 years,<50k,Late (16-30 days),19,Delta Financial,2024-01-16,2024-07-15,Available,Manual
L-101502,B-27836,Auto,2023-05-16,2028-04-19,354773.15,312092.8,0.1148,60,ID,Credit Card Refinancing,B,20 years,50k-100k,Fully Paid,0,Beta Loan Servicers,2025-07-06,2024-05-04,Missing,Legacy
L-100572,B-63974,Mortgage,2020-01-28,2025-01-01,219770.35,76223.59,0.0317,60,OH,Debt Consolidation,F,9 years,100k-150k,Late (31-120 days),74,Gamma Collections,2022-04-16,2024-05-05,Available,OriginatePro
L-101504,B-46636,Mortgage,2022-02-15,2025-01-30,350364.8,121268.36,0.0794,36,VT,Debt Consolidation,A,16 years,>150k,Fully Paid,0,Alpha Servicing,2023-02-24,2024-07-09,Available,LendingWeb
L-101505,B-23506,Personal,2023-07-21,2033-05-29,100240.73,53260.04,0.1148,120,IL,Major Purchase,A,10 years,100k-150k,Closed,0,Beta Loan Servicers,2024-06-22,2024-06-03,Available,OriginatePro
L-101506,B-60533,Auto,2018-10-17,2021-10-01,-1000.0,114652.11,0.0683,36,LA,Home Improvement,F,18 years,50k-100k,Current,0,Beta Loan Servicers,2019-07-21,2024-08-13,Expired,Manual
L-101507,B-86426,Student,2019-12-11,2024-11-14,287074.46,82385.24,0.0945,60,CO,Medical Expenses,C,2 years,<50k,Fully Paid,0,Beta Loan Servicers,2021-09-24,2024-01-27,Missing,LendingWeb
L-101508,B-26622,Personal,2019-09-02,2029-07-11,6089.3,2677.54,0.0513,120,WV,Home Improvement,C,13 years,50k-100k,Late (16-30 days),28,Gamma Collections,2021-08-22,2023-01-01,Pending,OriginatePro
L-101509,B-71949,Personal,2019-02-24,2048-09-19,220909.1,130299.97,0.1178,360,NC,Major Purchase,G,11 years,100k-150k,Late (16-30 days),20,Beta Loan Servicers,2021-04-08,2024-03-13,Missing,LendingWeb
L-101510,B-55026,Auto,2023-01-17,2032-11-25,106080.2,80297.83,0.0326,120,MN,Home Improvement,G,17 years,100k-150k,Charged Off,100,Delta Financial,2025-06-28,2024-01-08,Expired,Manual
L-101511,B-47143,Personal,2020-05-08,2030-03-17,302465.16,233383.78,0.0864,120,MI,Debt Consolidation,C,14 years,<50k,Closed,0,Beta Loan Servicers,2020-06-11,2024-01-25,Pending,LendingWeb
L-101512,B-27874,Student,2020-05-19,2030-03-28,493047.77,341020.19,0.1033,120,MT,Other,D,16 years,>150k,Default,146,Gamma Collections,2021-09-28,2024-01-14,Available,Manual
L-101513,B-94210,Auto,2022-11-10,2025-10-25,47076.75,14532.11,0.0828,36,CO,Debt Consolidation,A,6 years,100k-150k,Closed,0,Delta Financial,2023-03-25,2024-06-13,Expired,LendingWeb
L-101514,B-64897,Student,2021-08-27,2024-08-11,328046.52,52900.41,0.1174,36,NV,Debt Consolidation,F,3 years,>150k,Default,200,Gamma Collections,2022-06-20,2024-03-07,Pending,OriginatePro
L-101515,B-58226,Student,2023-10-20,2033-08-28,14230.04,12538.43,0.1412,120,MA,Debt Consolidation,F,10 years,>150k,Default,178,Beta Loan Servicers,2025-03-29,2024-06-10,Available,OriginatePro
L-101516,B-44641,Mortgage,2022-11-16,2025-10-31,238456.29,157954.96,0.1005,36,MI,Major Purchase,A,9 years,<50k,Closed,0,Beta Loan Servicers,2023-11-19,2024-01-28,Missing,LendingWeb
L-101517,B-74291,Student,2019-12-08,2049-07-03,437899.47,149185.17,0.1491,360,CA,Other,D,7 years,100k-150k,Charged Off,93,Delta Financial,2022-06-05,2024-01-22,Expired,OriginatePro
L-101518,B-52346,Personal,2020-06-23,2023-06-08,361444.76,60601.31,0.1224,36,WI,Home Improvement,D,17 years,>150k,Charged Off,116,Alpha Servicing,2022-10-26,2024-04-01,Pending,LendingWeb
L-101519,B-29323,Student,2023-02-26,2033-01-04,264469.53,187030.03,0.0359,120,IN,Major Purchase,C,13 years,50k-100k,Current,0,Beta Loan Servicers,2025-05-01,2024-07-07,Pending,LendingWeb
L-101520,B-99129,Personal,2020-05-15,2030-03-24,204468.34,148179.52,0.0753,120,WV,Other,B,7 years,<50k,Charged Off,49,Beta Loan Servicers,2020-12-31,2024-04-12,Expired,Manual
L-101521,B-21636,Student,2018-07-15,2048-02-08,441983.69,340574.41,0.1363,360,MD,Credit Card Refinancing,G,11 years,>150k,Default,140,Beta Loan Servicers,2020-07-05,2024-07-05,Expired,OriginatePro
L-101522,B-61434,Student,2021-07-06,2024-06-20,257172.92,211237.48,0.0965,36,RI,Major Purchase,G,15 years,100k-150k,Closed,0,Delta Financial,2023-10-05,2024-06-20,Pending,LendingWeb
L-101523,B-95205,Mortgage,2021-03-14,2031-01-21,73476.98,28164.7,0.0528,120,WV,Major Purchase,G,8 years,<50k,Closed,0,Beta Loan Servicers,2022-08-13,2024-07-15,Expired,Manual
L-101524,B-46882,Auto,2020-12-22,2025-11-26,16151.06,12812.01,0.0806,60,MN,Debt Consolidation,C,19 years,>150k,Late (31-120 days),82,Gamma Collections,2021-04-21,2024-02-11,Expired,OriginatePro
L-101525,B-95424,Mortgage,2018-09-01,2021-08-16,395439.35,243068.57,0.0356,36,LA,Other,A,13 years,100k-150k,Default,122,Beta Loan Servicers,2019-06-05,2024-05-24,Pending,LendingWeb
L-101526,B-42003,Personal,2022-09-28,2032-08-06,126770.89,109411.5,0.1397,120,UT,Home Improvement,D,13 years,<50k,Fully Paid,0,Alpha Servicing,2025-03-28,2024-01-09,Expired,Legacy
L-101527,B-84792,Auto,2018-10-15,2021-09-29,369128.08,277564.46,0.1002,36,WI,Other,C,13 years,<50k,Current,0,Delta Financial,2021-03-16,2024-06-03,Available,Legacy
L-101528,B-99502,Personal,2023-08-20,2028-07-24,375693.5,172164.4,0.1415,60,MT,Major Purchase,A,9 years,100k-150k,Default,145,Delta Financial,2026-04-21,2024-02-17,Expired,Manual
L-101529,B-97677,Auto,2021-02-23,2050-09-19,367873.44,157923.28,0.1105,360,MO,Medical Expenses,B,19 years,<50k,Fully Paid,0,Gamma Collections,2023-03-24,2024-03-12,Expired,LendingWeb
L-101530,B-88695,Personal,2018-03-10,2021-02-22,141732.06,32776.53,0.0579,36,IA,Debt Consolidation,F,5 years,50k-100k,Default,139,Gamma Collections,2020-08-31,2024-01-11,Pending,Manual
L-101531,B-99182,Mortgage,2022-09-26,2027-08-31,457739.76,70340.08,0.0366,60,CA,Home Improvement,A,17 years,>150k,Default,39,Gamma Collections,2024-03-05,2024-05-15,Missing,OriginatePro
L-101532,B-82320,Auto,2020-11-03,2050-05-30,367950.01,184075.89,0.0501,360,NJ,Credit Card Refinancing,G,9 years,50k-100k,Current,0,Beta Loan Servicers,2021-11-03,2024-05-10,Available,Legacy
L-101533,B-98106,Mortgage,2020-07-14,2050-02-07,324344.15,249953.28,0.1491,360,OH,Other,F,13 years,>150k,Late (31-120 days),158,Delta Financial,2021-06-18,2024-02-07,Available,OriginatePro
L-101534,B-58033,Auto,2023-09-02,2028-08-06,9288.03,3569.14,0.0749,60,LA,Major Purchase,G,10 years,<50k,Late (31-120 days),84,Gamma Collections,2025-07-16,2024-03-23,Available,Manual
L-101535,B-82139,Personal,2021-11-08,2024-10-23,405378.73,209990.88,0.1147,36,UT,Debt Consolidation,B,17 years,>150k,Late (31-120 days),123,Alpha Servicing,2022-12-28,2024-08-12,Missing,OriginatePro
L-101536,B-80521,Mortgage,2019-02-02,2024-01-07,158969.25,112830.6,0.0986,60,OK,Other,G,1 years,<50k,Late (16-30 days),24,Alpha Servicing,2021-06-19,2024-05-28,Expired,OriginatePro
L-101537,B-43962,Mortgage,2019-12-10,2029-10-18,457790.31,83426.37,0.103,120,MS,Medical Expenses,D,7 years,<50k,Closed,0,Alpha Servicing,2020-07-04,2024-02-17,Pending,OriginatePro
L-101538,B-71889,Mortgage,2021-04-24,2024-04-08,495122.39,-500.0,0.0782,36,IL,Home Improvement,A,10 years,100k-150k,Late (31-120 days),81,Alpha Servicing,2021-07-27,2024-06-08,Available,OriginatePro
L-101539,B-17718,Personal,2021-04-30,2024-04-14,227641.22,119798.27,0.1106,36,CT,Debt Consolidation,E,13 years,100k-150k,Charged Off,171,Gamma Collections,2023-04-09,2024-06-11,Expired,Manual
L-101540,B-66643,Mortgage,2023-01-01,2022-01-01,494036.9,169385.82,0.124,120,WV,Home Improvement,E,18 years,<50k,Late (16-30 days),22,Gamma Collections,2022-06-19,2024-03-02,Expired,LendingWeb
L-101541,B-99710,Auto,2019-02-26,2022-02-10,212578.75,39053.53,0.1134,36,MO,Other,D,19 years,<50k,Current,0,Alpha Servicing,2021-09-29,2024-03-06,Pending,OriginatePro
L-100198,B-26187,Student,2019-08-03,2049-02-26,412992.28,346931.76,0.0482,360,CO,Other,G,15 years,100k-150k,Fully Paid,0,Delta Financial,2020-02-23,2024-07-27,Expired,OriginatePro
L-101543,B-13994,Mortgage,2021-01-14,2050-08-10,288602.93,244134.69,0.0404,360,AL,Debt Consolidation,C,18 years,50k-100k,Late (16-30 days),26,Gamma Collections,2022-07-02,2024-03-25,Missing,Manual
L-101544,B-16443,Mortgage,2019-10-09,2024-09-12,20100.24,17449.63,0.1093,60,LA,Medical Expenses,C,19 years,>150k,Fully Paid,0,Beta Loan Servicers,2020-07-25,2024-04-18,Expired,Legacy
L-101545,B-28972,Personal,2018-12-28,2028-11-05,170665.17,140077.54,0.1274,120,MI,Other,E,20 years,<50k,Fully Paid,0,Beta Loan Servicers,2021-08-19,2024-07-01,Expired,Legacy
L-101546,B-47753,Auto,2019-12-12,2024-11-15,134762.97,58595.91,0.073,60,MD,Major Purchase,C,14 years,>150k,Fully Paid,0,Gamma Collections,2020-02-22,2024-01-09,Available,LendingWeb
L-101547,B-67101,Student,2020-11-29,2025-11-03,22462.19,18429.42,0.0695,60,MN,Major Purchase,G,4 years,50k-100k,Charged Off,174,Delta Financial,2022-06-25,2024-08-24,Expired,LendingWeb
L-101548,B-65780,Mortgage,2018-10-31,2023-10-05,197729.65,171468.24,0.08,60,FL,Home Improvement,G,18 years,<50k,Current,0,Alpha Servicing,2021-02-25,2024-04-18,Expired,Legacy
L-101549,B-46627,Student,2021-02-08,2050-09-04,451762.64,73959.51,0.0993,360,AL,Home Improvement,E,0 years,50k-100k,Late (31-120 days),62,Gamma Collections,2023-08-04,2024-06-24,Missing,OriginatePro
L-101550,B-84650,Personal,2021-06-15,2024-05-30,296615.06,208457.65,0.0612,36,OR,Other,A,11 years,50k-100k,Late (31-120 days),143,Beta Loan Servicers,2023-02-09,2024-04-19,Pending,Legacy
L-101551,B-63587,Student,2020-05-30,2023-05-15,410936.37,150034.89,0.0565,36,TX,Other,D,15 years,<50k,Closed,0,Gamma Collections,2022-12-01,2024-07-27,Expired,LendingWeb
L-101552,B-59807,Mortgage,2019-11-15,2029-09-23,388277.69,330583.06,0.0942,120,ID,Home Improvement,E,5 years,<50k,Closed,0,Alpha Servicing,2021-06-06,2024-04-05,Missing,LendingWeb
L-101553,B-37481,Auto,2022-11-25,2032-10-03,216411.49,147591.44,0.1118,120,NV,Major Purchase,D,20 years,>150k,Charged Off,35,Delta Financial,2023-10-06,2024-06-26,Missing,Manual
L-101554,B-45232,Personal,2021-08-26,2051-03-22,170687.86,27903.97,0.0729,360,IL,Debt Consolidation,D,10 years,100k-150k,Fully Paid,0,Gamma Collections,2023-06-01,2024-03-17,Expired,LendingWeb
L-101555,B-80444,Student,2021-02-06,2024-01-22,483649.15,73270.92,0.1063,36,ND,Major Purchase,F,5 years,>150k,Default,113,Alpha Servicing,2023-07-15,2024-02-26,Expired,Manual
L-101556,B-43708,Personal,2020-07-06,2030-05-15,308498.63,118609.75,0.0682,120,WY,Credit Card Refinancing,G,20 years,>150k,Late (31-120 days),59,Delta Financial,2021-10-30,2024-07-08,Available,Legacy
L-101557,B-84150,Mortgage,2021-12-08,2026-11-12,35207.65,6626.28,0.1241,60,AZ,Debt Consolidation,G,10 years,>150k,Fully Paid,0,Beta Loan Servicers,2022-07-02,2024-05-05,Missing,LendingWeb
L-101558,B-80968,Mortgage,2021-06-04,2026-05-09,242400.69,103788.18,0.0359,60,SD,Medical Expenses,G,8 years,>150k,Fully Paid,0,Alpha Servicing,2021-09-26,2024-01-09,Available,OriginatePro
L-101559,B-35760,Personal,2018-01-21,2021-01-05,420060.15,154126.42,0.0563,36,WV,Home Improvement,C,16 years,>150k,Default,155,Alpha Servicing,2020-09-27,2024-06-11,Pending,LendingWeb
L-101560,B-64634,Auto,2021-11-14,2026-10-19,294956.42,240093.64,0.0349,60,NV,Major Purchase,G,8 years,>150k,Fully Paid,0,Beta Loan Servicers,2023-05-05,2024-03-02,Pending,OriginatePro
L-101561,B-61784,Personal,2018-09-15,2021-08-30,301653.9,67125.72,0.0937,36,MN,Major Purchase,D,20 years,50k-100k,Closed,0,Gamma Collections,2020-11-08,2024-01-06,Available,LendingWeb
L-101562,B-52071,Mortgage,2020-10-04,2023-09-19,338420.92,156753.52,0.135,36,OK,Home Improvement,A,5 years,>150k,Late (16-30 days),22,Gamma Collections,2021-06-13,2024-06-13,Expired,LendingWeb
L-101563,B-47823,Student,2018-01-11,2047-08-07,282783.44,204002.58,0.0327,360,NM,Credit Card Refinancing,A,18 years,<50k,Charged Off,160,Alpha Servicing,2019-05-23,2024-08-12,Pending,Legacy
L-101564,B-30077,Personal,2021-05-09,2024-04-23,397765.4,231981.66,0.0498,36,IN,Other,A,13 years,100k-150k,Charged Off,169,Beta Loan Servicers,2022-11-22,2024-04-17,Pending,Manual
L-101565,B-45666,Student,2022-12-28,2052-07-23,178499.96,129252.82,0.0999,360,AZ,Major Purchase,A,11 years,100k-150k,Late (31-120 days),187,Gamma Collections,2024-11-21,2024-04-21,Pending,OriginatePro
L-101566,B-66611,Student,2023-07-11,2026-06-25,171461.38,73457.79,0.0976,36,GA,Other,A,18 years,100k-150k,Closed,0,Alpha Servicing,2024-12-20,2024-07-23,Missing,LendingWeb
L-101567,B-24752,Personal,2020-05-12,2030-03-21,298902.47,141469.63,0.1493,120,TX,Debt Consolidation,A,3 years,100k-150k,Fully Paid,0,Gamma Collections,2021-09-27,2024-08-28,Missing,LendingWeb
L-101568,B-90551,Personal,2020-09-11,2023-08-27,410230.36,257382.86,0.1133,36,NM,Home Improvement,B,11 years,100k-150k,Default,159,Gamma Collections,2021-11-25,2024-05-04,Missing,LendingWeb
L-101569,B-45437,Student,2021-06-19,2024-06-03,199786.42,72530.3,0.1078,36,NJ,Home Improvement,E,10 years,50k-100k,Late (16-30 days),29,Beta Loan Servicers,2023-01-19,2024-06-12,Pending,Legacy
L-101570,B-98362,Personal,2023-06-14,2033-04-22,417267.86,162609.41,0.0902,120,TN,Major Purchase,D,1 years,50k-100k,Closed,0,Gamma Collections,2025-04-17,2024-02-25,Missing,Manual
L-101571,B-31973,Mortgage,2020-05-24,2030-04-02,224799.6,76536.71,0.0858,120,KY,Major Purchase,G,18 years,>150k,Fully Paid,0,Alpha Servicing,2021-03-10,2024-08-22,Expired,OriginatePro
L-101572,B-48121,Auto,2021-12-01,2031-10-10,288093.29,258061.06,0.0922,120,IN,Major Purchase,C,11 years,>150k,Current,0,Alpha Servicing,2023-04-17,2024-01-07,Expired,Legacy
L-101573,B-12529,Auto,2023-02-28,2033-01-06,309808.47,38723.53,0.1316,120,WI,Debt Consolidation,D,1 years,>150k,Default,177,Gamma Collections,2024-11-07,2024-01-16,Expired,OriginatePro
L-101574,B-79337,Personal,2021-07-09,2024-06-23,201944.89,133870.98,0.0432,36,MS,Medical Expenses,G,7 years,>150k,Default,133,Beta Loan Servicers,2022-08-04,2024-04-26,Expired,Manual
L-101575,B-41477,Personal,2021-12-29,2051-07-25,27510.34,4022.96,0.0454,360,OH,Medical Expenses,B,8 years,<50k,Late (16-30 days),19,Gamma Collections,2024-05-16,2024-02-25,Missing,Legacy
L-101576,B-19753,Personal,2020-02-16,2023-01-31,303782.5,251720.39,0.0672,36,NY,Other,C,19 years,50k-100k,Default,134,Beta Loan Servicers,2021-02-01,2024-08-23,Expired,Manual
L-101577,B-18199,Personal,2023-11-01,2026-10-16,102028.52,72860.11,0.1468,36,TX,Debt Consolidation,F,1 years,>150k,Fully Paid,0,Beta Loan Servicers,2026-03-03,2024-06-25,Expired,LendingWeb
L-101578,B-83494,Mortgage,2022-05-16,2025-04-30,259264.75,228009.75,0.0711,36,TX,Major Purchase,B,15 years,100k-150k,Fully Paid,0,Alpha Servicing,2022-11-06,2024-07-14,Available,Legacy
L-101579,B-26548,Mortgage,2020-03-14,2025-02-16,42401.62,25496.03,0.05,60,HI,Major Purchase,A,3 years,>150k,Closed,0,Beta Loan Servicers,2022-08-24,2024-06-26,Pending,Manual
L-101580,B-51742,Student,2020-12-17,2030-10-26,191883.48,76339.16,0.0558,120,MS,Other,G,10 years,100k-150k,Late (31-120 days),50,Alpha Servicing,2022-07-03,2024-02-26,Pending,Legacy
L-101581,B-38027,Student,2023-01-18,2027-12-23,258048.65,29580.7,0.0706,60,AR,Home Improvement,E,20 years,<50k,Fully Paid,0,Beta Loan Servicers,2024-05-17,2024-07-17,Pending,Legacy
L-101582,B-80393,Personal,2023-07-28,2026-07-12,133784.54,85168.38,0.0499,36,CA,Credit Card Refinancing,F,16 years,50k-100k,Late (16-30 days),19,Gamma Collections,2024-05-26,2024-01-04,Available,OriginatePro
L-101583,B-68053,Mortgage,2020-04-28,2049-11-22,10651.87,1078.99,0.0878,360,WY,Major Purchase,C,14 years,>150k,Current,0,Alpha Servicing,2021-08-02,2024-08-14,Available,OriginatePro
L-101584,B-70952,Student,2019-08-15,2029-06-23,6278.91,2742.97,-0.018902632313825475,120,CA,Other,D,5 years,<50k,Default,68,Alpha Servicing,2020-06-28,2024-07-18,Available,LendingWeb
L-101585,B-23497,Student,2020-06-29,2023-06-14,116963.16,89089.45,0.0494,36,MD,Other,C,12 years,100k-150k,Charged Off,140,Delta Financial,2021-05-30,2024-02-19,Available,Manual
L-101586,B-14850,Personal,2020-08-02,2023-07-18,196517.32,162987.18,0.1255,36,OR,Debt Consolidation,E,15 years,<50k,Late (16-30 days),20,Beta Loan Servicers,2021-08-11,2024-02-23,Expired,Legacy
L-101587,B-26172,Auto,2022-03-11,2025-02-23,97974.96,87665.65,0.0471,36,MT,Major Purchase,A,14 years,100k-150k,Late (16-30 days),17,Gamma Collections,2024-11-09,2024-04-03,Missing,Manual
L-101588,B-28159,Personal,2019-12-05,2049-06-30,398965.7,84770.85,0.0436,360,OR,Other,G,0 years,>150k,Current,102,Alpha Servicing,2020-05-27,2024-04-07,Pending,OriginatePro
L-101589,B-75992,Personal,2020-02-26,2023-02-10,7109.56,2770.38,-0.03014734354084438,36,MA,Debt Consolidation,D,9 years,100k-150k,Late (31-120 days),127,Beta Loan Servicers,2022-05-26,2024-06-04,Available,OriginatePro
L-101590,B-20680,Personal,2018-07-12,2021-06-26,79518.2,42499.6,0.0527,36,OR,Credit Card Refinancing,C,16 years,>150k,Charged Off,179,Alpha Servicing,2021-03-22,2024-04-11,Expired,Legacy
L-101591,B-74589,Student,2018-11-30,2048-06-25,351133.14,89116.35,0.0714,360,NC,Major Purchase,A,18 years,100k-150k,Current,0,Beta Loan Servicers,2019-09-15,2024-07-01,Pending,Legacy
L-101592,B-61401,Personal,2020-08-07,2030-06-16,108372.78,49696.99,0.097,120,DE,Medical Expenses,D,12 years,>150k,Default,142,Alpha Servicing,2020-09-15,2024-07-09,Missing,LendingWeb
L-101593,B-52545,Student,2020-08-13,2023-07-29,321331.11,153575.48,0.0584,36,IA,Home Improvement,B,8 years,>150k,Fully Paid,0,Delta Financial,2021-08-19,2024-08-09,Pending,Legacy
L-101594,B-10042,Personal,2021-02-24,2024-02-09,295391.09,195173.05,0.148,36,WA,Home Improvement,G,3 years,<50k,Late (31-120 days),130,Alpha Servicing,2023-08-20,2024-06-28,Pending,OriginatePro
L-101595,B-73392,Auto,2023-02-07,2032-12-16,409726.08,276358.29,0.0659,120,NM,Major Purchase,G,3 years,<50k,Current,0,Alpha Servicing,2024-07-16,2024-08-13,Pending,Manual
L-101596,B-57455,Personal,2021-12-09,2051-07-05,174003.15,38260.93,0.0978,360,NJ,Home Improvement,B,12 years,50k-100k,Late (31-120 days),160,Gamma Collections,2022-10-09,2024-01-25,Missing,Legacy
L-101597,B-89803,Personal,2022-04-07,2032-02-14,372113.28,40607.32,0.0821,120,WA,Medical Expenses,F,19 years,50k-100k,Closed,0,Delta Financial,2022-07-15,2024-04-17,Missing,Manual
L-101598,B-81809,Student,2018-05-19,2047-12-13,442160.21,359165.2,-0.036343460840632086,360,MS,Major Purchase,A,20 years,50k-100k,Charged Off,175,Delta Financial,2018-11-12,2024-07-08,Expired,Manual
L-101599,B-87235,Mortgage,2022-12-24,2025-12-08,336689.58,56671.32,0.1436,36,WI,Home Improvement,C,3 years,50k-100k,Charged Off,183,Delta Financial,2023-07-18,2024-03-22,Available,Manual
L-100992,B-80731,Mortgage,2021-03-23,2026-02-25,86161.91,21891.49,0.143,60,KS,Debt Consolidation,G,4 years,50k-100k,Charged Off,181,Beta Loan Servicers,2022-01-05,2024-05-13,Available,Manual
L-101601,B-13608,Student,2020-11-25,2025-10-30,341625.22,34792.78,0.1034,60,TN,Home Improvement,B,10 years,>150k,Charged Off,131,Gamma Collections,2023-03-02,2024-03-20,Pending,Legacy
L-101602,B-27896,Personal,2020-09-20,2050-04-16,359124.21,49863.72,0.1243,360,KY,Credit Card Refinancing,E,17 years,100k-150k,Late (31-120 days),167,Delta Financial,2022-12-27,2024-06-08,Available,Legacy
L-101603,B-85845,Auto,2020-11-14,2025-10-19,184244.45,160378.98,0.1385,60,ND,Debt Consolidation,C,7 years,>150k,Default,108,Beta Loan Servicers,2021-12-22,2024-06-26,Available,Manual
L-101604,B-83024,Student,2023-12-12,2053-07-07,274456.44,33464.59,0.0517,360,IA,Other,E,4 years,50k-100k,Current,0,Beta Loan Servicers,2026-07-08,2024-02-16,Available,Legacy
L-101605,B-91452,Personal,2023-01-01,2022-01-01,461639.3,397534.41,0.1231,360,XX,Home Improvement,E,15 years,>150k,Late (16-30 days),30,Delta Financial,2023-02-24,2024-02-09,Missing,LendingWeb
L-101606,B-84368,Personal,2022-08-02,2027-07-07,290257.24,55288.27,0.1399,60,OR,Major Purchase,C,9 years,<50k,Default,33,Beta Loan Servicers,2023-03-19,2024-03-18,Available,Manual
L-101607,B-10588,Auto,2021-08-20,2024-08-04,352283.99,85618.38,0.0885,36,MI,Other,A,4 years,<50k,Late (16-30 days),26,Beta Loan Servicers,2023-10-07,2024-01-03,Expired,LendingWeb
L-101608,B-49001,Personal,2021-01-17,2024-01-02,202182.68,105915.79,0.1043,36,TX,Other,A,1 years,100k-150k,Default,137,Beta Loan Servicers,2023-07-31,2024-08-11,Available,Legacy
L-101609,B-56597,Mortgage,2022-07-20,2052-02-13,130166.87,30803.75,0.0361,360,WA,Major Purchase,A,15 years,100k-150k,Late (31-120 days),169,Beta Loan Servicers,2023-03-13,2024-01-19,Pending,Manual
L-101610,B-28580,Mortgage,2020-06-04,2049-12-29,269779.81,166025.55,0.0811,360,CO,Credit Card Refinancing,C,14 years,50k-100k,Late (16-30 days),18,Delta Financial,2021-11-13,2024-02-09,Pending,Legacy
L-101611,B-91390,Student,2018-01-29,2021-01-13,185666.38,125862.03,0.0979,36,NY,Medical Expenses,G,15 years,50k-100k,Current,0,Beta Loan Servicers,2019-02-21,2024-02-19,Missing,Legacy
L-101612,B-25618,Mortgage,2021-12-16,2026-11-20,122946.09,81639.35,0.1463,60,XX,Debt Consolidation,G,8 years,50k-100k,Closed,0,Delta Financial,2023-09-06,2024-06-17,Missing,Legacy
L-101613,B-55045,Personal,2021-08-14,2024-07-29,43276.04,33489.35,0.1262,36,TN,Major Purchase,A,9 years,50k-100k,Current,108,Delta Financial,2022-08-21,2024-08-10,Available,LendingWeb
L-101614,B-34054,Personal,2023-03-31,2028-03-04,293497.83,66553.88,0.0456,60,RI,Debt Consolidation,E,17 years,50k-100k,Fully Paid,0,Alpha Servicing,2023-10-29,2024-05-21,Expired,Manual
L-101615,B-40885,Student,2023-03-04,2052-09-27,90066.29,63154.21,0.0656,360,SD,Credit Card Refinancing,B,20 years,100k-150k,Closed,0,Gamma Collections,2024-12-30,2024-08-17,Expired,OriginatePro
L-101616,B-89115,Student,2022-01-22,2051-08-18,59607.23,49068.84,0.1203,360,MD,Home Improvement,E,20 years,<50k,Closed,0,Beta Loan Servicers,2023-11-11,2024-01-25,Missing,LendingWeb
L-101617,B-79984,Auto,2021-04-30,2026-04-04,150040.69,84764.87,0.0803,60,AR,Other,A,1 years,100k-150k,Current,0,Alpha Servicing,2022-08-02,2024-06-16,Missing,Manual
L-101618,B-64421,Mortgage,2021-03-25,2026-02-27,205731.19,134881.13,0.1463,60,FL,Home Improvement,C,8 years,50k-100k,Current,0,Beta Loan Servicers,2022-06-20,2024-04-02,Available,LendingWeb
L-101619,B-92513,Auto,2019-02-15,2028-12-24,78412.7,23004.83,0.1433,120,DE,Major Purchase,B,5 years,>150k,Late (31-120 days),47,Gamma Collections,2020-08-01,2024-06-14,Available,Legacy
L-101620,B-93117,Auto,2023-11-07,2033-09-15,67307.49,39597.07,0.0567,120,MI,Medical Expenses,E,8 years,>150k,Closed,0,Gamma Collections,2024-05-22,2024-03-19,Missing,LendingWeb
L-101621,B-90800,Student,2022-08-29,2052-03-24,394820.73,291298.85,0.0399,360,MN,Home Improvement,G,19 years,<50k,Closed,0,Beta Loan Servicers,2023-03-17,2024-07-25,Missing,LendingWeb
L-101622,B-70944,Mortgage,2022-07-08,2032-05-16,10245.9,6923.79,0.0472,120,OR,Debt Consolidation,E,1 years,<50k,Default,107,Delta Financial,2023-09-27,2024-02-28,Pending,LendingWeb
L-101623,B-29090,Student,2023-08-24,2053-03-19,128462.68,88643.94,0.069,360,KY,Other,A,9 years,50k-100k,Fully Paid,0,Beta Loan Servicers,2024-01-28,2024-07-20,Expired,OriginatePro
L-101624,B-18017,Student,2022-12-20,2032-10-28,406655.27,127735.13,0.0985,120,SC,Home Improvement,C,7 years,>150k,Charged Off,35,Gamma Collections,2023-12-12,2024-04-24,Missing,LendingWeb
L-101625,B-32874,Student,2020-06-30,2030-05-09,231053.43,68968.52,0.1258,120,NC,Debt Consolidation,B,7 years,<50k,Default,90,Gamma Collections,2021-07-13,2024-04-21,Missing,Legacy
,B-33696,Mortgage,2022-09-30,2032-08-08,55228.08,13418.81,0.0652,120,NM,Credit Card Refinancing,A,20 years,100k-150k,Late (16-30 days),27,Delta Financial,2023-04-09,2024-01-08,Missing,LendingWeb
L-101627,B-15874,Personal,2018-10-25,2048-05-20,28857.89,8623.62,0.0458,360,CT,Debt Consolidation,D,2 years,100k-150k,Late (31-120 days),114,Delta Financial,2019-01-18,2024-05-21,Available,LendingWeb
L-101628,B-29907,Mortgage,2021-05-10,2031-03-19,199668.78,31341.04,0.1012,120,HI,Credit Card Refinancing,G,11 years,<50k,Late (16-30 days),21,Beta Loan Servicers,2022-11-13,2024-01-16,Available,Legacy
L-101629,B-42698,Personal,2018-03-29,2028-02-05,359170.93,100054.62,0.1126,120,SC,Credit Card Refinancing,G,2 years,>150k,Current,0,Gamma Collections,2020-04-05,2024-08-28,Pending,LendingWeb
L-101630,B-75034,Auto,2022-05-26,2051-12-20,399783.21,95525.05,0.0918,360,TN,Home Improvement,C,13 years,50k-100k,Current,0,Delta Financial,2022-10-26,2024-07-05,Available,LendingWeb
L-101631,B-66698,Mortgage,2021-07-18,2026-06-22,9582.78,6931.06,0.085,60,CA,Credit Card Refinancing,A,9 years,50k-100k,Current,0,Gamma Collections,2023-04-30,2024-07-17,Pending,Manual
L-101632,B-88072,Student,2023-03-02,2026-02-14,156505.61,101520.63,0.1131,36,NV,Debt Consolidation,E,1 years,<50k,Current,0,Alpha Servicing,2023-06-20,2024-05-25,Expired,Legacy
L-101633,B-16560,Mortgage,2019-09-02,2049-03-28,416373.72,216329.46,0.0969,360,OH,Medical Expenses,B,1 years,100k-150k,Closed,0,Delta Financial,2021-08-04,2024-02-13,Missing,Legacy
L-101634,B-63429,Student,2021-12-14,2024-11-28,266083.9,172433.33,0.1419,36,RI,Debt Consolidation,C,20 years,<50k,Fully Paid,0,Delta Financial,2022-12-21,2024-07-25,Missing,Manual
L-101635,B-72735,Mortgage,2023-11-17,2026-11-01,10955.6,9415.21,0.1157,36,HI,Debt Consolidation,F,20 years,<50k,Fully Paid,0,Gamma Collections,2025-03-19,2024-03-21,Missing,Manual
L-101636,B-37627,Personal,2022-09-17,2032-07-26,13782.59,7065.12,0.1173,120,VA,Debt Consolidation,E,7 years,<50k,Closed,0,Delta Financial,2024-06-26,2024-08-17,Pending,Legacy
L-101637,B-94088,Personal,2021-11-20,2031-09-29,305744.61,80574.6,0.0854,120,CO,Credit Card Refinancing,D,15 years,100k-150k,Charged Off,40,Delta Financial,2023-01-12,2024-07-15,Pending,Legacy
L-101638,B-83555,Personal,2023-07-06,2026-06-20,46580.54,15998.44,0.0817,36,MN,Other,E,11 years,>150k,Late (16-30 days),20,Beta Loan Servicers,2026-03-10,2024-02-17,Available,Manual
L-101639,B-37460,Mortgage,2018-03-08,2021-02-20,71677.84,37516.52,0.1454,36,NV,Credit Card Refinancing,G,6 years,50k-100k,Closed,0,Delta Financial,2020-03-27,2024-08-16,Missing,Legacy
L-101640,B-98736,Mortgage,2019-02-12,2048-09-07,250088.89,136490.42,0.043,360,HI,Major Purchase,A,11 years,100k-150k,Charged Off,154,Beta Loan Servicers,2019-03-26,2023-01-01,Pending,Legacy
L-101641,B-28152,Personal,2021-04-03,2031-02-10,164018.7,102765.48,0.1496,120,ME,Medical Expenses,A,16 years,<50k,Fully Paid,0,Beta Loan Servicers,2022-12-05,2024-08-13,Expired,OriginatePro
L-101642,B-78213,Student,2019-07-08,2029-05-16,191865.73,79313.88,0.0316,120,WY,Credit Card Refinancing,B,16 years,50k-100k,Closed,0,Alpha Servicing,2019-09-04,2024-01-19,Available,LendingWeb
L-101643,B-39281,Personal,2019-10-07,2029-08-15,311138.36,87373.98,0.0321,120,VT,Other,C,3 years,>150k,Charged Off,175,Delta Financial,2020-09-22,2023-01-01,Expired,OriginatePro
L-101644,B-77106,Student,2020-03-08,2030-01-15,54389.17,31790.92,0.0753,120,GA,Credit Card Refinancing,B,14 years,100k-150k,Fully Paid,0,Delta Financial,2020-06-03,2024-01-06,Missing,OriginatePro
L-101645,B-14896,Mortgage,2020-07-08,2030-05-17,24281.72,9853.36,0.0862,120,CT,Home Improvement,C,2 years,100k-150k,Charged Off,175,Alpha Servicing,2022-11-30,2024-05-04,Missing,Legacy
L-101646,B-54146,Auto,2022-08-18,2052-03-13,218521.44,145909.02,0.1261,360,ID,Home Improvement,E,4 years,>150k,Charged Off,172,Gamma Collections,2024-11-14,2024-05-16,Available,Manual
L-101647,B-35388,Student,2018-12-06,2028-10-14,74564.86,30774.89,0.0688,120,OK,Credit Card Refinancing,C,9 years,50k-100k,Current,0,Beta Loan Servicers,2019-06-17,2024-05-23,Missing,LendingWeb
L-101648,B-80345,Student,2020-02-23,2023-02-07,125936.6,59088.39,0.0854,36,MD,Credit Card Refinancing,A,7 years,<50k,Closed,0,Alpha Servicing,2022-10-15,2024-01-23,Missing,Manual
L-101649,B-99003,Student,2019-05-14,2029-03-22,395053.2,230484.4,0.0598,120,OR,Major Purchase,A,12 years,<50k,Current,0,Gamma Collections,2020-09-20,2024-02-28,Available,Legacy
L-101650,B-86042,Mortgage,2021-07-15,2051-02-08,478424.47,306781.65,0.0472,360,MD,Other,D,13 years,50k-100k,Late (31-120 days),47,Alpha Servicing,2022-03-27,2024-05-03,Pending,Legacy
L-101651,B-35952,Auto,2023-10-14,2026-09-28,59877.85,47081.49,0.1326,36,SD,Debt Consolidation,C,0 years,100k-150k,Current,0,Beta Loan Servicers,2024-04-21,2024-06-21,Available,Manual
L-101652,B-86971,Auto,2021-06-22,2031-05-01,227965.79,114407.47,0.0797,120,OR,Other,C,1 years,>150k,Default,56,Gamma Collections,2023-05-29,2024-08-17,Missing,Legacy
L-101653,B-12854,Mortgage,2019-03-05,2029-01-11,405615.49,155330.44,0.1393,120,LA,Credit Card Refinancing,D,4 years,50k-100k,Default,114,Delta Financial,2020-12-08,2024-05-26,Available,Manual
L-101654,B-45091,Auto,2020-06-30,2025-06-04,429636.46,365142.56,0.0619,60,SC,Other,E,19 years,>150k,Current,0,Beta Loan Servicers,2021-04-08,2024-02-23,Missing,Manual
L-101655,B-90592,Personal,2018-12-31,2023-12-05,408831.07,173187.54,0.0661,60,AL,Major Purchase,A,7 years,50k-100k,Default,146,Gamma Collections,2019-09-26,2024-02-23,Available,LendingWeb
L-101656,B-74082,Student,2020-09-15,2023-08-31,344295.32,44401.9,0.0332,36,OH,Medical Expenses,D,20 years,100k-150k,Late (31-120 days),135,Alpha Servicing,2021-04-02,2024-06-08,Expired,Legacy
L-101657,B-60921,Personal,2018-03-29,2021-03-13,144044.92,47891.26,0.0925,36,NJ,Medical Expenses,C,17 years,>150k,Closed,0,Gamma Collections,2019-09-30,2024-05-17,Available,Manual
L-101658,B-11588,Mortgage,2022-07-19,2025-07-03,17549.82,2506.92,0.137,36,NJ,Debt Consolidation,G,2 years,>150k,Default,87,Delta Financial,2023-07-04,2024-05-20,Missing,OriginatePro
L-101659,B-14846,Student,2023-12-02,2026-11-16,59770.8,48293.24,0.0831,36,OR,Other,G,13 years,<50k,Current,0,Gamma Collections,2025-09-22,2024-01-06,Available,LendingWeb
L-101660,B-47567,Personal,2018-12-19,2028-10-27,170422.86,97743.38,0.0837,120,IA,Home Improvement,B,16 years,100k-150k,Fully Paid,0,Delta Financial,2021-01-05,2024-06-12,Missing,OriginatePro
L-101661,B-84389,Auto,2023-05-21,2026-05-05,410179.04,-500.0,0.0732,36,AL,Debt Consolidation,C,19 years,50k-100k,Current,107,Delta Financial,2024-06-10,2024-04-24,Expired,Legacy
L-101662,B-90402,Student,2023-02-13,2028-01-18,56364.0,26127.19,0.1454,60,MD,Major Purchase,F,4 years,100k-150k,Charged Off,157,Beta Loan Servicers,2025-10-21,2024-04-26,Pending,Manual
L-101663,B-53197,Mortgage,2019-09-21,2049-04-16,331132.27,135902.06,0.0844,360,CO,Credit Card Refinancing,F,2 years,50k-100k,Late (31-120 days),178,Beta Loan Servicers,2022-01-08,2024-02-25,Expired,Manual
L-101664,B-67713,Auto,2022-10-30,2025-10-14,185819.19,101712.23,0.0422,36,IA,Credit Card Refinancing,D,19 years,50k-100k,Current,0,Alpha Servicing,2023-12-31,2024-03-11,Available,Manual
L-101665,B-86997,Mortgage,2022-02-28,2032-01-07,199606.73,83937.68,0.1284,120,OH,Other,E,14 years,<50k,Current,0,Gamma Collections,2024-02-06,2024-06-12,Expired,Legacy
L-101666,B-40248,Mortgage,2020-10-23,2025-09-27,240340.87,185529.3,0.0419,60,OH,Major Purchase,D,18 years,50k-100k,Late (31-120 days),113,Beta Loan Servicers,2022-08-02,2024-01-11,Available,OriginatePro
L-101667,B-61043,Auto,2018-01-30,2021-01-14,335070.54,243602.08,0.1256,36,DE,Other,G,1 years,<50k,Closed,0,Gamma Collections,2019-05-09,2024-02-14,Available,Manual
L-101668,B-35234,Personal,2020-10-30,2023-10-15,73960.96,12586.38,0.0577,36,AR,Other,F,17 years,50k-100k,Fully Paid,0,Beta Loan Servicers,2022-05-26,2024-05-22,Expired,Legacy
L-101669,B-99181,Student,2023-05-13,2028-04-16,102337.86,86550.63,0.0388,60,KY,Other,C,16 years,<50k,Default,150,Beta Loan Servicers,2025-03-16,2024-07-28,Pending,LendingWeb
L-101670,B-64917,Auto,2019-07-22,2024-06-25,493973.79,354515.14,0.0936,60,FL,Home Improvement,A,13 years,50k-100k,Closed,0,Alpha Servicing,2021-02-09,2024-07-27,Pending,Legacy
L-101671,B-73005,Student,2018-09-16,2023-08-21,415092.64,93160.29,0.0796,60,WI,Debt Consolidation,F,20 years,>150k,Charged Off,92,Delta Financial,2020-03-17,2023-01-01,Available,Manual
L-101672,B-70613,Student,2021-01-26,2024-01-11,419117.57,91314.63,0.1238,36,TX,Debt Consolidation,F,18 years,50k-100k,Fully Paid,0,Beta Loan Servicers,2022-02-11,2024-03-26,Missing,Manual
L-101673,B-69534,Auto,2019-12-18,2049-07-13,444591.4,129962.87,0.1,360,RI,Medical Expenses,E,10 years,50k-100k,Late (16-30 days),21,Beta Loan Servicers,2022-08-02,2024-07-25,Pending,LendingWeb
L-101674,B-49489,Personal,2020-10-14,2050-05-10,384538.24,262915.26,0.0822,360,DE,Debt Consolidation,A,9 years,50k-100k,Late (16-30 days),16,Delta Financial,2021-08-03,2024-01-20,Available,LendingWeb
L-101675,B-83653,Student,2023-05-16,2026-04-30,421251.02,149043.34,0.0717,36,UT,Other,G,1 years,>150k,Fully Paid,0,Beta Loan Servicers,2025-08-21,2024-08-17,Expired,Legacy
L-101676,B-32509,Personal,2019-02-06,2024-01-11,12826.64,8770.71,0.1445,60,KS,Major Purchase,B,3 years,>150k,Late (16-30 days),30,Delta Financial,2020-04-15,2024-01-07,Missing,OriginatePro
,B-52467,Personal,2018-10-24,2021-10-08,91728.5,32616.81,0.1089,36,PA,Medical Expenses,D,14 years,50k-100k,Fully Paid,0,Delta Financial,2021-06-18,2024-04-20,Pending,Manual
L-101678,B-85873,Personal,2021-11-19,2024-11-03,284340.89,174812.49,0.0475,36,WA,Major Purchase,C,2 years,<50k,Current,0,Delta Financial,2023-11-10,2024-04-13,Expired,Legacy
L-101679,B-38628,Student,2019-08-31,2029-07-09,199507.71,124163.39,0.1335,120,CT,Debt Consolidation,B,11 years,100k-150k,Fully Paid,0,Beta Loan Servicers,2020-04-27,2024-04-01,Available,Legacy
L-101680,B-57381,Student,2020-10-17,2023-10-02,372842.13,188856.02,0.0475,36,HI,Other,C,20 years,50k-100k,Charged Off,150,Beta Loan Servicers,2023-06-04,2024-03-26,Available,Legacy
L-101681,B-71827,Mortgage,2018-12-07,2023-11-11,320154.97,90803.05,0.0812,60,MN,Credit Card Refinancing,E,11 years,50k-100k,Late (16-30 days),16,Delta Financial,2019-05-22,2024-01-03,,Legacy
L-101682,B-82143,Personal,2019-07-19,2049-02-11,130425.23,83307.08,0.0824,360,VA,Home Improvement,D,19 years,>150k,Closed,0,Beta Loan Servicers,2021-05-23,2024-07-11,Available,OriginatePro
L-101683,B-91881,Personal,2021-12-18,2031-10-27,50230.33,33528.73,0.0322,120,MS,Debt Consolidation,A,16 years,<50k,Charged Off,108,Gamma Collections,2024-01-14,2024-03-05,,OriginatePro
L-101684,B-37261,Auto,2018-02-22,2023-01-27,212079.08,190198.04,0.0462,60,KS,Credit Card Refinancing,A,4 years,50k-100k,Current,0,Beta Loan Servicers,2020-02-07,2024-05-22,Missing,LendingWeb
L-101685,B-35885,Student,2021-09-17,2026-08-22,289286.24,255870.43,0.1221,60,GA,Medical Expenses,A,19 years,<50k,Closed,0,Delta Financial,2023-10-13,2024-07-08,Available,Manual
L-101686,B-65872,Student,2023-04-15,2033-02-21,9578.62,2539.03,0.0302,120,MS,Credit Card Refinancing,C,2 years,<50k,Default,56,Delta Financial,2024-06-18,2024-05-19,Expired,Legacy
L-101687,B-14014,Personal,2021-04-03,2031-02-10,278397.92,50078.75,0.1175,120,CT,Major Purchase,D,9 years,50k-100k,Charged Off,136,Beta Loan Servicers,2022-10-13,2024-01-19,Missing,LendingWeb
L-101688,B-22568,Auto,2022-01-09,2024-12-24,162336.31,18591.85,0.1032,36,NE,Medical Expenses,E,13 years,<50k,Fully Paid,0,Beta Loan Servicers,2022-06-13,2024-06-27,Missing,LendingWeb
L-101689,B-58821,Mortgage,2020-09-28,2025-09-02,70913.76,52089.47,0.0963,60,AR,Credit Card Refinancing,E,17 years,50k-100k,Default,196,Delta Financial,2022-08-10,2024-05-08,Pending,LendingWeb
L-101690,B-17505,Personal,2023-07-29,2053-02-21,91306.61,33956.01,0.1344,360,IL,Medical Expenses,C,1 years,<50k,Current,0,Alpha Servicing,2026-03-21,2024-06-25,Missing,LendingWeb
L-101691,B-51856,Student,2020-01-14,2049-08-09,225434.09,5000.0,0.0946,360,MT,Debt Consolidation,B,2 years,>150k,Closed,167,Alpha Servicing,2020-10-13,2024-01-09,Pending,Legacy
L-101692,B-87726,Student,2019-04-28,2048-11-21,38366.45,31118.16,0.1312,360,FL,Home Improvement,E,7 years,100k-150k,Fully Paid,0,Gamma Collections,2021-05-05,2024-05-22,Pending,OriginatePro
L-101693,B-15923,Personal,2021-12-15,2051-07-11,224262.56,102248.9,0.102,360,CO,Debt Consolidation,F,6 years,>150k,Charged Off,171,Beta Loan Servicers,2022-02-01,2024-05-25,Pending,Manual
L-101694,B-63959,Mortgage,2022-12-17,2032-10-25,165943.55,131823.18,0.0425,120,MO,Debt Consolidation,E,18 years,100k-150k,Charged Off,177,Delta Financial,2025-08-06,2024-01-26,Available,LendingWeb
L-101695,B-96415,Mortgage,2020-01-14,2022-12-29,389410.88,101688.43,0.1151,36,RI,Major Purchase,A,0 years,50k-100k,Late (31-120 days),148,Delta Financial,2022-01-10,2024-02-05,Missing,Legacy
L-101696,B-74991,Personal,2022-05-19,2025-05-03,371534.42,259390.79,0.1177,36,OR,Medical Expenses,G,20 years,>150k,Charged Off,183,Beta Loan Servicers,2023-10-08,2024-02-21,Pending,Manual
L-101697,B-16375,Mortgage,2020-05-15,2049-12-09,375343.3,302354.99,0.1112,360,GA,Medical Expenses,C,20 years,>150k,Charged Off,197,Alpha Servicing,2021-12-25,2024-05-25,Missing,Manual
L-101698,B-61894,Mortgage,2018-07-29,2021-07-13,324299.69,154435.14,0.0896,36,ME,Medical Expenses,E,19 years,100k-150k,Closed,0,Gamma Collections,2019-07-14,2024-08-22,Pending,LendingWeb
L-101699,B-46320,Auto,2018-06-27,2048-01-21,204481.04,168594.89,0.0504,360,NV,Home Improvement,D,20 years,100k-150k,Late (31-120 days),198,Beta Loan Servicers,2019-05-27,2024-08-27,Pending,Legacy
L-101700,B-61249,Auto,2020-11-27,2025-11-01,173736.87,108030.89,0.0918,60,SC,Medical Expenses,C,20 years,<50k,Default,186,Delta Financial,2022-01-03,2024-06-15,Missing,Manual
L-101701,B-53236,Student,2018-10-23,2048-05-18,241090.91,83789.71,0.1289,360,MD,Other,A,15 years,50k-100k,Current,0,Delta Financial,2020-09-19,2024-02-26,Expired,Manual
L-101702,B-60846,Auto,2020-03-02,2030-01-09,330506.52,202777.29,0.0303,120,NC,Medical Expenses,B,12 years,50k-100k,Late (16-30 days),19,Beta Loan Servicers,2022-04-03,2024-06-10,Available,OriginatePro
L-101703,B-34784,Student,2021-10-24,2026-09-28,477197.98,174857.04,0.1219,60,XX,Home Improvement,B,2 years,50k-100k,Closed,0,Delta Financial,2022-10-11,2024-04-06,Expired,OriginatePro
L-101704,B-51099,Personal,2019-05-02,2029-03-10,313419.13,70425.32,0.1013,120,AR,Home Improvement,B,4 years,50k-100k,Late (31-120 days),154,Delta Financial,2019-08-16,2024-05-14,Pending,Legacy
L-101705,B-86698,Mortgage,2022-01-02,2031-11-11,187231.5,122803.0,0.1484,120,AZ,Home Improvement,A,1 years,>150k,Current,0,Delta Financial,2022-10-16,2024-02-07,Expired,LendingWeb
L-101706,B-44795,Personal,2021-01-27,2050-08-23,400601.73,75683.95,0.0492,360,OK,Medical Expenses,B,19 years,<50k,Fully Paid,0,Beta Loan Servicers,2022-06-30,2024-01-27,Expired,LendingWeb
L-101707,B-13888,Student,2022-07-18,2025-07-02,-1000.0,106620.08,0.0479,36,OH,Other,B,20 years,<50k,Late (31-120 days),129,Gamma Collections,2023-06-03,2024-07-18,Pending,OriginatePro
L-101708,B-97975,Auto,2020-11-17,2030-09-26,188009.83,140823.65,0.0708,120,MI,Debt Consolidation,B,13 years,50k-100k,Fully Paid,0,Gamma Collections,2022-02-28,2024-01-16,Expired,Manual
L-101709,B-80639,Personal,2020-06-05,2025-05-10,324852.17,159348.73,0.1329,60,IL,Medical Expenses,F,19 years,<50k,Late (31-120 days),136,Alpha Servicing,2020-08-03,2024-03-23,Missing,Manual
L-101710,B-84129,Student,2019-08-06,2049-03-01,445447.03,245104.86,0.052,360,UT,Home Improvement,B,1 years,>150k,Late (31-120 days),117,Alpha Servicing,2020-10-19,2024-02-15,Available,Manual
L-101711,B-94320,Student,2018-04-08,2021-03-23,-1000.0,307349.94,0.0507,36,AR,Home Improvement,E,6 years,100k-150k,Late (31-120 days),187,Alpha Servicing,2019-08-19,2024-07-20,Expired,OriginatePro
L-101712,B-25008,Student,2020-01-17,2023-01-01,277860.35,70829.36,0.0585,36,UT,Home Improvement,E,20 years,<50k,Fully Paid,0,Beta Loan Servicers,2021-09-29,2024-07-26,Missing,Legacy
L-101713,B-10320,Personal,2020-07-07,2023-06-22,242790.05,55281.43,0.1404,36,AZ,Debt Consolidation,E,4 years,50k-100k,Charged Off,90,Delta Financial,2021-11-04,2024-05-06,Expired,Legacy
L-101714,B-51360,Personal,2021-08-20,2051-03-16,368992.38,194960.18,0.0834,360,HI,Medical Expenses,B,1 years,>150k,Late (16-30 days),18,Beta Loan Servicers,2023-08-29,2024-01-03,Missing,Manual
L-101715,B-85618,Auto,2021-04-07,2031-02-14,210898.85,91797.73,0.0904,120,MA,Home Improvement,F,8 years,>150k,Default,34,Delta Financial,2023-08-23,2024-01-21,Expired,LendingWeb
L-101716,B-67666,Mortgage,2020-11-18,2030-09-27,92557.6,43393.37,0.3949407203564143,120,NJ,Other,C,15 years,>150k,Charged Off,168,Gamma Collections,2021-01-01,2024-08-01,Pending,Manual
L-101717,B-51691,Student,2023-04-02,2052-10-26,388840.9,55326.69,0.0821,360,GA,Medical Expenses,E,16 years,>150k,Late (16-30 days),24,Gamma Collections,2023-10-07,2024-07-17,Available,OriginatePro
L-101718,B-77193,Mortgage,2022-07-01,2025-06-15,355184.66,250302.74,0.0609,36,NH,Debt Consolidation,A,10 years,50k-100k,Closed,0,Delta Financial,2022-10-15,2024-07-02,Pending,Manual
L-101719,B-62142,Auto,2020-04-04,2023-03-20,346536.98,301818.5,0.0782,36,MD,Major Purchase,G,18 years,100k-150k,Fully Paid,0,Alpha Servicing,2020-09-28,2024-08-19,Missing,Legacy
L-101720,B-32832,Personal,2019-07-01,2029-05-09,122920.08,48979.29,0.1123,120,CO,Major Purchase,G,0 years,<50k,Charged Off,185,Alpha Servicing,2021-04-22,2024-05-18,Available,Manual
L-101721,B-10362,Auto,2023-04-15,2026-03-30,347608.9,251514.36,0.1122,36,NY,Debt Consolidation,C,5 years,<50k,Default,150,Alpha Servicing,2025-05-25,2024-01-16,Pending,Legacy
L-101722,B-47353,Mortgage,2020-07-10,2050-02-03,487645.74,274634.73,0.1178,360,RI,Major Purchase,D,4 years,100k-150k,Default,52,Alpha Servicing,2021-07-10,2024-02-03,Available,Legacy
L-101723,B-16716,Student,2018-07-28,2021-07-12,250699.27,172864.01,0.0334,36,ID,Debt Consolidation,C,1 years,50k-100k,Late (31-120 days),104,Delta Financial,2019-02-10,2024-04-23,Missing,Legacy
L-101724,B-20735,Auto,2019-12-07,2049-07-02,185414.82,111155.49,0.1024,360,LA,Other,D,20 years,100k-150k,Fully Paid,0,Beta Loan Servicers,2022-06-12,2024-07-11,Expired,LendingWeb
L-101725,B-43345,Mortgage,2021-11-20,2026-10-25,194871.04,125216.54,0.1039,60,WV,Credit Card Refinancing,F,20 years,50k-100k,Current,0,Gamma Collections,2022-03-15,2024-07-10,Available,LendingWeb
L-101726,B-37680,Student,2021-04-09,2024-03-24,470873.1,343513.1,0.1321,36,CO,Home Improvement,B,14 years,50k-100k,Closed,0,Delta Financial,2023-07-26,2024-07-26,Expired,Manual
L-101727,B-59718,Auto,2022-03-24,2025-03-08,419553.92,420553.92,0.0896,36,CO,Major Purchase,C,19 years,<50k,Closed,0,Gamma Collections,2023-10-08,2024-05-20,Expired,Legacy
L-101728,B-46049,Personal,2018-05-23,2021-05-07,109662.25,82859.68,0.0705,36,MT,Home Improvement,C,1 years,100k-150k,Default,96,Gamma Collections,2019-05-26,2024-01-19,Expired,OriginatePro
L-101729,B-33941,Personal,2022-03-12,2027-02-14,162082.28,142504.59,0.1184,60,CT,Debt Consolidation,A,2 years,<50k,Fully Paid,0,Gamma Collections,2024-07-08,2024-02-18,Pending,Manual
L-101730,B-98791,Student,2023-09-27,2033-08-05,300244.88,226626.38,0.0392,120,MN,Medical Expenses,D,3 years,50k-100k,Current,0,Delta Financial,2025-11-05,2024-04-21,Pending,Legacy
L-101731,B-15227,Mortgage,2019-08-29,2049-03-24,136025.13,51272.27,0.1461,360,NY,Other,B,0 years,100k-150k,Closed,0,Gamma Collections,2020-07-27,2024-03-27,Expired,Legacy
L-101732,B-89922,Mortgage,2018-09-21,2028-07-30,237887.78,153787.59,0.1031,120,OH,Credit Card Refinancing,D,9 years,>150k,Current,0,Gamma Collections,2019-04-17,2024-04-15,Available,Manual
L-101733,B-81780,Personal,2023-04-28,2028-04-01,44899.01,19927.26,0.085,60,NY,Credit Card Refinancing,E,1 years,100k-150k,Late (31-120 days),67,Beta Loan Servicers,2024-08-03,2024-08-28,Expired,Manual
L-101734,B-87290,Student,2023-04-12,2033-02-18,150131.06,54574.37,0.061,120,NH,Credit Card Refinancing,A,7 years,100k-150k,Current,0,Alpha Servicing,2025-12-07,2024-03-24,Missing,Manual
L-101735,B-10427,Personal,2022-11-17,2027-10-22,349212.84,5000.0,0.1489,60,VT,Medical Expenses,B,8 years,>150k,Closed,24,Alpha Servicing,2023-04-09,2024-03-27,Pending,LendingWeb
L-101736,B-48614,Student,2020-09-19,2050-04-15,360789.64,229196.6,0.0789,360,CA,Credit Card Refinancing,D,17 years,>150k,Late (16-30 days),27,Beta Loan Servicers,2022-10-07,2024-04-28,Available,Manual
L-101737,B-13699,Student,2021-10-05,2031-08-14,261637.72,207507.8,0.1461,120,CT,Major Purchase,A,4 years,50k-100k,Default,193,Gamma Collections,2022-07-09,2024-04-02,Missing,Manual
L-101738,B-98498,Mortgage,2023-07-09,2026-06-23,270763.38,164784.37,0.0494,36,MD,Major Purchase,G,11 years,>150k,Late (16-30 days),29,Alpha Servicing,2025-11-03,2024-02-05,Available,OriginatePro
L-101739,B-81251,Auto,2023-07-07,2028-06-10,281012.33,137869.15,0.121,60,AR,Major Purchase,D,2 years,100k-150k,Fully Paid,0,Gamma Collections,2024-07-26,2024-06-17,Expired,Manual
L-101740,B-40362,Personal,2022-11-09,2032-09-17,355782.18,119956.03,0.0927,120,AK,Home Improvement,F,17 years,50k-100k,Late (31-120 days),66,Alpha Servicing,2025-07-26,2024-03-22,Expired,Manual
L-101741,B-86546,Auto,2021-07-18,2031-05-27,198106.07,165987.92,0.1027,120,WI,Credit Card Refinancing,B,17 years,50k-100k,Fully Paid,0,Gamma Collections,2022-11-19,2024-01-11,Missing,Legacy
L-101742,B-41790,Auto,2020-06-21,2025-05-26,408173.19,217276.8,0.134,60,NJ,Debt Consolidation,G,5 years,50k-100k,Fully Paid,0,Beta Loan Servicers,2023-02-15,2024-01-07,Expired,Manual
L-101743,B-78544,Student,2021-04-15,2026-03-20,394885.78,333115.36,0.1199,60,OH,Major Purchase,B,13 years,100k-150k,Late (16-30 days),23,Beta Loan Servicers,2022-11-07,2024-08-24,Expired,Legacy
L-101744,B-41876,Mortgage,2018-01-26,2047-08-22,227173.73,63880.65,0.0622,360,CO,Other,A,13 years,50k-100k,Fully Paid,0,Beta Loan Servicers,2020-06-17,2024-04-09,Pending,LendingWeb
L-101745,B-72958,Mortgage,2021-11-02,2051-05-29,90874.71,78445.94,0.0455,360,NH,Major Purchase,F,1 years,<50k,Late (31-120 days),115,Beta Loan Servicers,2022-11-14,2024-06-23,Expired,OriginatePro
L-101746,B-17981,Mortgage,2023-03-09,2028-02-11,374004.71,237625.84,0.0452,60,OK,Credit Card Refinancing,G,14 years,<50k,Late (31-120 days),72,Gamma Collections,2023-05-20,2024-03-11,Pending,LendingWeb
L-101747,B-48057,Student,2023-11-05,2028-10-09,490646.48,361415.61,0.1371,60,NJ,Other,A,9 years,<50k,Current,0,Delta Financial,2025-04-06,2024-02-12,Expired,LendingWeb
L-101748,B-62393,Student,2020-08-11,2050-03-07,421497.4,374793.68,0.0712,360,RI,Debt Consolidation,C,8 years,100k-150k,Fully Paid,0,Delta Financial,2022-02-03,2024-04-07,Missing,OriginatePro
L-101749,B-91736,Auto,2019-10-30,2029-09-07,274459.7,99967.99,0.0942,120,VT,Major Purchase,A,0 years,>150k,Late (16-30 days),19,Gamma Collections,2022-07-18,2024-06-19,Pending,OriginatePro
L-101750,B-65279,Personal,2018-05-11,2047-12-05,209227.31,127407.72,0.1014,360,IN,Debt Consolidation,A,4 years,<50k,Late (16-30 days),29,Beta Loan Servicers,2020-01-20,2024-01-23,Available,OriginatePro
L-101751,B-76132,Student,2019-01-09,2048-08-04,76171.47,21257.67,0.0727,360,OK,Medical Expenses,A,10 years,<50k,Current,0,Alpha Servicing,2021-10-04,2024-02-12,Missing,OriginatePro
L-101752,B-69904,Personal,2020-03-20,2030-01-27,204831.59,23953.14,0.1063,120,NH,Major Purchase,B,16 years,>150k,Current,0,Gamma Collections,2022-11-23,2024-07-12,Expired,LendingWeb
L-101753,B-70644,Personal,2021-12-18,2051-07-14,173610.17,65035.72,0.0984,360,MS,Debt Consolidation,C,10 years,50k-100k,Fully Paid,0,Delta Financial,2022-06-03,2024-02-15,Available,LendingWeb
L-101754,B-77363,Personal,2021-03-18,2024-03-02,281779.63,168902.23,0.143,36,VT,Credit Card Refinancing,B,11 years,50k-100k,Closed,0,Alpha Servicing,2023-12-08,2024-08-22,Missing,Legacy
L-101755,B-61689,Personal,2019-01-30,2022-01-14,307077.91,205070.49,0.0411,36,MS,Major Purchase,C,9 years,100k-150k,Late (16-30 days),16,Beta Loan Servicers,2019-04-11,2024-03-16,Expired,LendingWeb
L-101756,B-70716,Mortgage,2018-04-16,2023-03-21,153591.83,22324.08,0.1287,60,MS,Other,G,7 years,50k-100k,Fully Paid,0,Alpha Servicing,2020-07-28,2024-03-24,Pending,LendingWeb
L-101757,B-11259,Mortgage,Not A Date,2049-10-25,120608.04,74196.69,0.1253,360,AK,Medical Expenses,C,2 years,50k-100k,Closed,0,Alpha Servicing,2022-08-20,2024-01-12,Missing,LendingWeb
L-101758,B-72678,Personal,2018-09-08,2021-08-23,144745.0,109114.51,0.1029,36,KY,Debt Consolidation,B,20 years,50k-100k,Late (16-30 days),21,Gamma Collections,2019-11-28,2024-01-03,Available,Legacy
L-101759,B-36731,Personal,2020-08-13,2030-06-22,401517.11,268230.24,0.0868,120,IL,Home Improvement,E,19 years,>150k,Fully Paid,0,Beta Loan Servicers,2023-03-14,2023-01-01,Expired,Legacy
L-101760,B-34332,Student,2020-09-06,2030-07-16,410596.35,79154.61,0.044,120,AK,Home Improvement,E,2 years,50k-100k,Charged Off,52,Beta Loan Servicers,2020-11-15,2024-02-10,Pending,Legacy
L-101761,B-31333,Auto,2023-12-04,2026-11-18,291305.86,187001.37,0.0662,36,MS,Home Improvement,B,3 years,<50k,Fully Paid,0,Alpha Servicing,2025-06-11,2024-03-03,Missing,OriginatePro
L-101762,B-52065,Student,2020-04-27,2023-04-12,223922.99,49550.48,0.1212,36,SD,Major Purchase,D,1 years,100k-150k,Fully Paid,0,Alpha Servicing,2022-12-16,2024-08-03,Available,OriginatePro
L-101763,B-81808,Auto,2019-04-17,2048-11-10,148828.29,53109.01,0.134,360,DE,Home Improvement,F,6 years,50k-100k,Current,0,Beta Loan Servicers,2020-02-19,2024-05-19,Pending,Manual
L-101764,B-13645,Student,2018-11-10,2028-09-18,447711.11,214811.52,0.0769,120,AR,Other,D,14 years,100k-150k,Closed,0,Beta Loan Servicers,2019-12-11,2024-08-05,Missing,Legacy
L-101765,B-59456,Mortgage,2019-04-27,2048-11-20,17918.25,4599.2,0.0897,360,TN,Medical Expenses,F,2 years,<50k,Fully Paid,0,Alpha Servicing,2020-04-14,2024-08-28,Available,OriginatePro
L-101766,B-85147,Student,2020-04-22,2023-04-07,215140.15,171190.69,0.0327,36,MN,Medical Expenses,E,8 years,>150k,Charged Off,132,Delta Financial,2022-04-24,2024-04-28,Missing,OriginatePro
L-101767,B-38599,Student,2018-08-31,2021-08-15,249110.37,172820.71,0.0682,36,AL,Debt Consolidation,E,15 years,<50k,Late (31-120 days),198,Alpha Servicing,2020-04-24,2024-07-07,Missing,OriginatePro
,B-38338,Personal,2020-06-01,2023-05-17,400545.31,170222.4,0.1367,36,WY,Major Purchase,C,9 years,50k-100k,Charged Off,197,Beta Loan Servicers,2021-03-07,2024-08-11,Available,Manual
L-101769,B-34445,Mortgage,2023-11-19,2033-09-27,457100.43,352321.06,0.047,120,MS,Medical Expenses,C,8 years,100k-150k,Late (31-120 days),59,Beta Loan Servicers,2025-09-14,2024-02-19,Expired,Legacy
L-101770,B-38150,Personal,2023-10-29,2028-10-02,390251.32,112457.25,0.0895,60,OK,Home Improvement,E,15 years,50k-100k,Default,175,Beta Loan Servicers,2024-04-24,2024-04-18,Available,Legacy
L-101771,B-43829,Mortgage,2022-08-12,2032-06-20,-1000.0,114504.33,0.0796,120,LA,Medical Expenses,D,15 years,100k-150k,Current,0,Delta Financial,2023-05-05,2024-08-25,Available,OriginatePro
L-101772,B-15058,Student,2020-07-22,2023-07-07,231397.38,87043.77,0.0502,36,NH,Major Purchase,D,1 years,<50k,Late (31-120 days),122,Gamma Collections,2020-08-25,2024-02-04,Pending,LendingWeb
L-101773,B-20416,Personal,2022-12-05,2027-11-09,274304.81,182518.83,0.1154,60,VT,Major Purchase,A,2 years,>150k,Charged Off,128,Alpha Servicing,2023-04-18,2023-01-01,Available,OriginatePro
L-101774,B-59158,Auto,2019-01-01,2023-12-06,202835.97,141716.19,0.1239,60,MI,Credit Card Refinancing,F,20 years,100k-150k,Default,120,Gamma Collections,2019-07-29,2024-07-17,Missing,Manual
L-101775,B-76395,Personal,2020-08-06,2050-03-02,228778.13,203820.93,0.1268,360,IL,Credit Card Refinancing,G,8 years,100k-150k,Late (31-120 days),117,Gamma Collections,2022-07-27,2024-07-26,Expired,Legacy
L-101776,B-11162,Mortgage,2018-01-29,2021-01-13,50894.34,43984.15,0.1072,36,FL,Home Improvement,D,4 years,50k-100k,Charged Off,127,Delta Financial,2020-09-13,2024-05-22,Missing,Legacy
L-101777,B-99999,Student,2024-01-01,2049-11-24,399932.05,114141.9,0.0741,360,AR,Medical Expenses,C,20 years,>150k,Current,0,Beta Loan Servicers,2021-02-18,2024-01-25,Available,Manual
L-101778,B-99518,Personal,2018-05-16,2021-04-30,39468.43,16951.32,0.1132,36,KY,Debt Consolidation,B,8 years,100k-150k,Charged Off,100,Beta Loan Servicers,2020-11-23,2024-08-27,Expired,Legacy
L-101779,B-12044,Student,2019-12-09,2049-07-04,464336.51,169285.79,0.1093,360,MI,Other,A,9 years,50k-100k,Charged Off,121,Gamma Collections,2020-10-25,2024-07-14,Pending,LendingWeb
L-101780,B-28112,Auto,2023-05-04,2033-03-12,423146.72,86467.7,0.0711,120,NC,Debt Consolidation,A,3 years,>150k,Fully Paid,0,Alpha Servicing,2025-03-27,2024-08-07,Pending,LendingWeb
L-101781,B-70418,Personal,Not A Date,2026-07-04,120946.27,77324.13,0.1279,60,VA,Home Improvement,E,7 years,50k-100k,Default,102,Delta Financial,2023-09-03,2024-02-22,Available,Legacy
L-101782,B-21861,Student,2018-02-22,2047-09-18,280311.92,240158.49,0.0451,360,VA,Medical Expenses,C,20 years,100k-150k,Default,134,Alpha Servicing,2020-04-17,2024-04-02,Pending,LendingWeb
L-101783,B-83326,Personal,2019-01-04,2028-11-12,90996.46,60466.34,0.1065,120,KS,Credit Card Refinancing,F,11 years,50k-100k,Closed,0,Beta Loan Servicers,2020-11-19,2024-04-16,Missing,Manual
L-101784,B-57081,Student,2023-07-08,2026-06-22,331474.65,45949.76,0.0466,36,MA,Major Purchase,C,20 years,>150k,Fully Paid,0,Delta Financial,2023-11-13,2024-02-11,Missing,Legacy
L-101785,B-78771,Student,2018-06-03,2028-04-11,41127.24,27852.45,0.0302,120,XX,Medical Expenses,A,3 years,>150k,Current,0,Alpha Servicing,2019-05-06,2024-07-09,Pending,Manual
L-101786,B-95149,Auto,2019-02-27,2024-02-01,34873.57,19572.79,0.0736,60,MD,Home Improvement,F,9 years,>150k,Current,100,Gamma Collections,2021-03-25,2024-03-08,Expired,Manual
L-101787,B-48324,Student,2023-02-21,2026-02-05,32970.52,18076.22,0.1365,36,SD,Home Improvement,C,7 years,50k-100k,Late (31-120 days),55,Beta Loan Servicers,2023-06-19,2024-01-18,Missing,OriginatePro
L-101788,B-63238,Student,2018-09-05,2048-03-31,334592.89,143723.64,0.0323,360,OH,Major Purchase,C,6 years,50k-100k,Closed,0,Gamma Collections,2020-01-18,2024-02-14,Pending,Manual
L-101789,B-97639,Mortgage,2019-03-21,2022-03-05,415408.74,104321.4,0.1492,36,NM,Debt Consolidation,G,18 years,<50k,Default,42,Beta Loan Servicers,2020-08-31,2024-01-17,Expired,Manual
L-101790,B-86027,Mortgage,2019-11-04,2022-10-19,251861.69,194568.7,0.1203,36,AZ,Medical Expenses,E,7 years,100k-150k,Charged Off,100,Beta Loan Servicers,2021-10-22,2024-07-16,Pending,Manual
L-101791,B-63656,Mortgage,2022-08-06,2032-06-14,34336.26,16475.14,0.0644,120,LA,Credit Card Refinancing,D,10 years,>150k,Late (16-30 days),22,Delta Financial,2023-10-14,2024-06-22,Pending,Legacy
L-101792,B-88391,Mortgage,2023-08-19,2026-08-03,226140.54,128624.98,0.0898,36,OR,Credit Card Refinancing,A,1 years,50k-100k,Late (31-120 days),116,Beta Loan Servicers,2025-10-29,2024-03-02,Missing,Manual
L-101793,B-33534,Student,2020-07-13,2023-06-28,112269.79,87135.43,0.0767,36,KY,Credit Card Refinancing,B,11 years,>150k,Late (16-30 days),19,Alpha Servicing,2022-04-30,2024-01-15,Pending,Legacy
L-101794,B-59951,Mortgage,2021-10-04,2024-09-18,219176.87,82029.94,0.1077,36,LA,Major Purchase,D,15 years,100k-150k,Current,0,Beta Loan Servicers,2022-10-19,2024-04-16,Available,Legacy
L-101795,B-56944,Mortgage,Not A Date,2052-01-19,302237.17,80725.38,0.0463,360,NV,Home Improvement,B,8 years,50k-100k,Late (16-30 days),24,Gamma Collections,2024-07-07,2024-07-06,Missing,Manual
L-101796,B-28325,Mortgage,2023-07-30,2028-07-03,-1000.0,68102.81,0.0549,60,AZ,Home Improvement,G,7 years,>150k,Closed,0,Alpha Servicing,2023-09-05,2024-05-05,Missing,LendingWeb
L-101797,B-14460,Mortgage,2022-12-31,2025-12-15,137213.42,34697.15,0.1364,36,IL,Other,A,20 years,50k-100k,Charged Off,102,Gamma Collections,2024-03-13,2024-02-05,Pending,Manual
L-101798,B-81752,Auto,2021-01-08,2050-08-04,113464.66,20516.92,0.0929,360,VA,Other,F,11 years,<50k,Default,138,Delta Financial,2022-08-14,2024-01-21,Expired,LendingWeb
L-101799,B-58434,Personal,2023-01-01,2022-01-01,365313.68,366313.68,0.0415,120,NY,Other,F,17 years,50k-100k,Default,189,Beta Loan Servicers,2022-09-30,2024-05-01,Pending,OriginatePro
L-101800,B-29066,Student,2020-03-22,2049-10-16,263585.4,102831.95,0.0545,360,WA,Home Improvement,E,17 years,50k-100k,Fully Paid,0,Alpha Servicing,2020-12-03,2024-08-20,Expired,OriginatePro
L-101801,B-98830,Mortgage,2018-11-25,2028-10-03,16314.34,3784.68,0.1013,120,MS,Medical Expenses,G,13 years,100k-150k,Closed,0,Gamma Collections,2021-03-02,2024-02-22,Available,OriginatePro
L-101802,B-53466,Auto,2022-06-11,2052-01-05,220028.76,182449.52,0.1079,360,MT,Other,F,1 years,>150k,Fully Paid,0,Delta Financial,2023-02-24,2024-05-16,Expired,Manual
L-101803,B-22271,Personal,2023-12-19,2053-07-14,127073.5,69586.86,0.073,360,SC,Debt Consolidation,F,0 years,50k-100k,Charged Off,116,Beta Loan Servicers,2024-11-30,2024-03-28,Expired,Manual
L-101804,B-32137,Mortgage,2019-02-27,2029-01-05,179472.48,126976.42,0.059,120,UT,Major Purchase,C,6 years,>150k,Late (16-30 days),25,Gamma Collections,2020-12-17,2024-06-20,Pending,Legacy
L-101805,B-36353,Personal,2021-08-05,2031-06-14,210305.28,94297.48,0.1095,120,MS,Home Improvement,A,15 years,<50k,Charged Off,156,Beta Loan Servicers,2021-10-06,2024-01-05,Available,Legacy
L-101806,B-96794,Mortgage,2023-03-31,2028-03-04,193183.86,77434.76,0.1119,60,HI,Credit Card Refinancing,F,12 years,>150k,Late (16-30 days),27,Beta Loan Servicers,2023-10-21,2024-04-10,Expired,LendingWeb
L-101807,B-83961,Mortgage,2018-09-25,2048-04-20,335428.23,34908.26,0.0415,360,DE,Debt Consolidation,E,0 years,100k-150k,Charged Off,163,Delta Financial,2019-12-04,2024-01-24,Expired,OriginatePro
L-101808,B-30218,Student,2021-06-21,2031-04-30,462367.5,211680.74,0.1223,120,OR,Other,F,6 years,>150k,Charged Off,122,Gamma Collections,2023-04-27,2024-05-03,Expired,Manual
L-101809,B-17638,Auto,2020-03-21,2049-10-15,52880.11,22837.17,0.1398,360,WY,Other,F,11 years,<50k,Current,0,Gamma Collections,2021-04-13,2024-08-27,Missing,LendingWeb
L-101810,B-64849,Student,2021-05-14,2031-03-23,457512.46,335914.83,0.1126,120,IA,Medical Expenses,D,17 years,<50k,Fully Paid,0,Gamma Collections,2021-10-24,2024-01-22,Pending,Manual
L-101811,B-67244,Personal,2018-12-26,2023-11-30,224038.52,165581.96,0.0664,60,NH,Major Purchase,A,18 years,50k-100k,Default,101,Beta Loan Servicers,2021-05-08,2024-05-12,Available,Manual
L-101812,B-76599,Personal,2020-05-27,2023-05-12,200560.33,139895.88,0.0369,36,KS,Debt Consolidation,E,18 years,>150k,Late (31-120 days),131,Beta Loan Servicers,2021-03-24,2024-04-10,Missing,LendingWeb
L-101813,B-42916,Student,2021-09-13,2026-08-18,498389.24,124264.26,0.0423,60,MN,Major Purchase,A,7 years,>150k,Current,0,Alpha Servicing,2023-03-30,2024-01-07,Pending,LendingWeb
,B-64998,Personal,2022-04-13,2051-11-07,5342.43,1814.95,0.1263,360,IN,Major Purchase,D,8 years,>150k,Late (31-120 days),148,Delta Financial,2024-06-03,2024-02-22,Available,Manual
L-101815,B-20625,Mortgage,2023-01-01,2022-01-01,407182.39,55142.18,0.1205,36,WA,Medical Expenses,G,12 years,100k-150k,Late (31-120 days),172,Delta Financial,2022-01-23,2024-02-21,Available,Legacy
L-101816,B-49675,Auto,2021-07-09,2026-06-13,111354.37,44346.38,0.1314,60,NE,Other,F,12 years,<50k,Current,0,Beta Loan Servicers,2023-01-17,2024-06-11,Available,Legacy
L-101817,B-31934,Personal,2023-05-28,2028-05-01,395960.13,43258.4,0.149,60,AK,Debt Consolidation,B,9 years,100k-150k,Closed,0,Delta Financial,2023-10-01,2024-02-12,Available,Manual
L-101818,B-95730,Auto,2021-04-24,2024-04-08,98897.92,41629.84,0.1241,36,MS,Debt Consolidation,C,10 years,<50k,Charged Off,55,Beta Loan Servicers,2023-09-24,2024-07-18,Expired,Legacy
L-101819,B-75754,Student,2023-07-11,2026-06-25,244098.45,129131.58,0.107,36,SC,Home Improvement,E,6 years,50k-100k,Closed,0,Gamma Collections,2023-08-27,2024-08-23,Available,Manual
L-101820,B-20974,Mortgage,2020-06-20,2025-05-25,407326.31,64919.92,0.0534,60,OR,Credit Card Refinancing,B,4 years,<50k,Charged Off,98,Alpha Servicing,2022-06-01,2024-01-27,Missing,Manual
L-101821,B-98633,Auto,2023-04-14,2052-11-07,184791.65,100625.9,0.0762,360,VA,Major Purchase,C,17 years,<50k,Default,133,Alpha Servicing,2023-07-22,2024-03-14,Missing,Legacy
L-101822,B-95153,Mortgage,2018-09-01,2048-03-27,297994.95,227707.99,0.1432,360,NV,Credit Card Refinancing,D,2 years,50k-100k,Current,0,Alpha Servicing,2020-04-20,2023-01-01,Available,Legacy
L-101823,B-25917,Mortgage,2020-07-31,2025-07-05,101855.19,25024.57,0.0729,60,WV,Medical Expenses,G,15 years,50k-100k,Current,0,Delta Financial,2022-11-14,2024-03-08,Available,LendingWeb
L-101824,B-96867,Personal,2022-10-30,2025-10-14,423680.14,341138.15,-0.03064930945926164,36,SD,Debt Consolidation,E,12 years,<50k,Late (31-120 days),122,Alpha Servicing,2023-11-16,2024-03-03,Available,OriginatePro
L-101825,B-16416,Mortgage,2022-09-26,2025-09-10,261839.05,111008.91,0.0629,36,CT,Other,E,0 years,100k-150k,Late (31-120 days),135,Alpha Servicing,2025-04-10,2024-02-23,Expired,Legacy
L-101826,B-43640,Auto,2020-08-25,2030-07-04,215301.79,5000.0,0.0637,120,MN,Debt Consolidation,G,12 years,<50k,Closed,116,Alpha Servicing,2021-11-21,2024-03-23,Expired,LendingWeb
L-101827,B-54627,Student,2022-11-06,2027-10-11,343707.22,209710.39,0.1397,60,MN,Medical Expenses,F,1 years,>150k,Late (31-120 days),67,Gamma Collections,2023-02-24,2024-05-05,Available,LendingWeb
L-101828,B-91303,Personal,2023-02-04,2052-08-30,454312.02,455312.02,0.1318,360,UT,Other,E,9 years,>150k,Default,130,Alpha Servicing,2025-08-21,2024-06-07,Available,Legacy
L-101829,B-61215,Personal,2023-07-23,2028-06-26,264596.01,159819.11,0.0448,60,ME,Other,F,12 years,100k-150k,Charged Off,34,Beta Loan Servicers,2025-10-31,2024-07-05,Expired,Manual
L-101830,B-21115,Auto,2022-05-18,2051-12-12,72867.24,49209.31,0.0779,360,AL,Home Improvement,C,19 years,50k-100k,Late (31-120 days),133,Delta Financial,2023-10-24,2024-01-04,Expired,LendingWeb
L-101831,B-59607,Mortgage,2023-01-01,2022-01-01,411652.42,138431.26,0.049,360,MS,Major Purchase,B,6 years,<50k,Fully Paid,0,Beta Loan Servicers,2024-07-26,2024-03-09,Missing,OriginatePro
L-101832,B-54591,Mortgage,2021-10-31,2051-05-27,416415.45,41870.63,0.0685,360,ND,Medical Expenses,C,19 years,>150k,Current,0,Delta Financial,2022-06-02,2024-02-12,Available,LendingWeb
L-101833,B-29686,Auto,2022-01-14,2026-12-19,168576.69,120369.43,0.0526,60,DE,Medical Expenses,C,11 years,>150k,Current,0,Gamma Collections,2023-11-02,2024-04-10,Missing,OriginatePro
L-101834,B-29585,Mortgage,2019-05-22,2022-05-06,304243.12,245388.28,0.1406,36,PA,Credit Card Refinancing,C,7 years,<50k,Closed,0,Gamma Collections,2022-01-06,2024-02-09,Available,Manual
L-101835,B-77108,Mortgage,2020-12-22,2025-11-26,342052.39,208015.78,0.1351,60,NM,Medical Expenses,G,17 years,50k-100k,Fully Paid,0,Gamma Collections,2021-03-08,2024-03-04,Available,Manual
L-101836,B-79586,Mortgage,2020-07-23,2023-07-08,112420.32,67246.13,0.0979,36,UT,Other,E,2 years,<50k,Fully Paid,0,Alpha Servicing,2020-10-04,2024-07-05,Pending,OriginatePro
L-101837,B-63529,Personal,2023-03-13,2052-10-06,406330.34,261443.57,0.0734,360,NM,Major Purchase,C,11 years,50k-100k,Default,85,Gamma Collections,2024-09-07,2024-03-07,Expired,OriginatePro
L-101838,B-51230,Personal,2021-04-25,2026-03-30,68489.45,24487.98,0.0692,60,CA,Major Purchase,E,17 years,50k-100k,Charged Off,37,Gamma Collections,2021-07-11,2024-04-09,Pending,LendingWeb
L-101839,B-40199,Mortgage,2023-09-24,2053-04-19,-1000.0,74393.32,0.083,360,NM,Major Purchase,D,12 years,<50k,Charged Off,63,Delta Financial,2024-08-25,2024-06-23,Expired,Legacy
L-101840,B-97179,Mortgage,2018-08-16,2048-03-11,160135.94,25270.12,0.131,360,IN,Other,D,17 years,100k-150k,Charged Off,79,Alpha Servicing,2019-09-30,2024-03-13,Missing,Legacy
L-101841,B-96070,Auto,2023-05-24,2033-04-01,357376.81,304647.37,0.0608,120,KY,Home Improvement,A,20 years,<50k,Current,0,Delta Financial,2023-09-14,2024-05-10,Pending,OriginatePro
L-101842,B-87447,Student,2021-06-06,2031-04-15,355374.51,124207.23,0.1418,120,IN,Debt Consolidation,E,19 years,>150k,Current,0,Alpha Servicing,2023-06-05,2024-06-08,Missing,OriginatePro
L-101843,B-46258,Student,2019-11-06,2049-06-01,421790.15,199895.86,0.4424760108554784,360,WI,Debt Consolidation,F,6 years,100k-150k,Late (16-30 days),20,Gamma Collections,2021-08-11,2024-08-12,Pending,Manual
L-101844,B-92168,Auto,2023-12-14,2026-11-28,419745.42,201868.21,0.0784,36,VA,Home Improvement,A,11 years,50k-100k,Default,186,Gamma Collections,2024-08-22,2024-08-14,Missing,OriginatePro
L-101845,B-74362,Personal,2018-07-04,2023-06-08,111121.22,25351.47,0.0523,60,RI,Credit Card Refinancing,C,17 years,<50k,Default,34,Gamma Collections,2019-11-07,2024-04-22,Available,LendingWeb
L-101846,B-78860,Mortgage,2022-06-12,2052-01-06,158278.71,75543.09,0.133,360,KY,Debt Consolidation,D,0 years,50k-100k,Default,129,Delta Financial,2024-12-08,2024-06-13,Available,Legacy
L-101847,B-98107,Student,2022-03-27,2027-03-01,85216.85,76181.83,0.1323,60,DE,Home Improvement,G,20 years,50k-100k,Current,0,Beta Loan Servicers,2024-09-21,2024-07-28,,Manual
L-101848,B-82823,Personal,2022-12-09,2027-11-13,216197.53,144128.5,0.0559,60,IN,Home Improvement,G,0 years,100k-150k,Fully Paid,0,Gamma Collections,2024-10-28,2024-07-19,Missing,Legacy
L-101849,B-62729,Student,2022-06-15,2025-05-30,444284.93,5000.0,0.1486,36,CT,Home Improvement,B,8 years,100k-150k,Closed,21,Gamma Collections,2024-02-27,2024-02-04,Pending,Manual
L-101850,B-56069,Auto,2019-09-23,2029-08-01,94751.22,11680.12,0.0767,120,KS,Major Purchase,E,2 years,>150k,Closed,0,Alpha Servicing,2020-09-01,2024-04-26,Expired,LendingWeb
L-101851,B-92040,Auto,Not A Date,2048-07-02,364672.64,205495.72,0.1411,360,WV,Medical Expenses,G,20 years,100k-150k,Charged Off,97,Beta Loan Servicers,2019-03-22,2024-04-16,Missing,Legacy
L-101852,B-37338,Student,2020-03-03,2049-09-27,171544.68,85298.15,0.0887,360,NJ,Major Purchase,E,15 years,>150k,Default,124,Beta Loan Servicers,2021-04-06,2024-07-03,Missing,LendingWeb
L-101853,B-21704,Student,2020-11-18,2023-11-03,294487.99,81292.54,0.1277,36,OK,Debt Consolidation,E,20 years,100k-150k,Late (16-30 days),22,Delta Financial,2023-05-12,2024-03-07,Missing,Legacy
L-101854,B-99073,Student,2022-07-22,2025-07-06,184843.13,22560.98,0.0413,36,CO,Home Improvement,E,3 years,100k-150k,Late (31-120 days),165,Alpha Servicing,2023-07-02,2024-05-06,Missing,Manual
L-101855,B-42914,Student,2019-10-03,2022-09-17,134466.51,76379.78,0.0315,36,AL,Other,E,12 years,<50k,Closed,0,Delta Financial,2022-01-05,2024-05-27,Expired,Legacy
L-101856,B-50876,Auto,Not A Date,2051-05-31,115965.01,72963.38,0.0332,360,NJ,Medical Expenses,E,12 years,>150k,Fully Paid,0,Beta Loan Servicers,2023-01-04,2024-08-06,Available,Manual
L-101857,B-25488,Auto,2020-01-13,2024-12-17,231744.27,103329.84,0.0568,60,ID,Debt Consolidation,C,16 years,>150k,Charged Off,175,Delta Financial,2020-07-23,2024-05-12,Expired,Legacy
L-101858,B-97106,Personal,2022-01-22,2051-08-18,310940.94,70137.28,0.1352,360,NJ,Debt Consolidation,A,3 years,100k-150k,Late (31-120 days),189,Alpha Servicing,2024-06-23,2024-08-22,Expired,OriginatePro
L-101859,B-91965,Mortgage,2022-08-22,2025-08-06,409492.36,232997.41,0.091,36,NE,Medical Expenses,E,17 years,>150k,Closed,0,Alpha Servicing,2022-10-26,2024-06-22,Expired,OriginatePro
L-101860,B-55451,Student,2023-05-16,2033-03-24,415492.26,356955.27,0.1399,120,NE,Credit Card Refinancing,C,15 years,<50k,Late (16-30 days),22,Beta Loan Servicers,2023-11-15,2024-08-13,Expired,Manual
L-101861,B-55960,Student,2020-12-16,2030-10-25,261530.08,163366.89,0.0765,120,SC,Credit Card Refinancing,G,18 years,100k-150k,Default,51,Gamma Collections,2022-01-12,2024-04-09,Expired,LendingWeb
L-101862,B-51905,Auto,2019-06-16,2029-04-24,16641.36,6517.35,0.0831,120,HI,Medical Expenses,F,0 years,100k-150k,Fully Paid,0,Delta Financial,2020-06-02,2024-04-21,Pending,LendingWeb
L-101863,B-13537,Mortgage,2022-12-12,2032-10-20,143430.57,113814.98,0.0339,120,NM,Medical Expenses,A,11 years,50k-100k,Charged Off,86,Beta Loan Servicers,2025-01-26,2024-06-13,,OriginatePro
L-101864,B-89582,Auto,2020-10-11,2050-05-07,302413.63,5000.0,0.1188,360,AZ,Other,C,0 years,>150k,Closed,23,Beta Loan Servicers,2021-01-05,2024-05-03,,Legacy
L-101865,B-60636,Mortgage,2019-12-25,2029-11-02,420023.36,147588.17,0.0355,120,WV,Home Improvement,D,11 years,50k-100k,Closed,0,Delta Financial,2021-10-31,2024-07-07,Missing,LendingWeb
L-101866,B-61716,Student,2021-02-25,2050-09-21,136906.55,121403.22,0.1246,360,MT,Major Purchase,F,1 years,50k-100k,Late (16-30 days),29,Beta Loan Servicers,2023-10-08,2024-08-07,Expired,LendingWeb
L-101867,B-24609,Personal,2019-08-24,2022-08-08,355812.56,251319.21,0.064,36,CA,Debt Consolidation,A,0 years,50k-100k,Fully Paid,0,Delta Financial,2020-12-12,2024-01-16,Available,LendingWeb
L-101868,B-25071,Student,2021-05-09,2031-03-18,297990.06,139813.09,0.0979,120,NM,Home Improvement,E,6 years,50k-100k,Closed,0,Alpha Servicing,2022-08-19,2024-02-09,Pending,OriginatePro
L-101869,B-52130,Student,2022-03-01,2032-01-08,354378.18,169551.09,0.1008,120,MI,Debt Consolidation,G,11 years,50k-100k,Default,39,Beta Loan Servicers,2024-05-17,2024-08-01,Expired,Manual
L-101870,B-53793,Student,2023-04-11,2026-03-26,243038.26,148060.64,0.1397,36,OH,Other,A,5 years,50k-100k,Late (16-30 days),30,Delta Financial,2025-12-10,2024-02-28,Missing,Legacy
L-101871,B-26695,Mortgage,2023-07-09,2053-02-01,130509.04,75509.57,0.1006,360,MD,Other,A,6 years,50k-100k,Default,136,Delta Financial,2023-08-17,2024-06-23,Available,Manual
L-101872,B-85861,Auto,2018-07-03,2048-01-27,423286.02,165374.53,0.1364,360,NV,Credit Card Refinancing,A,15 years,<50k,Default,166,Beta Loan Servicers,2020-09-19,2024-05-15,Pending,OriginatePro
L-101873,B-11393,Mortgage,2020-11-07,2030-09-16,233907.87,104390.18,0.1339,120,TX,Credit Card Refinancing,F,0 years,100k-150k,Late (31-120 days),189,Beta Loan Servicers,2022-04-11,2024-03-17,Available,Legacy
L-101874,B-34791,Auto,2023-01-25,2027-12-30,396971.03,289272.81,0.1264,60,KY,Home Improvement,F,2 years,>150k,Default,163,Gamma Collections,2025-03-29,2024-05-09,Pending,Legacy
L-101875,B-82197,Personal,2020-06-02,2023-05-18,103951.98,25879.08,0.1051,36,NJ,Other,C,13 years,<50k,Closed,0,Gamma Collections,2020-12-07,2024-07-20,Available,Legacy
L-101876,B-57396,Mortgage,2020-04-26,2023-04-11,449971.79,263522.09,0.1018,36,SC,Major Purchase,D,6 years,50k-100k,Current,0,Beta Loan Servicers,2022-12-14,2024-04-12,Expired,LendingWeb
L-101877,B-44699,Auto,2020-09-29,2023-09-14,222882.61,136879.71,0.0441,36,MN,Credit Card Refinancing,G,1 years,50k-100k,Current,105,Delta Financial,2021-05-30,2024-03-01,Available,OriginatePro
L-101878,B-92307,Personal,2020-05-30,2023-05-15,281420.97,235579.84,0.0305,36,ME,Home Improvement,B,2 years,50k-100k,Fully Paid,0,Alpha Servicing,2022-08-14,2024-07-17,Missing,Legacy
L-101879,B-49446,Auto,2018-05-14,2023-04-18,455473.57,65921.87,0.1453,60,MD,Medical Expenses,C,14 years,50k-100k,Charged Off,122,Delta Financial,2020-07-26,2024-08-20,Expired,OriginatePro
L-101880,B-86927,Mortgage,2021-01-14,2030-11-23,320851.95,116127.19,0.0932,120,CT,Credit Card Refinancing,G,2 years,50k-100k,Default,68,Beta Loan Servicers,2023-04-07,2024-03-14,Pending,OriginatePro
L-101881,B-86923,Personal,2019-02-08,2028-12-17,96409.62,37587.14,0.1076,120,UT,Major Purchase,G,16 years,<50k,Late (31-120 days),117,Alpha Servicing,2019-11-14,2024-01-17,Available,Manual
L-101882,B-91340,Personal,2021-05-27,2031-04-05,372161.92,172231.37,0.0424,120,MI,Debt Consolidation,G,9 years,100k-150k,Charged Off,60,Gamma Collections,2023-07-20,2024-01-17,Missing,LendingWeb
L-101883,B-47762,Student,2021-04-04,2024-03-19,122476.91,44820.3,0.0832,36,NE,Medical Expenses,C,11 years,100k-150k,Charged Off,84,Gamma Collections,2023-10-02,2024-06-17,Available,Legacy
L-101884,B-76556,Mortgage,2019-09-17,2049-04-12,222126.45,80807.01,0.0836,360,NH,Other,D,15 years,100k-150k,Late (31-120 days),178,Beta Loan Servicers,2020-10-29,2024-05-23,Available,OriginatePro
L-101885,B-38419,Student,2019-08-31,2029-07-09,369647.09,277156.63,0.0598,120,RI,Major Purchase,E,1 years,<50k,Default,46,Gamma Collections,2022-03-13,2024-06-12,Pending,LendingWeb
L-101886,B-84604,Student,2023-03-07,2033-01-13,461401.38,358214.27,0.0427,120,NV,Home Improvement,B,18 years,100k-150k,Closed,0,Delta Financial,2025-02-08,2024-08-04,Missing,LendingWeb
L-101887,B-57712,Mortgage,2023-01-01,2022-01-01,465413.96,335665.2,0.0817,36,KY,Medical Expenses,F,0 years,>150k,Late (31-120 days),62,Beta Loan Servicers,2024-06-28,2024-03-16,Missing,Manual
L-101888,B-62075,Personal,2020-03-19,2023-03-04,471247.33,355145.5,0.1438,36,VT,Other,B,8 years,<50k,Default,194,Alpha Servicing,2020-06-14,2024-06-10,Pending,LendingWeb
L-101889,B-82834,Mortgage,2021-04-01,2031-02-08,181044.97,157643.23,0.1365,120,MS,Major Purchase,G,5 years,<50k,Default,173,Beta Loan Servicers,2021-11-25,2024-06-26,Expired,Manual
L-101890,B-64363,Auto,2021-12-29,2024-12-13,154253.49,114583.55,0.0997,36,AK,Medical Expenses,D,1 years,100k-150k,Late (16-30 days),17,Delta Financial,2022-04-28,2024-06-11,Expired,LendingWeb
L-101891,B-30797,Auto,2023-02-15,2028-01-20,115418.43,62878.85,0.1365,60,WY,Medical Expenses,F,7 years,<50k,Fully Paid,0,Delta Financial,2023-04-22,2024-06-21,Available,Legacy
L-101892,B-14379,Personal,2022-03-03,2027-02-05,300622.54,52388.8,0.0743,60,IN,Home Improvement,A,5 years,>150k,Late (31-120 days),43,Alpha Servicing,2023-12-18,2024-04-22,Missing,OriginatePro
L-101893,B-84798,Student,2020-09-22,2050-04-18,295780.58,73339.62,0.0303,360,TX,Home Improvement,E,17 years,>150k,Charged Off,74,Alpha Servicing,2022-05-18,2024-04-17,Pending,LendingWeb
L-101894,B-68955,Auto,2022-08-16,2052-03-11,218977.07,65424.37,0.1358,360,FL,Other,A,17 years,50k-100k,Late (31-120 days),162,Alpha Servicing,2023-03-24,2024-05-06,Expired,Manual
L-101895,B-48286,Student,2021-02-13,2026-01-18,365325.71,157244.51,0.063,60,AK,Credit Card Refinancing,D,20 years,50k-100k,Closed,0,Beta Loan Servicers,2023-05-03,2024-08-20,Expired,Manual
L-101896,B-41407,Student,2021-09-02,2024-08-17,343134.19,185200.81,0.0832,36,MD,Credit Card Refinancing,E,18 years,50k-100k,Late (31-120 days),130,Delta Financial,2023-08-12,2024-02-10,Pending,Manual
L-101897,B-89935,Mortgage,2021-10-03,2026-09-07,50466.47,18250.15,0.127,60,MT,Credit Card Refinancing,F,4 years,50k-100k,Charged Off,102,Alpha Servicing,2024-06-23,2024-03-21,Expired,Legacy
L-101898,B-82813,Student,2021-01-03,2050-07-30,198284.07,125739.37,0.1269,360,CA,Debt Consolidation,F,17 years,50k-100k,Closed,0,Beta Loan Servicers,2022-09-15,2024-03-08,Missing,LendingWeb
L-101899,B-60293,Student,2019-07-17,2024-06-20,452141.38,127162.56,0.0549,60,NY,Other,E,8 years,<50k,Default,47,Beta Loan Servicers,2021-01-24,2024-07-16,Pending,LendingWeb
L-101900,B-74981,Mortgage,2018-07-30,2028-06-07,394675.68,142985.63,0.0762,120,MA,Other,G,14 years,>150k,Fully Paid,0,Gamma Collections,2020-12-21,2024-08-17,Expired,Legacy
L-101901,B-17092,Personal,2021-10-13,2024-09-27,425616.14,87426.56,0.0775,36,WV,Major Purchase,F,13 years,100k-150k,Fully Paid,0,Gamma Collections,2024-07-02,2024-05-07,Expired,OriginatePro
L-101902,B-31706,Student,Not A Date,2028-04-07,208487.99,63440.4,0.0821,120,IL,Credit Card Refinancing,G,8 years,50k-100k,Current,0,Alpha Servicing,2019-04-23,2024-03-03,Expired,Manual
L-101903,B-42775,Student,2019-02-13,2028-12-22,72957.58,21861.61,0.0399,120,OR,Debt Consolidation,E,16 years,100k-150k,Fully Paid,0,Alpha Servicing,2021-06-15,2024-06-14,Pending,Legacy
L-101904,B-40858,Mortgage,2021-07-20,2031-05-29,29582.73,5031.21,0.0616,120,IL,Home Improvement,G,5 years,>150k,Default,136,Beta Loan Servicers,2022-02-25,2024-08-22,Available,LendingWeb
L-101905,B-26889,Mortgage,2020-04-17,2023-04-02,5774.1,764.76,0.1478,36,NC,Medical Expenses,A,15 years,<50k,Current,0,Gamma Collections,2020-10-18,2024-03-20,Available,LendingWeb
L-101906,B-55819,Student,2021-04-25,2050-11-19,184115.5,106580.48,0.0701,360,FL,Major Purchase,A,5 years,100k-150k,Charged Off,189,Delta Financial,2021-08-30,2024-02-26,Pending,OriginatePro
L-101907,B-51488,Mortgage,2018-07-03,2028-05-11,471377.27,49490.5,0.0881,120,WA,Other,F,11 years,<50k,Late (16-30 days),16,Delta Financial,2018-10-19,2024-01-20,Missing,OriginatePro
L-101908,B-24252,Student,2023-02-10,2032-12-19,172880.35,146721.82,0.1288,120,DE,Credit Card Refinancing,D,7 years,50k-100k,Current,0,Gamma Collections,2023-11-18,2024-02-20,Missing,Manual
L-101909,B-46962,Mortgage,2018-12-23,2023-11-27,209815.04,90007.89,0.0778,60,AZ,Home Improvement,B,6 years,>150k,Current,0,Delta Financial,2020-01-21,2024-06-17,Available,Manual
L-101910,B-29076,Personal,2023-02-02,2032-12-11,169219.65,37200.05,0.0848,120,FL,Debt Consolidation,F,7 years,>150k,Fully Paid,0,Delta Financial,2025-04-07,2024-01-05,Expired,LendingWeb
L-101911,B-24776,Auto,2018-02-01,2027-12-11,452193.11,351067.8,0.1401,120,NV,Medical Expenses,D,1 years,>150k,Charged Off,31,Gamma Collections,2019-06-19,2024-02-25,Available,OriginatePro
L-101912,B-20909,Auto,2022-04-19,2051-11-13,435402.73,252125.45,0.1272,360,KS,Credit Card Refinancing,G,6 years,50k-100k,Closed,0,Beta Loan Servicers,2022-06-05,2024-06-09,Pending,LendingWeb
L-101913,B-20734,Student,2021-09-17,2051-04-13,409761.24,334819.02,0.0998,360,IL,Home Improvement,G,3 years,50k-100k,Current,0,Beta Loan Servicers,2022-07-21,2024-03-13,Pending,Manual
L-101914,B-79248,Personal,2021-09-17,2024-09-01,288900.84,61867.42,0.0341,36,CA,Other,A,10 years,100k-150k,Charged Off,160,Alpha Servicing,2023-12-23,2024-06-04,Available,OriginatePro
L-101915,B-34951,Personal,2022-05-22,2032-03-30,363085.47,101452.02,0.08,120,WI,Home Improvement,A,10 years,>150k,Fully Paid,0,Gamma Collections,2024-06-06,2024-05-07,Expired,Legacy
,B-10379,Personal,2019-05-05,2048-11-28,-1000.0,120194.38,0.0841,360,NH,Debt Consolidation,F,20 years,50k-100k,Current,0,Delta Financial,2019-06-14,2024-05-15,Available,Legacy
L-101917,B-34108,Personal,2019-11-26,2024-10-30,431991.16,361291.74,0.3933225591022562,60,OR,Other,D,2 years,>150k,Fully Paid,0,Gamma Collections,2021-01-18,2023-01-01,Expired,Manual
L-101918,B-59148,Auto,2021-12-23,2024-12-07,249322.44,172430.74,0.1461,36,WY,Medical Expenses,B,0 years,<50k,Current,0,Gamma Collections,2024-01-30,2024-06-27,Available,Manual
L-101919,B-89505,Mortgage,2020-10-10,2023-09-25,246622.42,-500.0,0.1367,36,ME,Other,D,0 years,100k-150k,Fully Paid,0,Gamma Collections,2020-12-23,2024-07-12,Pending,LendingWeb
L-101920,B-29561,Personal,2020-04-09,2030-02-16,236206.86,149083.72,0.1323,120,MO,Credit Card Refinancing,A,18 years,100k-150k,Default,77,Alpha Servicing,2021-09-01,2024-06-14,Missing,OriginatePro
L-101921,B-69004,Auto,2019-10-18,2049-05-13,17904.33,3633.44,0.1419,360,SD,Other,D,2 years,<50k,Charged Off,142,Alpha Servicing,2021-12-13,2024-02-01,Missing,Manual
,B-10423,Auto,2021-02-14,2024-01-30,408217.94,62781.68,0.0861,36,XX,Home Improvement,B,15 years,>150k,Fully Paid,0,Beta Loan Servicers,2022-09-07,2024-01-12,Expired,Manual
L-101923,B-74349,Student,2018-07-23,2021-07-07,142377.46,81288.37,0.0461,36,MO,Medical Expenses,B,3 years,<50k,Charged Off,116,Delta Financial,2020-06-15,2024-07-10,Expired,Legacy
L-101924,B-74337,Student,2020-04-08,2030-02-15,481068.76,187430.92,0.1134,120,OR,Other,A,18 years,50k-100k,Late (16-30 days),16,Gamma Collections,2022-10-11,2024-02-07,Pending,Manual
L-101925,B-41478,Student,2021-03-02,2026-02-04,179094.38,24888.09,0.0728,60,NV,Major Purchase,F,8 years,>150k,Fully Paid,0,Delta Financial,2021-10-11,2024-06-18,Available,OriginatePro
L-101926,B-24811,Student,2023-07-28,2033-06-05,257248.05,219972.26,0.0639,120,NH,Medical Expenses,B,11 years,100k-150k,Fully Paid,0,Gamma Collections,2024-04-04,2024-04-12,Expired,Manual
L-101927,B-26278,Mortgage,2021-12-07,2026-11-11,387645.53,299992.18,0.1034,60,AR,Other,D,8 years,>150k,Fully Paid,0,Alpha Servicing,2022-06-07,2024-07-26,Expired,Legacy
L-101928,B-85671,Auto,2022-09-18,2027-08-23,109355.34,31842.13,0.0345,60,SD,Debt Consolidation,B,17 years,>150k,Charged Off,86,Alpha Servicing,2023-09-11,2024-07-17,Missing,Manual
L-101929,B-59009,Mortgage,2020-08-22,2030-07-01,422335.82,102352.59,0.1127,120,AR,Home Improvement,E,8 years,>150k,Late (31-120 days),153,Alpha Servicing,2021-01-15,2024-03-18,Missing,Manual
L-101930,B-87449,Mortgage,2021-04-04,2031-02-11,65499.15,18641.49,0.1468,120,FL,Home Improvement,E,7 years,<50k,Default,196,Delta Financial,2022-10-08,2024-07-11,Available,OriginatePro
L-101931,B-84404,Personal,2022-12-05,2032-10-13,419066.4,257866.72,0.0367,120,MA,Major Purchase,F,15 years,>150k,Closed,0,Alpha Servicing,2024-04-17,2024-05-07,Available,OriginatePro
L-101932,B-97728,Personal,2020-05-17,2030-03-26,322165.83,85411.53,0.0597,120,VT,Debt Consolidation,A,10 years,>150k,Late (31-120 days),39,Beta Loan Servicers,2022-12-24,2024-08-06,Available,LendingWeb
L-101933,B-77576,Auto,2020-02-10,2049-09-05,297804.46,233393.68,0.0841,360,MN,Major Purchase,B,19 years,100k-150k,Late (16-30 days),19,Alpha Servicing,2021-05-01,2024-07-27,Expired,Legacy
L-101934,B-78269,Personal,2021-08-22,2024-08-06,202869.18,143471.85,0.0573,36,PA,Other,C,8 years,<50k,Current,0,Alpha Servicing,2021-10-07,2024-05-05,Expired,Manual
L-101935,B-44136,Mortgage,2021-11-29,2031-10-08,421539.3,92824.2,0.1405,120,AL,Debt Consolidation,G,16 years,<50k,Charged Off,170,Delta Financial,2023-09-15,2024-02-07,Missing,OriginatePro
L-101936,B-58458,Student,2021-08-07,2026-07-12,266691.34,196620.77,0.1365,60,CA,Debt Consolidation,A,10 years,>150k,Current,0,Beta Loan Servicers,2022-07-09,2024-08-12,Expired,Legacy
L-101937,B-94282,Auto,2022-08-15,2032-06-23,421573.54,338536.87,0.0494,120,ID,Credit Card Refinancing,G,10 years,100k-150k,Late (31-120 days),137,Beta Loan Servicers,2022-09-17,2024-03-04,Missing,LendingWeb
L-101938,B-42854,Student,2019-11-26,2024-10-30,333487.62,185316.65,0.0305,60,CO,Major Purchase,B,9 years,50k-100k,Late (31-120 days),129,Delta Financial,2022-07-17,2024-01-26,Pending,LendingWeb
L-101939,B-71903,Auto,2018-07-27,2048-02-20,-1000.0,22073.2,0.1412,360,ND,Debt Consolidation,A,14 years,100k-150k,Current,0,Delta Financial,2019-03-08,2024-06-05,Available,LendingWeb
L-101940,B-92890,Auto,2023-01-01,2022-01-01,456752.06,106133.78,0.106,36,NY,Credit Card Refinancing,D,2 years,>150k,Charged Off,41,Gamma Collections,2021-04-17,2024-05-22,Available,LendingWeb
L-101941,B-45364,Auto,2020-02-25,2025-01-29,338685.13,151663.35,0.0732,60,AL,Home Improvement,E,10 years,<50k,Late (31-120 days),141,Gamma Collections,2021-10-12,2024-02-15,Available,LendingWeb
L-101942,B-72055,Mortgage,2018-09-01,2028-07-10,92951.16,69006.49,0.1011,120,HI,Debt Consolidation,G,18 years,<50k,Fully Paid,0,Alpha Servicing,2020-07-28,2024-05-06,Pending,Legacy
L-101943,B-48036,Auto,2021-03-10,2024-02-23,376784.43,102907.1,0.0916,36,MS,Other,F,12 years,50k-100k,Charged Off,61,Gamma Collections,2023-09-01,2024-03-14,Pending,OriginatePro
L-101944,B-10749,Auto,2019-10-27,2022-10-11,58495.95,-500.0,0.0352,36,AR,Medical Expenses,E,20 years,100k-150k,Fully Paid,0,Gamma Collections,2021-02-14,2024-07-13,Pending,LendingWeb
L-101945,B-81271,Auto,2019-08-25,2049-03-20,97375.8,5000.0,0.045,360,TX,Major Purchase,D,10 years,<50k,Closed,110,Gamma Collections,2021-09-03,2024-02-11,Missing,OriginatePro
L-101946,B-24900,Auto,2019-01-25,2022-01-09,99390.61,51077.42,0.1359,36,IN,Debt Consolidation,C,12 years,50k-100k,Late (16-30 days),20,Beta Loan Servicers,2020-09-02,2024-05-23,Available,OriginatePro
L-101947,B-29339,Personal,2022-06-05,2027-05-10,471621.42,226987.08,0.0398,60,KS,Home Improvement,A,4 years,100k-150k,Late (16-30 days),30,Gamma Collections,2022-12-14,2024-04-18,Expired,Manual
L-101948,B-15158,Student,2023-04-26,2052-11-19,19670.72,14127.64,0.1043,360,WA,Home Improvement,F,20 years,>150k,Fully Paid,0,Delta Financial,2025-05-20,2024-07-16,Pending,Legacy
L-101949,B-80658,Student,2023-06-17,2028-05-21,42144.19,19346.59,0.0706,60,ME,Other,A,0 years,50k-100k,Closed,0,Beta Loan Servicers,2025-07-01,2024-01-26,Pending,Legacy
L-101950,B-12447,Student,2019-08-16,2029-06-24,400148.01,297494.65,0.0465,120,LA,Home Improvement,D,11 years,100k-150k,Current,0,Delta Financial,2021-10-16,2024-04-19,Missing,Manual
L-101951,B-66937,Mortgage,2021-07-30,2026-07-04,113667.57,71161.75,0.1266,60,HI,Medical Expenses,E,6 years,>150k,Fully Paid,0,Beta Loan Servicers,2023-07-16,2024-03-25,Expired,Manual
L-101952,B-77629,Auto,2023-05-13,2026-04-27,140727.62,87331.45,0.0579,36,NJ,Other,B,2 years,100k-150k,Charged Off,91,Alpha Servicing,2025-09-29,2024-02-24,Expired,OriginatePro
L-101953,B-98403,Auto,2020-02-23,2030-01-01,128475.97,85524.8,0.1164,120,MN,Debt Consolidation,G,15 years,<50k,Current,96,Gamma Collections,2020-03-30,2024-05-19,Pending,Manual
L-101954,B-35928,Personal,2023-02-12,2052-09-07,254761.54,169029.06,0.0798,360,WY,Debt Consolidation,B,17 years,<50k,Closed,0,Gamma Collections,2025-10-02,2024-06-03,Pending,LendingWeb
L-101628,B-57054,Personal,2019-12-03,2024-11-06,450611.24,255117.69,0.0704,60,IL,Home Improvement,F,1 years,100k-150k,Charged Off,48,Gamma Collections,2020-10-29,2024-02-19,Expired,OriginatePro
L-101956,B-96435,Personal,2019-03-26,2022-03-10,17825.3,7639.51,0.067,36,CT,Other,B,13 years,50k-100k,Default,122,Alpha Servicing,2021-12-15,2024-06-24,Available,LendingWeb
L-101957,B-18504,Student,2020-08-30,2050-03-26,442036.88,364454.02,0.0469,360,KY,Home Improvement,D,15 years,>150k,Closed,0,Alpha Servicing,2022-09-25,2024-04-27,Missing,OriginatePro
L-101958,B-93008,Auto,2019-07-28,2022-07-12,223467.42,180891.15,0.1348,36,SC,Other,F,18 years,50k-100k,Late (31-120 days),109,Delta Financial,2021-09-24,2024-06-05,Available,Legacy
L-101959,B-31132,Student,2021-07-23,2051-02-16,125863.31,98840.88,0.1369,360,IN,Debt Consolidation,A,9 years,50k-100k,Late (16-30 days),17,Alpha Servicing,2023-02-20,2024-07-06,Missing,Legacy
L-101960,B-66621,Personal,2020-11-28,2023-11-13,18241.77,13703.79,0.0939,36,NC,Debt Consolidation,B,13 years,100k-150k,Charged Off,126,Alpha Servicing,2022-11-21,2024-01-02,Missing,Legacy
L-101961,B-75640,Mortgage,2021-06-01,2024-05-16,354678.85,-500.0,0.0405,36,AZ,Home Improvement,E,8 years,>150k,Current,0,Delta Financial,2023-04-11,2024-08-18,Expired,OriginatePro
L-101962,B-34080,Auto,2021-02-27,2050-09-23,431630.1,338065.24,0.0552,360,FL,Debt Consolidation,C,6 years,100k-150k,Fully Paid,0,Delta Financial,2021-12-15,2024-04-24,Missing,LendingWeb
L-101963,B-50034,Mortgage,2019-03-04,2022-02-16,208622.44,31934.82,0.0354,36,AK,Credit Card Refinancing,G,12 years,<50k,Current,0,Alpha Servicing,2021-01-06,2024-05-04,Missing,Legacy
L-101964,B-40724,Personal,2022-02-09,2031-12-19,480221.25,222905.26,0.0664,120,AR,Other,D,4 years,50k-100k,Fully Paid,0,Beta Loan Servicers,2023-11-12,2024-06-14,Expired,OriginatePro
L-101965,B-96105,Auto,2023-06-27,2053-01-20,398480.89,64316.46,-0.04117696205728343,360,WI,Medical Expenses,G,17 years,>150k,Fully Paid,0,Delta Financial,2024-12-10,2024-07-16,Expired,LendingWeb
L-101966,B-18331,Mortgage,2023-08-11,2053-03-06,235036.05,37879.65,0.1248,360,RI,Medical Expenses,A,17 years,50k-100k,Charged Off,147,Beta Loan Servicers,2023-10-22,2024-05-17,Expired,OriginatePro
L-101967,B-15090,Personal,2022-01-19,2025-01-03,295529.7,104992.28,0.1187,36,NE,Medical Expenses,G,2 years,>150k,Closed,0,Beta Loan Servicers,2022-12-02,2024-02-18,Available,Manual
L-101968,B-85856,Student,2021-06-30,2024-06-14,127747.66,77535.84,0.0428,36,NY,Credit Card Refinancing,E,10 years,50k-100k,Charged Off,58,Gamma Collections,2022-03-31,2024-07-24,Missing,Legacy
L-101969,B-57408,Personal,2021-06-06,2026-05-11,384767.65,218095.29,0.0838,60,UT,Medical Expenses,C,8 years,<50k,Default,89,Gamma Collections,2023-11-20,2024-07-15,Available,OriginatePro
L-101970,B-17149,Student,2018-11-02,2028-09-10,102623.81,56149.35,0.0635,120,AR,Other,C,11 years,100k-150k,Fully Paid,0,Gamma Collections,2021-01-13,2024-04-22,Pending,LendingWeb
L-101971,B-47016,Auto,2023-01-18,2052-08-13,230736.1,152017.0,0.0904,360,ND,Medical Expenses,G,18 years,50k-100k,Fully Paid,0,Beta Loan Servicers,2025-05-15,2024-02-25,Available,Legacy
L-101972,B-69707,Mortgage,2018-02-07,2027-12-17,15723.75,11083.32,0.0672,120,WI,Debt Consolidation,A,5 years,100k-150k,Default,58,Delta Financial,2019-03-19,2024-08-18,Available,LendingWeb
L-101973,B-22422,Auto,2021-06-26,2051-01-20,207383.15,34312.57,0.0802,360,LA,Home Improvement,D,4 years,100k-150k,Late (31-120 days),158,Alpha Servicing,2023-07-08,2024-05-19,Expired,Manual
L-101974,B-20769,Auto,2018-03-06,2021-02-18,253529.93,119909.76,0.0317,36,KS,Home Improvement,C,14 years,<50k,Fully Paid,0,Gamma Collections,2020-02-09,2024-05-08,Available,Manual
L-101975,B-42017,Mortgage,2021-06-15,2051-01-09,331406.48,237997.0,0.098,360,SC,Major Purchase,F,8 years,<50k,Closed,0,Beta Loan Servicers,2023-04-30,2024-01-09,Missing,Legacy
L-101976,B-70822,Student,2023-08-11,2028-07-15,134255.29,103804.14,0.0493,60,NJ,Debt Consolidation,C,16 years,<50k,Current,0,Beta Loan Servicers,2023-11-09,2023-01-01,Expired,LendingWeb
L-101977,B-42120,Mortgage,2020-10-10,2023-09-25,407965.43,341818.51,0.1127,36,MS,Debt Consolidation,E,3 years,50k-100k,Default,125,Alpha Servicing,2023-05-17,2024-08-02,Available,OriginatePro
L-101978,B-45550,Mortgage,2023-03-01,2033-01-07,102916.17,79688.06,0.0725,120,MO,Other,D,9 years,<50k,Closed,0,Gamma Collections,2023-11-01,2024-07-05,Pending,Legacy
L-101979,B-95118,Mortgage,2020-04-21,2023-04-06,41154.55,15196.14,0.0431,36,CA,Debt Consolidation,E,0 years,50k-100k,Current,0,Delta Financial,2020-06-01,2024-08-04,Missing,Manual
L-101980,B-95146,Mortgage,2018-08-05,2021-07-20,183438.02,184438.02,0.039,36,UT,Credit Card Refinancing,C,5 years,>150k,Closed,0,Delta Financial,2020-07-04,2024-04-24,Pending,OriginatePro
L-101981,B-83470,Personal,2019-07-12,2029-05-20,388602.63,76140.97,0.1299,120,CT,Other,C,19 years,100k-150k,Late (31-120 days),67,Delta Financial,2021-10-30,2024-02-18,Pending,LendingWeb
L-101982,B-51233,Mortgage,2022-12-02,2032-10-10,269980.99,60308.09,0.0936,120,WA,Other,E,11 years,<50k,Charged Off,58,Gamma Collections,2025-05-21,2024-05-02,Missing,OriginatePro
L-101983,B-27506,Mortgage,2023-01-01,2022-01-01,298615.13,227061.48,0.0913,120,VT,Home Improvement,F,20 years,100k-150k,Fully Paid,0,Beta Loan Servicers,2023-05-27,2024-01-11,Available,Manual
L-101984,B-51438,Auto,2023-07-30,2026-07-14,295025.11,237794.88,-0.012058023892264264,36,NH,Home Improvement,C,8 years,100k-150k,Late (16-30 days),21,Beta Loan Servicers,2024-06-11,2024-08-16,Expired,Manual
L-101985,B-43175,Personal,2021-01-25,2050-08-21,135948.94,77469.2,0.0341,360,NV,Credit Card Refinancing,G,1 years,<50k,Default,33,Delta Financial,2022-09-28,2024-03-13,Pending,Manual
L-101986,B-26502,Student,2022-01-31,2031-12-10,402151.78,200058.96,0.1012,120,OK,Credit Card Refinancing,F,9 years,>150k,Current,0,Alpha Servicing,2022-07-23,2024-02-01,Pending,Legacy
L-101987,B-71313,Mortgage,2022-01-16,2031-11-25,405863.96,155601.02,0.0538,120,NV,Debt Consolidation,A,13 years,<50k,Charged Off,188,Beta Loan Servicers,2022-07-09,2024-05-15,Available,Manual
L-101988,B-83880,Mortgage,2022-06-15,2027-05-20,183481.62,156043.91,0.1253,60,VA,Major Purchase,C,6 years,<50k,Fully Paid,0,Delta Financial,2024-09-14,2024-01-07,Missing,LendingWeb
L-101989,B-17696,Mortgage,2021-05-02,2026-04-06,338623.35,195720.69,0.1421,60,KY,Credit Card Refinancing,B,14 years,100k-150k,Late (16-30 days),26,Beta Loan Servicers,2022-08-12,2024-02-26,Expired,LendingWeb
L-101990,B-84699,Student,2020-12-11,2030-10-20,463595.75,159956.93,0.1138,120,MN,Other,E,11 years,>150k,Fully Paid,0,Alpha Servicing,2021-07-06,2024-08-24,Missing,Legacy
L-101991,B-74620,Personal,2019-08-12,2049-03-07,366027.01,191529.82,0.0459,360,GA,Other,C,0 years,50k-100k,Late (16-30 days),25,Beta Loan Servicers,2020-10-18,2024-03-16,Expired,Legacy
L-101992,B-70511,Student,2021-01-13,2023-12-29,384390.55,123550.16,0.0349,36,WA,Major Purchase,C,11 years,<50k,Current,0,Beta Loan Servicers,2022-08-31,2024-07-08,Available,Legacy
L-101993,B-12085,Personal,2018-01-27,2023-01-01,355138.0,264125.22,0.0938,60,RI,Home Improvement,A,15 years,100k-150k,Fully Paid,0,Gamma Collections,2019-10-20,2024-06-06,Missing,Manual
L-101994,B-65050,Student,2023-05-27,2033-04-04,95367.39,57216.63,0.0682,120,KY,Home Improvement,G,7 years,>150k,Late (16-30 days),27,Beta Loan Servicers,2025-06-27,2024-08-17,Missing,Manual
L-101995,B-85820,Mortgage,2018-11-23,2028-10-01,64248.38,7037.49,0.0755,120,NY,Major Purchase,G,5 years,<50k,Late (31-120 days),80,Gamma Collections,2020-12-05,2024-07-19,Expired,LendingWeb
L-101996,B-38387,Student,2018-10-07,2028-08-15,451788.94,217365.66,0.0434,120,AK,Credit Card Refinancing,B,0 years,50k-100k,Current,0,Delta Financial,2019-06-21,2024-01-22,Pending,Legacy
L-101997,B-72430,Mortgage,2020-08-12,2050-03-08,227399.62,173660.83,0.0573,360,FL,Medical Expenses,D,6 years,100k-150k,Current,0,Gamma Collections,2022-02-22,2024-06-02,,Manual
L-101998,B-97797,Personal,2018-04-20,2023-03-25,208927.57,140596.86,0.03,60,AR,Major Purchase,B,5 years,<50k,Charged Off,198,Delta Financial,2018-08-15,2024-03-25,Available,LendingWeb
L-101999,B-55504,Mortgage,2020-10-01,2030-08-10,287266.21,206240.07,0.0458,120,IN,Debt Consolidation,G,10 years,>150k,Late (31-120 days),60,Delta Financial,2021-11-04,2024-08-26,Available,OriginatePro
L-999948,B-45300,Mortgage,2021-08-28,2051-03-24,316955.96,78321.19,0.0604,360,ND,Other,G,15 years,<50k,Current,0,Beta Loan Servicers,2021-10-08,2024-05-26,Missing,LendingWeb
L-999548,B-55960,Student,2020-12-16,2030-10-25,261530.08,163366.89,0.0765,120,SC,Credit Card Refinancing,G,18 years,100k-150k,Default,51,Gamma Collections,2022-01-12,2024-04-09,Expired,LendingWeb
L-999354,B-35652,Auto,2018-12-09,2048-07-04,340146.38,294600.43,0.1471,360,MT,Home Improvement,D,10 years,<50k,Fully Paid,0,Gamma Collections,2020-02-19,2024-03-23,Expired,LendingWeb
L-999522,B-47554,Personal,2018-12-29,2028-11-06,230847.45,110340.5,0.0497,120,TX,Credit Card Refinancing,F,17 years,50k-100k,Late (31-120 days),194,Gamma Collections,2020-03-19,2024-03-19,Expired,LendingWeb
L-999398,B-69105,Mortgage,2022-03-05,2051-09-29,11116.87,2191.52,0.0606,360,ID,Debt Consolidation,E,8 years,50k-100k,Current,0,Gamma Collections,2022-10-25,2024-04-25,Available,OriginatePro
L-999502,B-48543,Personal,2019-04-01,2024-03-05,7521.35,5676.58,0.0911,60,NE,Home Improvement,C,1 years,>150k,Closed,0,Alpha Servicing,2021-10-14,2024-01-01,Expired,Manual
L-999556,B-13027,Mortgage,2020-08-19,2030-06-28,470516.48,310803.21,0.0396,120,HI,Major Purchase,A,3 years,<50k,Default,171,Alpha Servicing,2020-10-14,2024-07-17,Available,Legacy
L-999613,B-95696,Personal,2022-09-05,2027-08-10,248483.82,161582.7,0.0594,60,DE,Credit Card Refinancing,D,2 years,100k-150k,Charged Off,154,Delta Financial,2025-03-12,2024-05-21,Expired,Legacy
L-999447,B-84076,Mortgage,2020-08-05,2050-03-01,433943.02,114546.85,0.0795,360,WV,Debt Consolidation,A,17 years,>150k,Fully Paid,0,Beta Loan Servicers,2021-04-18,2024-04-07,Pending,Legacy
L-999653,B-73979,Auto,2022-08-12,2052-03-07,27756.3,8584.75,0.0677,360,VA,Other,E,18 years,50k-100k,Fully Paid,0,Gamma Collections,2024-02-24,2024-02-14,Missing,Manual
L-999227,B-61716,Student,2021-02-25,2050-09-21,136906.55,121403.22,0.1246,360,MT,Major Purchase,F,1 years,50k-100k,Late (16-30 days),29,Beta Loan Servicers,2023-10-08,2024-08-07,Expired,LendingWeb
L-999885,B-99006,Personal,2021-09-18,2051-04-14,296628.18,253976.96,0.0631,360,IL,Debt Consolidation,E,16 years,100k-150k,Closed,0,Alpha Servicing,2023-01-04,2024-08-19,Pending,LendingWeb
L-999237,B-54672,Mortgage,2023-11-16,2028-10-20,25415.84,4541.54,0.063,60,AK,Major Purchase,G,11 years,50k-100k,Fully Paid,0,Delta Financial,2025-01-21,2024-05-06,Expired,Manual
L-999415,B-91006,Mortgage,2022-03-24,2027-02-26,85312.37,65270.45,0.1225,60,HI,Other,D,1 years,>150k,Late (31-120 days),91,Delta Financial,2024-01-08,2024-05-25,Expired,OriginatePro
L-999331,B-18017,Student,2022-12-20,2032-10-28,406655.27,127735.13,0.0985,120,SC,Home Improvement,C,7 years,>150k,Charged Off,35,Gamma Collections,2023-12-12,2024-04-24,Missing,LendingWeb
L-999666,B-87771,Auto,2018-06-12,2048-01-06,375728.75,176673.34,0.038,360,PA,Debt Consolidation,C,15 years,<50k,Charged Off,179,Gamma Collections,2019-07-25,2024-07-06,Expired,OriginatePro
L-999883,B-55735,Student,2023-04-03,2052-10-27,59013.93,14412.3,0.043,360,MT,Major Purchase,B,12 years,100k-150k,Current,0,Gamma Collections,2024-04-17,2024-08-07,Expired,Legacy
L-999431,B-11830,Personal,2021-03-15,2026-02-17,223202.07,138498.04,0.081,60,NC,Home Improvement,A,16 years,100k-150k,Charged Off,44,Alpha Servicing,2021-07-25,2024-08-08,Available,LendingWeb
L-999147,B-53793,Student,2023-04-11,2026-03-26,243038.26,148060.64,0.1397,36,OH,Other,A,5 years,50k-100k,Late (16-30 days),30,Delta Financial,2025-12-10,2024-02-28,Missing,Legacy
L-999805,B-93233,Auto,2023-09-29,2033-08-07,101253.38,68681.05,0.1039,120,HI,Other,E,12 years,100k-150k,Late (31-120 days),108,Delta Financial,2025-12-29,2024-08-28,Missing,LendingWeb
